
          ------------
          EIGENVECTORS
          ------------

                      1          2          3          4          5
                  -20.5012   -15.6300   -15.6013   -15.5551   -11.3826
                     A          A          A          A          A   
    1  C   1  S  -0.000001   0.000001   0.000020   0.000032  -0.000147
    2  C   1  S   0.000000  -0.000003  -0.000064  -0.000100  -0.000116
    3  C   1  S   0.000196   0.000220   0.001224   0.000342   0.000393
    4  C   1  S  -0.000495  -0.000622  -0.002705  -0.000311  -0.000974
    5  C   1  S  -0.000327   0.001724   0.002604   0.002714   0.000545
    6  C   1  X   0.000014   0.000017   0.000184  -0.000177  -0.000002
    7  C   1  Y  -0.000014  -0.000012  -0.000083  -0.000166  -0.000015
    8  C   1  Z   0.000000   0.000001  -0.000006  -0.000001  -0.000000
    9  C   1  X  -0.000096  -0.000024  -0.000047  -0.001241  -0.000029
   10  C   1  Y   0.000202   0.000021   0.000003   0.000186   0.000102
   11  C   1  Z   0.000002  -0.000004   0.000074   0.000017   0.000000
   12  C   1  X  -0.000024   0.000215   0.002205  -0.001489  -0.000425
   13  C   1  Y   0.000139   0.000006  -0.000674  -0.001032   0.000283
   14  C   1  Z  -0.000006  -0.000000  -0.000171   0.000007  -0.000009
   15  C   1 XX   0.000084   0.000083   0.000654   0.000196   0.000193
   16  C   1 YY   0.000114   0.000095   0.000500   0.000025   0.000193
   17  C   1 ZZ   0.000087   0.000093   0.000582   0.000091   0.000212
   18  C   1 XY   0.000007   0.000001  -0.000111   0.000132   0.000002
   19  C   1 XZ   0.000002   0.000000   0.000023   0.000005   0.000000
   20  C   1 YZ  -0.000001   0.000000  -0.000013   0.000000   0.000001
   21  C   2  S  -0.000000  -0.000000  -0.000002   0.000000  -0.000029
   22  C   2  S  -0.000001   0.000008   0.000013   0.000004  -0.000020
   23  C   2  S   0.000319  -0.000607  -0.000020   0.000555  -0.000224
   24  C   2  S  -0.000773   0.001488   0.000012  -0.001336   0.000557
   25  C   2  S   0.000026  -0.001523  -0.000258  -0.000571  -0.000636
   26  C   2  X  -0.000006  -0.000015  -0.000010  -0.000026  -0.000001
   27  C   2  Y  -0.000008   0.000024  -0.000016   0.000009  -0.000002
   28  C   2  Z   0.000000  -0.000000   0.000002  -0.000000   0.000000
   29  C   2  X   0.000114  -0.000079   0.000077   0.000596   0.000010
   30  C   2  Y   0.000124  -0.000124  -0.000035   0.000201   0.000039
   31  C   2  Z  -0.000001   0.000001  -0.000013  -0.000000  -0.000002
   32  C   2  X  -0.000641   0.001184  -0.000654   0.001950   0.000573
   33  C   2  Y  -0.000480   0.001387   0.000555   0.000818   0.000594
   34  C   2  Z   0.000002   0.000008   0.000039   0.000010   0.000013
   35  C   2 XX   0.000155  -0.000227   0.000014   0.000256  -0.000096
   36  C   2 YY   0.000141  -0.000301   0.000050   0.000277  -0.000105
   37  C   2 ZZ   0.000157  -0.000292   0.000001   0.000296  -0.000105
   38  C   2 XY   0.000002   0.000021  -0.000044  -0.000009   0.000003
   39  C   2 XZ   0.000000   0.000000  -0.000004  -0.000002   0.000000
   40  C   2 YZ  -0.000000  -0.000000   0.000005   0.000001  -0.000000
   41  C   3  S  -0.000000   0.000023  -0.000000  -0.000001  -0.000117
   42  C   3  S  -0.000001  -0.000071  -0.000001   0.000008  -0.000099
   43  C   3  S   0.000045   0.000927  -0.000115  -0.000009   0.000165
   44  C   3  S  -0.000131  -0.001954   0.000288   0.000007  -0.000416
   45  C   3  S  -0.000366   0.002071  -0.000120   0.002662   0.000400
   46  C   3  X   0.000000  -0.000173   0.000001  -0.000000  -0.000003
   47  C   3  Y   0.000009  -0.000109  -0.000001   0.000026  -0.000002
   48  C   3  Z  -0.000000  -0.000002  -0.000001  -0.000001  -0.000000
   49  C   3  X   0.000089  -0.000100  -0.000010   0.000046   0.000045
   50  C   3  Y  -0.000054  -0.000079  -0.000025  -0.000560   0.000092
   51  C   3  Z   0.000002  -0.000000   0.000003   0.000007   0.000002
   52  C   3  X   0.000088  -0.000231  -0.000201  -0.000115  -0.000188
   53  C   3  Y   0.000196  -0.002055  -0.000852  -0.000737  -0.000685
   54  C   3  Z  -0.000003   0.000003   0.000003   0.000001  -0.000005
   55  C   3 XX   0.000030   0.000503  -0.000074   0.000046   0.000058
   56  C   3 YY   0.000020   0.000351  -0.000050   0.000019   0.000078
   57  C   3 ZZ   0.000008   0.000425  -0.000060  -0.000008   0.000082
   58  C   3 XY  -0.000005   0.000134  -0.000003   0.000008  -0.000014
   59  C   3 XZ   0.000000   0.000000  -0.000001   0.000001  -0.000000
   60  C   3 YZ  -0.000000   0.000002  -0.000002  -0.000001  -0.000000
   61  N   4  S   0.000004   0.557945  -0.000012   0.000068  -0.000104
   62  N   4  S  -0.000016   0.470312   0.000003   0.000078  -0.000149
   63  N   4  S   0.000795   0.034367  -0.000453  -0.000218   0.000613
   64  N   4  S  -0.001813   0.038822   0.001027   0.000557  -0.000992
   65  N   4  S   0.000699  -0.005276  -0.000582  -0.001110   0.000303
   66  N   4  X  -0.000007   0.000209   0.000002   0.000034   0.000022
   67  N   4  Y   0.000018   0.000214  -0.000006  -0.000003  -0.000370
   68  N   4  Z  -0.000000   0.000001  -0.000000   0.000000   0.000003
   69  N   4  X   0.000105   0.000122  -0.000004  -0.000350   0.000092
   70  N   4  Y  -0.000034  -0.000355   0.000032   0.000128  -0.000177
   71  N   4  Z   0.000001   0.000003   0.000001  -0.000005   0.000001
   72  N   4  X   0.000417  -0.000833  -0.000143  -0.001052  -0.000068
   73  N   4  Y   0.000129   0.000487  -0.000056  -0.000128  -0.000254
   74  N   4  Z   0.000003  -0.000012  -0.000014  -0.000016   0.000001
   75  N   4 XX   0.000386  -0.011494  -0.000226  -0.000083   0.000267
   76  N   4 YY   0.000415  -0.011445  -0.000225  -0.000083   0.000536
   77  N   4 ZZ   0.000394  -0.011414  -0.000224  -0.000077   0.000307
   78  N   4 XY  -0.000001   0.000054   0.000004  -0.000014  -0.000025
   79  N   4 XZ  -0.000000  -0.000002  -0.000000  -0.000000  -0.000000
   80  N   4 YZ  -0.000000   0.000000  -0.000000  -0.000000  -0.000002
   81  C   5  S   0.000019   0.000012  -0.000001   0.000019   0.576092
   82  C   5  S  -0.000155  -0.000036   0.000002  -0.000075   0.455607
   83  C   5  S  -0.000709   0.000915   0.000160  -0.000299   0.040282
   84  C   5  S   0.002351  -0.002026  -0.000412   0.001127   0.017145
   85  C   5  S   0.000392   0.001653   0.000569   0.000879  -0.000752
   86  C   5  X  -0.000167  -0.000007   0.000004   0.000168   0.000278
   87  C   5  Y  -0.000102   0.000124  -0.000007  -0.000087   0.000739
   88  C   5  Z  -0.000000  -0.000001   0.000001   0.000002  -0.000005
   89  C   5  X  -0.000685   0.000155   0.000055   0.001249  -0.000334
   90  C   5  Y  -0.000375   0.000166   0.000034   0.000294  -0.000850
   91  C   5  Z  -0.000002  -0.000000  -0.000004   0.000012   0.000007
   92  C   5  X  -0.001162   0.000193   0.000280   0.000806   0.000174
   93  C   5  Y  -0.000713   0.000591  -0.000143  -0.000537  -0.000259
   94  C   5  Z  -0.000003   0.000002   0.000046   0.000030   0.000010
   95  C   5 XX  -0.000399   0.000293   0.000093  -0.000011  -0.006149
   96  C   5 YY  -0.000485   0.000551   0.000084  -0.000279  -0.006375
   97  C   5 ZZ  -0.000510   0.000479   0.000073  -0.000198  -0.006668
   98  C   5 XY   0.000096  -0.000032  -0.000007  -0.000107   0.000083
   99  C   5 XZ   0.000000  -0.000002   0.000002   0.000004   0.000005
  100  C   5 YZ   0.000000  -0.000001   0.000000   0.000001  -0.000002
  101  N   6  S   0.000003  -0.000072  -0.000134   0.558052  -0.000126
  102  N   6  S  -0.000011  -0.000028  -0.000105   0.470536  -0.000142
  103  N   6  S   0.000632  -0.000826   0.000128   0.034057  -0.000122
  104  N   6  S  -0.001453   0.001782  -0.000333   0.038658   0.000586
  105  N   6  S   0.000779  -0.000744  -0.000025  -0.007512  -0.000516
  106  N   6  X   0.000012  -0.000000  -0.000011  -0.000090  -0.000316
  107  N   6  Y  -0.000011  -0.000024   0.000018   0.002371   0.000173
  108  N   6  Z   0.000000  -0.000000   0.000003  -0.000040  -0.000006
  109  N   6  X  -0.000020  -0.000020   0.000128   0.000187  -0.000219
  110  N   6  Y   0.000074   0.000108  -0.000040  -0.002224   0.000130
  111  N   6  Z  -0.000002   0.000001  -0.000020   0.000039  -0.000001
  112  N   6  X   0.000373  -0.000081  -0.000175  -0.000225   0.000575
  113  N   6  Y   0.000233  -0.000327   0.000095   0.000130  -0.000092
  114  N   6  Z  -0.000002   0.000000   0.000025  -0.000011  -0.000000
  115  N   6 XX   0.000330  -0.000392   0.000129  -0.011308   0.000130
  116  N   6 YY   0.000331  -0.000373   0.000071  -0.011252  -0.000049
  117  N   6 ZZ   0.000309  -0.000417   0.000079  -0.011318  -0.000083
  118  N   6 XY  -0.000017  -0.000027   0.000012   0.000031  -0.000176
  119  N   6 XZ   0.000000   0.000000  -0.000006  -0.000001   0.000004
  120  N   6 YZ  -0.000001  -0.000000  -0.000000   0.000004  -0.000002
  121  O   7  S   0.549391  -0.000001  -0.000001   0.000001  -0.000174
  122  O   7  S   0.478794   0.000029   0.000005   0.000016  -0.000164
  123  O   7  S   0.032213  -0.000570  -0.000185  -0.000354  -0.000536
  124  O   7  S   0.041727   0.001189   0.000405   0.000699   0.001536
  125  O   7  S  -0.004311  -0.000117  -0.000117   0.000479  -0.000607
  126  O   7  X   0.001480  -0.000002  -0.000003  -0.000047   0.000453
  127  O   7  Y   0.000952  -0.000029   0.000002   0.000000   0.000263
  128  O   7  Z   0.000004  -0.000000  -0.000002  -0.000001   0.000001
  129  O   7  X  -0.001113   0.000107   0.000016   0.000251   0.000419
  130  O   7  Y  -0.000709   0.000152  -0.000006   0.000070   0.000236
  131  O   7  Z  -0.000003   0.000001   0.000010   0.000005   0.000002
  132  O   7  X   0.000079  -0.000077  -0.000101  -0.000123  -0.000394
  133  O   7  Y   0.000092  -0.000201   0.000026   0.000172  -0.000128
  134  O   7  Z   0.000001  -0.000002  -0.000026  -0.000012  -0.000005
  135  O   7 XX  -0.012338  -0.000266  -0.000096  -0.000139   0.000030
  136  O   7 YY  -0.012243  -0.000246  -0.000091  -0.000195  -0.000260
  137  O   7 ZZ  -0.012424  -0.000284  -0.000092  -0.000192  -0.000314
  138  O   7 XY  -0.000086   0.000033  -0.000000   0.000003   0.000272
  139  O   7 XZ   0.000002  -0.000000  -0.000000   0.000001   0.000001
  140  O   7 YZ  -0.000002  -0.000000   0.000000  -0.000000   0.000002
  141  N   8  S  -0.000000   0.000009   0.557925   0.000133  -0.000001
  142  N   8  S   0.000003   0.000019   0.470257   0.000139  -0.000003
  143  N   8  S  -0.000140  -0.000419   0.035104  -0.000721   0.000091
  144  N   8  S   0.000300   0.000943   0.037422   0.001560  -0.000208
  145  N   8  S   0.000130  -0.000524  -0.005080   0.000166   0.000252
  146  N   8  X   0.000007   0.000001  -0.000125   0.000029   0.000001
  147  N   8  Y  -0.000001  -0.000000   0.000118  -0.000005   0.000003
  148  N   8  Z  -0.000001   0.000002   0.000568  -0.000002   0.000000
  149  N   8  X  -0.000075  -0.000020  -0.000241  -0.000307  -0.000039
  150  N   8  Y   0.000008   0.000009   0.000071   0.000160  -0.000003
  151  N   8  Z   0.000006  -0.000008  -0.000452   0.000017   0.000007
  152  N   8  X  -0.000019   0.000200   0.000799   0.000269   0.000112
  153  N   8  Y   0.000045  -0.000048  -0.000293   0.000258   0.000142
  154  N   8  Z   0.000002   0.000002   0.000177   0.000002   0.000012
  155  N   8 XX  -0.000063  -0.000206  -0.011166  -0.000293   0.000052
  156  N   8 YY  -0.000072  -0.000212  -0.011235  -0.000391   0.000048
  157  N   8 ZZ  -0.000076  -0.000212  -0.011041  -0.000390   0.000042
  158  N   8 XY  -0.000007  -0.000005  -0.000047  -0.000006   0.000001
  159  N   8 XZ  -0.000001  -0.000001  -0.000027  -0.000004   0.000001
  160  N   8 YZ   0.000000   0.000000  -0.000009   0.000006   0.000002
  161  H   9  S  -0.000002  -0.000022  -0.000008   0.000017  -0.000003
  162  H   9  S  -0.000026   0.000116   0.000021  -0.000245  -0.000003
  163  H   9  S   0.000582  -0.001077   0.000152  -0.001179  -0.000471
  164  H   9  X   0.000004   0.000001  -0.000005   0.000022   0.000007
  165  H   9  Y   0.000002   0.000009   0.000004   0.000020   0.000003
  166  H   9  Z   0.000000  -0.000000   0.000000  -0.000000  -0.000000
  167  H  10  S  -0.000000   0.000032  -0.000011   0.000028  -0.000000
  168  H  10  S   0.000045  -0.000017   0.000030  -0.000021  -0.000021
  169  H  10  S  -0.000085   0.001111   0.000478   0.000308   0.000432
  170  H  10  X   0.000000  -0.000009  -0.000001   0.000001   0.000001
  171  H  10  Y  -0.000007  -0.000057   0.000001  -0.000011   0.000003
  172  H  10  Z   0.000000   0.000000  -0.000001  -0.000000   0.000000
  173  H  11  S  -0.000001   0.000287  -0.000007   0.000005   0.000014
  174  H  11  S   0.000122   0.000169   0.000027  -0.000331  -0.000006
  175  H  11  S   0.000012  -0.000245  -0.000021  -0.000132   0.000044
  176  H  11  X   0.000029   0.000217   0.000002  -0.000050  -0.000007
  177  H  11  Y  -0.000012  -0.000073   0.000001   0.000028   0.000003
  178  H  11  Z   0.000000   0.000003   0.000000  -0.000001  -0.000000
  179  H  12  S   0.000003  -0.000005   0.000278  -0.000000   0.000012
  180  H  12  S  -0.000009   0.000029   0.000308  -0.000063  -0.000090
  181  H  12  S   0.000006  -0.000126  -0.000261   0.000011  -0.000023
  182  H  12  X   0.000002  -0.000003  -0.000170   0.000007   0.000005
  183  H  12  Y  -0.000004  -0.000003  -0.000130  -0.000005   0.000002
  184  H  12  Z  -0.000002   0.000000  -0.000025   0.000006   0.000004
  185  H  13  S   0.000002  -0.000006   0.000260  -0.000023  -0.000002
  186  H  13  S  -0.000023   0.000049   0.000345   0.000135   0.000012
  187  H  13  S   0.000064  -0.000068  -0.000238   0.000007   0.000090
  188  H  13  X   0.000006   0.000002  -0.000019   0.000005   0.000005
  189  H  13  Y  -0.000004   0.000003   0.000231   0.000029  -0.000007
  190  H  13  Z  -0.000001  -0.000000  -0.000000  -0.000009  -0.000002

                      6          7          8          9         10
                  -11.3690   -11.3415   -11.2590    -1.3727    -1.2896
                     A          A          A          A          A   
    1  C   1  S   0.576008  -0.000019  -0.002282  -0.018807   0.059351
    2  C   1  S   0.455535   0.000001  -0.001871  -0.030024   0.095791
    3  C   1  S   0.039401   0.000595   0.001446   0.013330  -0.080830
    4  C   1  S   0.019847  -0.001387  -0.003519   0.070065  -0.132637
    5  C   1  S  -0.002787   0.000437   0.001814  -0.004597  -0.074552
    6  C   1  X   0.000533  -0.000011  -0.000029  -0.018716  -0.012943
    7  C   1  Y  -0.000340   0.000055   0.000386  -0.009024   0.030213
    8  C   1  Z  -0.000035  -0.000000   0.000002  -0.000096   0.000931
    9  C   1  X  -0.000637   0.000008   0.000237  -0.007216  -0.007135
   10  C   1  Y   0.000469  -0.000116  -0.000099  -0.002255   0.005927
   11  C   1  Z   0.000029  -0.000003  -0.000004   0.000042  -0.000089
   12  C   1  X   0.000529   0.000331   0.000204   0.006974   0.013386
   13  C   1  Y  -0.000525   0.000405   0.000754   0.005446   0.006077
   14  C   1  Z  -0.000022   0.000008  -0.000003  -0.000120  -0.000782
   15  C   1 XX  -0.006697   0.000314   0.000674   0.007268  -0.037434
   16  C   1 YY  -0.006736   0.000340   0.001010   0.002757  -0.027158
   17  C   1 ZZ  -0.007314   0.000346   0.000803  -0.002393  -0.011499
   18  C   1 XY   0.000035  -0.000036  -0.000015   0.001823   0.001435
   19  C   1 XZ  -0.000002  -0.000001   0.000002  -0.000068   0.000333
   20  C   1 YZ   0.000003  -0.000000   0.000001   0.000030  -0.000162
   21  C   2  S   0.002134   0.004740   0.575773  -0.010434   0.026380
   22  C   2  S   0.001647   0.003709   0.455213  -0.016554   0.041954
   23  C   2  S   0.001493   0.001801   0.039146   0.007229  -0.031538
   24  C   2  S  -0.002823  -0.003035   0.022318   0.035704  -0.059947
   25  C   2  S   0.000654   0.000557  -0.003691   0.022719  -0.055154
   26  C   2  X   0.000007  -0.000427  -0.000106  -0.013053   0.015780
   27  C   2  Y  -0.000373   0.000181  -0.000224  -0.006703   0.024735
   28  C   2  Z   0.000000  -0.000005   0.000009  -0.000146   0.000297
   29  C   2  X   0.000210   0.000150  -0.000516  -0.008965   0.010964
   30  C   2  Y   0.000171  -0.000157   0.000009  -0.003281   0.015478
   31  C   2  Z  -0.000004   0.000005  -0.000011  -0.000124   0.000169
   32  C   2  X  -0.000414  -0.000734   0.000711  -0.005877  -0.002209
   33  C   2  Y  -0.000810   0.000154   0.000602  -0.008073   0.002399
   34  C   2  Z   0.000008  -0.000014   0.000012   0.000137   0.000030
   35  C   2 XX   0.000519   0.000934  -0.007347   0.003173  -0.011679
   36  C   2 YY   0.000917   0.000578  -0.007406   0.002085  -0.014321
   37  C   2 ZZ   0.000645   0.000681  -0.007659  -0.000884  -0.004660
   38  C   2 XY  -0.000034  -0.000236  -0.000133  -0.000473   0.001575
   39  C   2 XZ   0.000000   0.000003   0.000004   0.000060  -0.000129
   40  C   2 YZ   0.000001  -0.000002  -0.000000   0.000002  -0.000016
   41  C   3  S  -0.000001   0.575899  -0.004971  -0.022181   0.029691
   42  C   3  S   0.000009   0.455412  -0.004002  -0.035518   0.047883
   43  C   3  S   0.000239   0.039503   0.001472   0.021080  -0.037268
   44  C   3  S  -0.000475   0.020309  -0.004090   0.067460  -0.070174
   45  C   3  S   0.000169  -0.002749   0.001801   0.008276  -0.028685
   46  C   3  X   0.000046  -0.000802   0.000423  -0.024841   0.015161
   47  C   3  Y  -0.000022  -0.000280  -0.000192  -0.028515   0.033191
   48  C   3  Z   0.000001  -0.000009   0.000005  -0.000133   0.000058
   49  C   3  X  -0.000035   0.000870  -0.000185  -0.012478   0.002221
   50  C   3  Y  -0.000081  -0.000217   0.000210  -0.010383   0.010951
   51  C   3  Z   0.000001   0.000010  -0.000002  -0.000085  -0.000016
   52  C   3  X   0.000427  -0.000318   0.000214   0.004665   0.004959
   53  C   3  Y  -0.000145  -0.000095  -0.000988   0.025671  -0.019460
   54  C   3  Z   0.000002   0.000000   0.000004  -0.000118   0.000238
   55  C   3 XX   0.000120  -0.006754   0.001083   0.009330  -0.016312
   56  C   3 YY   0.000157  -0.006994   0.000819   0.006538  -0.012057
   57  C   3 ZZ   0.000165  -0.007405   0.000950  -0.000372  -0.004543
   58  C   3 XY  -0.000043   0.000001  -0.000182   0.005037  -0.002658
   59  C   3 XZ   0.000000   0.000007   0.000002   0.000092  -0.000127
   60  C   3 YZ  -0.000001  -0.000002  -0.000002   0.000021  -0.000005
   61  N   4  S  -0.000002  -0.000145   0.000002  -0.051547   0.035514
   62  N   4  S   0.000026  -0.000222   0.000034  -0.085884   0.059784
   63  N   4  S  -0.000800   0.001445  -0.000861   0.013302  -0.015493
   64  N   4  S   0.001771  -0.002652   0.001937   0.249282  -0.159423
   65  N   4  S  -0.000473   0.000516  -0.000777   0.103820  -0.088405
   66  N   4  X  -0.000009   0.000386  -0.000007   0.009949  -0.028184
   67  N   4  Y   0.000013   0.000257   0.000016  -0.023405  -0.015053
   68  N   4  Z   0.000000   0.000003  -0.000000   0.000326  -0.000212
   69  N   4  X   0.000055  -0.000102   0.000147   0.008760  -0.022441
   70  N   4  Y  -0.000102   0.000049  -0.000055  -0.021105  -0.011395
   71  N   4  Z   0.000001  -0.000001   0.000001   0.000278  -0.000170
   72  N   4  X  -0.000433  -0.000154  -0.000259   0.007305  -0.008811
   73  N   4  Y   0.000425   0.000512  -0.000091   0.005986   0.000278
   74  N   4  Z  -0.000006  -0.000005  -0.000001   0.000067  -0.000196
   75  N   4 XX  -0.000384   0.000831  -0.000389  -0.003269  -0.003847
   76  N   4 YY  -0.000383   0.000730  -0.000432   0.003050   0.000122
   77  N   4 ZZ  -0.000400   0.000741  -0.000417  -0.012231   0.005343
   78  N   4 XY  -0.000017   0.000101   0.000004   0.001700  -0.001046
   79  N   4 XZ   0.000000   0.000001   0.000000   0.000109  -0.000116
   80  N   4 YZ  -0.000000   0.000001  -0.000000  -0.000102   0.000019
   81  C   5  S   0.000150   0.000124   0.000029  -0.071569  -0.009723
   82  C   5  S   0.000129   0.000100   0.000026  -0.115757  -0.016442
   83  C   5  S   0.000500   0.000168   0.000088   0.112808   0.030233
   84  C   5  S  -0.001096  -0.000360  -0.000200   0.124332  -0.016160
   85  C   5  S   0.000979   0.000717   0.000237   0.093081   0.051423
   86  C   5  X   0.000055   0.000000   0.000000  -0.071691  -0.106322
   87  C   5  Y   0.000001   0.000018   0.000003  -0.025033  -0.060382
   88  C   5  Z   0.000001  -0.000000  -0.000000  -0.000216  -0.000420
   89  C   5  X  -0.000167   0.000009  -0.000143  -0.013649  -0.037275
   90  C   5  Y  -0.000125   0.000028  -0.000063   0.004341  -0.024137
   91  C   5  Z  -0.000001   0.000000  -0.000001  -0.000118  -0.000143
   92  C   5  X   0.000222   0.000080   0.000249   0.000613   0.014262
   93  C   5  Y   0.000196   0.000032  -0.000144   0.004444  -0.009393
   94  C   5  Z   0.000000  -0.000003   0.000004  -0.000045   0.000500
   95  C   5 XX   0.000291   0.000066   0.000038   0.051085   0.016140
   96  C   5 YY   0.000233   0.000094   0.000034   0.039029   0.004901
   97  C   5 ZZ   0.000287   0.000090   0.000053   0.018389   0.009284
   98  C   5 XY   0.000002   0.000014   0.000018   0.011929   0.012521
   99  C   5 XZ   0.000001  -0.000001  -0.000000   0.000225  -0.000060
  100  C   5 YZ   0.000000   0.000000   0.000000  -0.000107   0.000142
  101  N   6  S  -0.000167   0.000000   0.000001  -0.031118   0.038141
  102  N   6  S  -0.000205   0.000008   0.000019  -0.051855   0.064082
  103  N   6  S   0.000967  -0.000120  -0.000405   0.013322  -0.019113
  104  N   6  S  -0.001779   0.000270   0.000899   0.136766  -0.162426
  105  N   6  S   0.000168  -0.000106  -0.000123   0.066688  -0.093558
  106  N   6  X   0.000329   0.000006   0.000017  -0.017037  -0.033115
  107  N   6  Y   0.000279  -0.000007  -0.000025   0.027909  -0.040686
  108  N   6  Z  -0.000002   0.000000  -0.000000  -0.000624   0.000647
  109  N   6  X   0.000210  -0.000021  -0.000051  -0.015189  -0.023423
  110  N   6  Y   0.000047   0.000054   0.000172   0.021150  -0.031434
  111  N   6  Z  -0.000005  -0.000002  -0.000002  -0.000494   0.000525
  112  N   6  X  -0.000030   0.000131   0.000197   0.008464   0.015793
  113  N   6  Y  -0.000020  -0.000188  -0.000183   0.000213  -0.000776
  114  N   6  Z   0.000007   0.000004   0.000002   0.000070   0.000281
  115  N   6 XX   0.000641  -0.000052  -0.000206   0.005774  -0.004071
  116  N   6 YY   0.000545  -0.000048  -0.000165  -0.000472  -0.002918
  117  N   6 ZZ   0.000493  -0.000052  -0.000196  -0.005011   0.005113
  118  N   6 XY   0.000232  -0.000001   0.000010  -0.001641  -0.004002
  119  N   6 XZ  -0.000003   0.000000   0.000000   0.000103   0.000068
  120  N   6 YZ  -0.000002  -0.000000  -0.000000  -0.000117   0.000189
  121  O   7  S  -0.000002  -0.000002   0.000000  -0.082221  -0.058937
  122  O   7  S   0.000007   0.000005  -0.000002  -0.140847  -0.101072
  123  O   7  S  -0.000254  -0.000217   0.000050   0.006150  -0.001499
  124  O   7  S   0.000572   0.000478  -0.000105   0.455700   0.342388
  125  O   7  S  -0.000325  -0.000157  -0.000066   0.200792   0.143710
  126  O   7  X   0.000010  -0.000000  -0.000000   0.070996   0.041041
  127  O   7  Y   0.000001   0.000007   0.000003   0.046721   0.025192
  128  O   7  Z   0.000000   0.000000  -0.000000   0.000208   0.000105
  129  O   7  X  -0.000039   0.000008  -0.000015   0.050597   0.030513
  130  O   7  Y  -0.000020  -0.000004  -0.000023   0.033856   0.019613
  131  O   7  Z   0.000000  -0.000001   0.000000   0.000148   0.000132
  132  O   7  X  -0.000141  -0.000072  -0.000066  -0.001278  -0.008673
  133  O   7  Y  -0.000077  -0.000002   0.000009   0.000171  -0.001070
  134  O   7  Z  -0.000000   0.000001  -0.000001   0.000017  -0.000205
  135  O   7 XX  -0.000135  -0.000111   0.000021  -0.014603  -0.014386
  136  O   7 YY  -0.000123  -0.000105   0.000026  -0.023387  -0.019944
  137  O   7 ZZ  -0.000121  -0.000108   0.000026  -0.028991  -0.023686
  138  O   7 XY  -0.000011  -0.000001  -0.000003   0.010379   0.006420
  139  O   7 XZ   0.000000  -0.000000  -0.000000   0.000052   0.000032
  140  O   7 YZ   0.000000  -0.000000  -0.000000   0.000031   0.000013
  141  N   8  S  -0.000136  -0.000002   0.000003  -0.009024   0.062789
  142  N   8  S  -0.000202   0.000007   0.000016  -0.015134   0.105396
  143  N   8  S   0.001192  -0.000322  -0.000200   0.003155  -0.019715
  144  N   8  S  -0.002159   0.000735   0.000463   0.041805  -0.297801
  145  N   8  S   0.000613  -0.000301  -0.000479   0.020109  -0.141627
  146  N   8  X  -0.000385  -0.000011  -0.000013  -0.007640   0.030652
  147  N   8  Y   0.000180  -0.000002  -0.000007   0.002496  -0.014003
  148  N   8  Z   0.000020  -0.000000   0.000002   0.001323  -0.010102
  149  N   8  X  -0.000131   0.000044   0.000043  -0.005127   0.024967
  150  N   8  Y  -0.000002   0.000025   0.000035   0.001765  -0.011052
  151  N   8  Z   0.000002   0.000005  -0.000006   0.000955  -0.007824
  152  N   8  X  -0.000083  -0.000039   0.000103  -0.000421  -0.003241
  153  N   8  Y   0.000003  -0.000155  -0.000222  -0.000109  -0.001353
  154  N   8  Z   0.000032  -0.000019  -0.000004   0.000402  -0.000456
  155  N   8 XX   0.000756  -0.000173  -0.000094   0.000579  -0.001889
  156  N   8 YY   0.000575  -0.000152  -0.000077  -0.000644   0.003601
  157  N   8 ZZ   0.000611  -0.000159  -0.000081  -0.001712   0.013137
  158  N   8 XY  -0.000101   0.000004  -0.000014  -0.000465   0.003319
  159  N   8 XZ  -0.000014   0.000001   0.000001  -0.000005  -0.000312
  160  N   8 YZ   0.000001   0.000000   0.000001   0.000056  -0.000572
  161  H   9  S   0.000032   0.000046   0.000386   0.002383  -0.009460
  162  H   9  S  -0.000097   0.000056   0.000331   0.003539  -0.012165
  163  H   9  S   0.000512   0.000318  -0.000333   0.000946   0.002961
  164  H   9  X   0.000018  -0.000060  -0.000206  -0.000413   0.001443
  165  H   9  Y  -0.000031   0.000026  -0.000151  -0.000251   0.001225
  166  H   9  Z   0.000000  -0.000000  -0.000000  -0.000002   0.000001
  167  H  10  S   0.000008   0.000395   0.000043   0.006492  -0.010216
  168  H  10  S  -0.000010   0.000285  -0.000118   0.007474  -0.012335
  169  H  10  S   0.000224   0.000285   0.000549  -0.018800   0.016429
  170  H  10  X   0.000003  -0.000003   0.000041  -0.000010   0.000066
  171  H  10  Y   0.000009  -0.000255  -0.000016  -0.001112   0.002119
  172  H  10  Z   0.000000   0.000001   0.000000   0.000006  -0.000009
  173  H  11  S   0.000020   0.000011   0.000009   0.030547  -0.019814
  174  H  11  S  -0.000147  -0.000246   0.000058   0.027906  -0.020407
  175  H  11  S  -0.000130  -0.000233   0.000033  -0.000885   0.005612
  176  H  11  X  -0.000011  -0.000039   0.000008   0.005651  -0.003817
  177  H  11  Y   0.000006   0.000025   0.000002  -0.002529   0.001224
  178  H  11  Z  -0.000000  -0.000001   0.000000   0.000081  -0.000048
  179  H  12  S   0.000021  -0.000012  -0.000016   0.005049  -0.042164
  180  H  12  S  -0.000038   0.000038   0.000061   0.003912  -0.035387
  181  H  12  S  -0.000086   0.000067  -0.000114  -0.001911   0.001349
  182  H  12  X   0.000003   0.000008   0.000004  -0.000943   0.006665
  183  H  12  Y   0.000014   0.000006   0.000006  -0.000426   0.004025
  184  H  12  Z  -0.000000   0.000000  -0.000001  -0.000159   0.001350
  185  H  13  S   0.000016   0.000000   0.000009   0.005438  -0.040864
  186  H  13  S  -0.000102  -0.000016  -0.000002   0.003795  -0.034146
  187  H  13  S  -0.000147  -0.000027   0.000023  -0.000484   0.001496
  188  H  13  X  -0.000002  -0.000001  -0.000005  -0.000148   0.001051
  189  H  13  Y  -0.000020  -0.000004  -0.000002   0.001019  -0.007639
  190  H  13  Z   0.000001   0.000002   0.000001  -0.000079   0.000529

                     11         12         13         14         15
                   -1.2638    -1.1738    -1.0617    -0.9024    -0.8753
                     A          A          A          A          A   
    1  C   1  S   0.037160  -0.021575  -0.022371   0.057845  -0.039227
    2  C   1  S   0.060094  -0.035136  -0.036261   0.095262  -0.065109
    3  C   1  S  -0.052579   0.029646   0.020658  -0.059707   0.060927
    4  C   1  S  -0.079176   0.047866   0.076546  -0.196755   0.088257
    5  C   1  S  -0.053944   0.035068   0.028515  -0.141473   0.123429
    6  C   1  X  -0.040563  -0.152926   0.000903  -0.038974  -0.031199
    7  C   1  Y   0.041515  -0.023468   0.106293  -0.086962  -0.126004
    8  C   1  Z   0.000912   0.001302  -0.000033   0.002327  -0.002285
    9  C   1  X  -0.014987  -0.072503  -0.001512  -0.014719  -0.014681
   10  C   1  Y   0.013442  -0.004902   0.059535  -0.053409  -0.070479
   11  C   1  Z   0.000098   0.000726   0.000461  -0.000305  -0.000479
   12  C   1  X   0.000854   0.011951  -0.016585   0.016787  -0.024826
   13  C   1  Y  -0.011582   0.027104  -0.000229   0.003949  -0.019354
   14  C   1  Z  -0.000617  -0.000920   0.000194  -0.001821   0.001074
   15  C   1 XX  -0.027092   0.009877  -0.002980  -0.013784   0.024762
   16  C   1 YY  -0.014566   0.011536   0.017671  -0.026325   0.019856
   17  C   1 ZZ  -0.008008   0.004851   0.001180  -0.005037   0.012577
   18  C   1 XY   0.002841   0.019548  -0.002996  -0.000652   0.006969
   19  C   1 XZ   0.000305   0.000165   0.000091   0.000448  -0.000683
   20  C   1 YZ  -0.000169  -0.000170   0.000010  -0.000312   0.000189
   21  C   2  S  -0.005011  -0.003994  -0.086958   0.026287   0.033406
   22  C   2  S  -0.008062  -0.006384  -0.140585   0.042720   0.054758
   23  C   2  S   0.006410  -0.000079   0.080372  -0.024949  -0.029340
   24  C   2  S   0.009971   0.020459   0.268407  -0.083573  -0.110370
   25  C   2  S   0.023541  -0.008075   0.162178  -0.052207  -0.059063
   26  C   2  X  -0.031184  -0.007735  -0.060195  -0.087081   0.000264
   27  C   2  Y   0.022432  -0.014955   0.008695   0.118615  -0.020826
   28  C   2  Z  -0.000248   0.000104  -0.001035  -0.000262  -0.000163
   29  C   2  X  -0.017127   0.000813  -0.027317  -0.057535  -0.006825
   30  C   2  Y   0.012617  -0.009308  -0.005136   0.066807  -0.011233
   31  C   2  Z  -0.000091  -0.000110  -0.000256  -0.000095  -0.000584
   32  C   2  X   0.003179  -0.012924   0.031514  -0.022609  -0.000496
   33  C   2  Y  -0.010846   0.014277   0.018588  -0.023074   0.004407
   34  C   2  Z  -0.000022   0.000406   0.000177   0.000434  -0.000682
   35  C   2 XX   0.007675  -0.002858   0.028421   0.003786  -0.011173
   36  C   2 YY  -0.003279   0.002170   0.024639  -0.022201  -0.006320
   37  C   2 ZZ   0.001205  -0.001841   0.004818  -0.001334  -0.000483
   38  C   2 XY   0.000244   0.003275  -0.007219  -0.004956   0.000789
   39  C   2 XZ   0.000050  -0.000021   0.000339   0.000010  -0.000128
   40  C   2 YZ  -0.000016   0.000012  -0.000066  -0.000182   0.000152
   41  C   3  S  -0.044978   0.013172  -0.061397  -0.061704  -0.020862
   42  C   3  S  -0.072667   0.021427  -0.100167  -0.101712  -0.034499
   43  C   3  S   0.065372  -0.025620   0.061559   0.061011   0.024313
   44  C   3  S   0.086910  -0.009782   0.193513   0.207524   0.062851
   45  C   3  S   0.054226  -0.031900   0.137150   0.130643   0.043717
   46  C   3  X  -0.058849   0.034433   0.118400  -0.017490  -0.120753
   47  C   3  Y  -0.045660   0.004752  -0.019171   0.038020   0.050694
   48  C   3  Z  -0.000387   0.000346   0.001233   0.000013  -0.001649
   49  C   3  X  -0.024071   0.017072   0.055026  -0.023058  -0.063903
   50  C   3  Y  -0.014299  -0.000144  -0.010291   0.029011   0.037504
   51  C   3  Z  -0.000193   0.000244   0.000561  -0.000164  -0.000852
   52  C   3  X   0.005502  -0.009752  -0.012612   0.002038  -0.016191
   53  C   3  Y   0.012192   0.003984  -0.008439   0.024603  -0.000631
   54  C   3  Z   0.000208  -0.000262  -0.000107   0.000039   0.000010
   55  C   3 XX   0.030747  -0.012042   0.022837   0.018829   0.010743
   56  C   3 YY   0.021222  -0.008568   0.015991   0.018973   0.006820
   57  C   3 ZZ   0.010809  -0.006134   0.005231   0.003365   0.001854
   58  C   3 XY   0.010013  -0.004896  -0.013565   0.003100   0.006361
   59  C   3 XZ   0.000201  -0.000039   0.000251   0.000211   0.000093
   60  C   3 YZ   0.000051  -0.000056  -0.000172  -0.000069   0.000076
   61  N   4  S  -0.078474   0.030140   0.036171   0.022005  -0.006881
   62  N   4  S  -0.131607   0.050815   0.061361   0.037298  -0.012434
   63  N   4  S   0.014685  -0.005730  -0.008375   0.005887   0.016709
   64  N   4  S   0.397903  -0.155043  -0.185791  -0.140523   0.002831
   65  N   4  S   0.177085  -0.071667  -0.103464  -0.065855   0.028043
   66  N   4  X   0.028412   0.010060   0.062175   0.121528  -0.022807
   67  N   4  Y   0.024855  -0.026481   0.040904   0.084178   0.199264
   68  N   4  Z   0.000195   0.000250   0.000395   0.000974  -0.001588
   69  N   4  X   0.025786   0.005350   0.042378   0.085392  -0.016415
   70  N   4  Y   0.013768  -0.017400   0.032260   0.061679   0.151075
   71  N   4  Z   0.000241   0.000137   0.000260   0.000670  -0.001203
   72  N   4  X   0.010090  -0.003172  -0.002327   0.011721  -0.001932
   73  N   4  Y   0.006882  -0.004476  -0.012242  -0.005054   0.018744
   74  N   4  Z  -0.000025  -0.000034   0.000016   0.000066  -0.000087
   75  N   4 XX  -0.003924   0.001666   0.008120   0.010903   0.014244
   76  N   4 YY  -0.007463   0.003979  -0.001456   0.004926  -0.002783
   77  N   4 ZZ  -0.021245   0.007947   0.008444   0.010604   0.005432
   78  N   4 XY   0.003074  -0.003325   0.006307   0.009181   0.007978
   79  N   4 XZ   0.000213  -0.000062  -0.000049  -0.000031   0.000055
   80  N   4 YZ  -0.000062  -0.000008   0.000140   0.000145   0.000163
   81  C   5  S   0.003948  -0.019719   0.021988  -0.005007   0.059444
   82  C   5  S   0.006775  -0.031893   0.035920  -0.008467   0.098432
   83  C   5  S  -0.007016   0.025892  -0.037589   0.013876  -0.069758
   84  C   5  S  -0.006423   0.049336  -0.037335  -0.002545  -0.190350
   85  C   5  S  -0.010335   0.045549  -0.055805   0.043013  -0.142440
   86  C   5  X   0.033366   0.120233  -0.049260   0.080724  -0.082394
   87  C   5  Y   0.094320  -0.037655  -0.052355  -0.105487  -0.074055
   88  C   5  Z  -0.000445   0.001553  -0.000091   0.001970  -0.000681
   89  C   5  X   0.007409   0.057942  -0.024697   0.044254  -0.059006
   90  C   5  Y   0.037215  -0.014894  -0.027940  -0.054397  -0.044026
   91  C   5  Z  -0.000292   0.000715   0.000036   0.000969  -0.000439
   92  C   5  X  -0.004417   0.008739  -0.008122   0.020471  -0.028078
   93  C   5  Y   0.004771  -0.002825  -0.015869  -0.018186  -0.008016
   94  C   5  Z   0.000068   0.000314   0.000016   0.000819  -0.000708
   95  C   5 XX  -0.014779   0.021042  -0.010215   0.013860  -0.018397
   96  C   5 YY   0.012670   0.000386  -0.020802  -0.004225  -0.030433
   97  C   5 ZZ  -0.001106   0.003902  -0.008838   0.004767  -0.008641
   98  C   5 XY  -0.006285  -0.010571   0.010196  -0.001207   0.009409
   99  C   5 XZ  -0.000073   0.000349  -0.000113   0.000181  -0.000295
  100  C   5 YZ  -0.000151  -0.000090   0.000189   0.000067   0.000314
  101  N   6  S   0.021668  -0.082679   0.023326  -0.027660  -0.012522
  102  N   6  S   0.036094  -0.139075   0.039339  -0.046801  -0.021451
  103  N   6  S  -0.000289   0.020155  -0.002375  -0.001950   0.002353
  104  N   6  S  -0.117783   0.406430  -0.125121   0.162383   0.068220
  105  N   6  S  -0.037397   0.184612  -0.053970   0.070103   0.029549
  106  N   6  X  -0.018297  -0.000760   0.020177  -0.079916   0.167439
  107  N   6  Y  -0.008574   0.071182  -0.005851  -0.015830  -0.014799
  108  N   6  Z   0.000372  -0.001043   0.000448  -0.000064   0.000051
  109  N   6  X  -0.011044  -0.005185   0.016308  -0.057134   0.113607
  110  N   6  Y  -0.007755   0.055535  -0.007808  -0.007321  -0.012543
  111  N   6  Z   0.000251  -0.000886   0.000232   0.000165  -0.000246
  112  N   6  X  -0.008014   0.025027   0.004355   0.024178  -0.016583
  113  N   6  Y   0.001441  -0.007980   0.009249  -0.006871  -0.003960
  114  N   6  Z   0.000175   0.000450  -0.000142   0.000762  -0.000048
  115  N   6 XX  -0.000210  -0.002430   0.000883  -0.001961  -0.000136
  116  N   6 YY   0.007111  -0.006975   0.006105  -0.011583  -0.005250
  117  N   6 ZZ   0.007462  -0.021198   0.007048  -0.010497  -0.002054
  118  N   6 XY  -0.003565   0.001403   0.004430  -0.009296   0.020526
  119  N   6 XZ   0.000037   0.000104  -0.000086   0.000300  -0.000483
  120  N   6 YZ   0.000045  -0.000282   0.000058   0.000057   0.000001
  121  O   7  S   0.038291   0.020059  -0.022817  -0.002167  -0.031178
  122  O   7  S   0.065894   0.034747  -0.039718  -0.003611  -0.054767
  123  O   7  S  -0.002207  -0.004548   0.003662  -0.005053   0.005243
  124  O   7  S  -0.216127  -0.107094   0.127045   0.024142   0.177918
  125  O   7  S  -0.100418  -0.053423   0.067782   0.005705   0.109261
  126  O   7  X  -0.028571  -0.000282   0.001487   0.019437  -0.039888
  127  O   7  Y  -0.007485  -0.016156  -0.005963  -0.035581  -0.028562
  128  O   7  Z  -0.000174   0.000154   0.000046   0.000536  -0.000221
  129  O   7  X  -0.020993   0.000002   0.000281   0.015677  -0.029620
  130  O   7  Y  -0.006815  -0.011887  -0.004295  -0.026151  -0.020091
  131  O   7  Z  -0.000080   0.000150   0.000002   0.000511  -0.000251
  132  O   7  X   0.004265   0.002310  -0.002662  -0.001313  -0.015524
  133  O   7  Y  -0.000412   0.002918  -0.000493  -0.003840  -0.008827
  134  O   7  Z  -0.000059  -0.000133   0.000035  -0.000234   0.000175
  135  O   7 XX   0.007051   0.005028  -0.005208   0.000331  -0.010506
  136  O   7 YY   0.013035   0.002296  -0.006798  -0.007276  -0.009013
  137  O   7 ZZ   0.013696   0.005610  -0.006567  -0.003038  -0.007962
  138  O   7 XY  -0.002930  -0.002828   0.000263  -0.002234  -0.002945
  139  O   7 XZ  -0.000035   0.000025   0.000007   0.000067  -0.000022
  140  O   7 YZ  -0.000014   0.000014   0.000002   0.000031  -0.000027
  141  N   8  S   0.060303   0.065415   0.019424  -0.024381   0.014122
  142  N   8  S   0.101270   0.110794   0.032904  -0.041991   0.024447
  143  N   8  S  -0.015620  -0.028925  -0.003701   0.007678  -0.003072
  144  N   8  S  -0.294466  -0.296688  -0.101751   0.122557  -0.073349
  145  N   8  S  -0.135945  -0.159090  -0.041067   0.079005  -0.053688
  146  N   8  X   0.022405  -0.015689  -0.014233   0.103469  -0.122753
  147  N   8  Y  -0.009928  -0.005909   0.026595  -0.090106  -0.009633
  148  N   8  Z  -0.010070  -0.012673  -0.004551   0.010850  -0.010546
  149  N   8  X   0.019024  -0.010943  -0.011321   0.074250  -0.085434
  150  N   8  Y  -0.008601  -0.004216   0.017930  -0.062026  -0.006068
  151  N   8  Z  -0.007753  -0.009379  -0.003224   0.007683  -0.007177
  152  N   8  X  -0.004995  -0.004239  -0.007847   0.023439  -0.016540
  153  N   8  Y  -0.001039   0.000982  -0.001163  -0.009260   0.003845
  154  N   8  Z  -0.000527  -0.000122  -0.000520   0.003115  -0.002303
  155  N   8 XX   0.000619   0.000115   0.002189  -0.008580   0.009407
  156  N   8 YY   0.004874  -0.003037   0.002469   0.001885  -0.002553
  157  N   8 ZZ   0.014247   0.009265   0.004748  -0.004765   0.003493
  158  N   8 XY   0.002553   0.000740  -0.002599   0.008532  -0.005715
  159  N   8 XZ  -0.000463  -0.001505  -0.000601   0.002595  -0.003138
  160  N   8 YZ  -0.000521  -0.000661   0.000421  -0.001334  -0.000913
  161  H   9  S  -0.000471  -0.001949   0.050785  -0.024251  -0.034437
  162  H   9  S  -0.001338  -0.001240   0.062623  -0.029084  -0.047440
  163  H   9  S  -0.000970  -0.001836  -0.027998   0.016966  -0.002711
  164  H   9  X  -0.000026   0.000519  -0.008026   0.001357   0.004384
  165  H   9  Y   0.000785   0.000384  -0.004714   0.003853   0.003157
  166  H   9  Z  -0.000008  -0.000002  -0.000006  -0.000017  -0.000020
  167  H  10  S   0.018283  -0.008562   0.035730   0.066874   0.040793
  168  H  10  S   0.020995  -0.008610   0.044427   0.088163   0.051742
  169  H  10  S  -0.009930  -0.005967  -0.000916  -0.004823   0.010274
  170  H  10  X  -0.000364   0.000189   0.002209   0.000947  -0.001370
  171  H  10  Y  -0.004032   0.001782  -0.006221  -0.010982  -0.006830
  172  H  10  Z   0.000006  -0.000005   0.000041   0.000049  -0.000004
  173  H  11  S   0.053276  -0.030333  -0.044633  -0.051363   0.048270
  174  H  11  S   0.050561  -0.028234  -0.043598  -0.057164   0.055004
  175  H  11  S  -0.000903  -0.004828  -0.005620  -0.001223   0.008515
  176  H  11  X   0.009730  -0.005261  -0.006416  -0.005930   0.008329
  177  H  11  Y  -0.003362   0.001749   0.003974   0.005427   0.000631
  178  H  11  Z   0.000132  -0.000070  -0.000098  -0.000097   0.000089
  179  H  12  S  -0.042244  -0.058286  -0.015312   0.036552  -0.057457
  180  H  12  S  -0.035876  -0.053668  -0.014279   0.036856  -0.067696
  181  H  12  S   0.003285  -0.003996   0.004719  -0.001740  -0.009669
  182  H  12  X   0.006460   0.008061   0.001575  -0.002041   0.006157
  183  H  12  Y   0.004034   0.005907   0.001873  -0.005644   0.005777
  184  H  12  Z   0.001308   0.001904   0.000281  -0.000896   0.002103
  185  H  13  S  -0.041248  -0.050118  -0.026284   0.062803  -0.015555
  186  H  13  S  -0.035026  -0.045651  -0.027040   0.069731  -0.014405
  187  H  13  S  -0.000860   0.002581  -0.003657   0.011164   0.000116
  188  H  13  X   0.000892   0.000620   0.000102   0.001222  -0.002924
  189  H  13  Y  -0.007565  -0.008968  -0.004492   0.009827  -0.002270
  190  H  13  Z   0.000538   0.000555   0.000434  -0.000942  -0.000014

                     16         17         18         19         20
                   -0.7717    -0.7616    -0.7225    -0.6836    -0.6264
                     A          A          A          A          A   
    1  C   1  S  -0.019149  -0.008449   0.006900  -0.006183   0.023239
    2  C   1  S  -0.031818  -0.013774   0.011597  -0.010668   0.038515
    3  C   1  S   0.009759   0.008221  -0.008265   0.005297  -0.004952
    4  C   1  S   0.092174   0.028409  -0.025891   0.026035  -0.129304
    5  C   1  S   0.060564  -0.010011   0.027258   0.036727  -0.067006
    6  C   1  X   0.002280   0.099018  -0.228328  -0.112698   0.034413
    7  C   1  Y  -0.030989   0.115823   0.108064  -0.093506  -0.173517
    8  C   1  Z  -0.003772   0.000021   0.016351   0.012460   0.001862
    9  C   1  X  -0.010987   0.057422  -0.134547  -0.071630   0.025154
   10  C   1  Y  -0.013963   0.073997   0.066500  -0.055253  -0.109115
   11  C   1  Z  -0.002015   0.001185   0.009257   0.009212   0.001906
   12  C   1  X  -0.000420   0.006920  -0.024384  -0.032832  -0.029686
   13  C   1  Y  -0.006831   0.030335   0.006618  -0.028367  -0.042769
   14  C   1  Z   0.000532   0.000653  -0.001614   0.001120   0.000772
   15  C   1 XX   0.003762   0.009490  -0.016542   0.012310   0.010148
   16  C   1 YY   0.000597  -0.002852   0.009936  -0.011418  -0.005974
   17  C   1 ZZ  -0.004079   0.000808  -0.000474  -0.001071   0.005014
   18  C   1 XY  -0.008399  -0.001419   0.019437   0.017848   0.011654
   19  C   1 XZ  -0.000491   0.000159   0.001840   0.001027  -0.000123
   20  C   1 YZ   0.000204   0.000188  -0.001123  -0.000805  -0.000090
   21  C   2  S   0.026345   0.018717  -0.015570   0.021659  -0.009827
   22  C   2  S   0.043362   0.031007  -0.025587   0.035694  -0.016551
   23  C   2  S  -0.011831  -0.014712   0.019493  -0.005882   0.005095
   24  C   2  S  -0.118041  -0.069468   0.039212  -0.110189   0.043795
   25  C   2  S  -0.082531  -0.059142   0.029481  -0.065084   0.033120
   26  C   2  X  -0.100781   0.064094  -0.034721  -0.088400   0.161650
   27  C   2  Y  -0.071788  -0.119379  -0.086354   0.048498   0.211109
   28  C   2  Z  -0.001389   0.000749   0.004079   0.003676   0.002406
   29  C   2  X  -0.063710   0.033231  -0.010987  -0.051681   0.121222
   30  C   2  Y  -0.039002  -0.064219  -0.046744   0.025639   0.133034
   31  C   2  Z  -0.000994  -0.000111   0.003523   0.002322   0.001481
   32  C   2  X  -0.006208   0.009424   0.009014   0.004654   0.048729
   33  C   2  Y  -0.009731   0.005451   0.009485  -0.018874   0.018982
   34  C   2  Z  -0.001501   0.001569   0.001220   0.001713   0.002306
   35  C   2 XX   0.002588  -0.009735   0.005167   0.001894   0.015542
   36  C   2 YY  -0.002734   0.005760   0.008778   0.000344  -0.015809
   37  C   2 ZZ   0.003838  -0.000560   0.003322   0.004738  -0.001448
   38  C   2 XY  -0.003322   0.001693   0.009663  -0.006631   0.015566
   39  C   2 XZ   0.000005  -0.000067  -0.000043  -0.000183  -0.000050
   40  C   2 YZ   0.000199   0.000104  -0.000550  -0.000434   0.000000
   41  C   3  S  -0.010808  -0.000879   0.019841  -0.017140   0.011424
   42  C   3  S  -0.018077  -0.001581   0.032904  -0.028473   0.018971
   43  C   3  S   0.022521   0.002234  -0.000394   0.009246   0.013482
   44  C   3  S   0.009239   0.000516  -0.114747   0.077407  -0.099341
   45  C   3  S   0.038735   0.018062  -0.044711   0.071991  -0.003447
   46  C   3  X  -0.058052  -0.181023  -0.016696   0.091849  -0.048540
   47  C   3  Y  -0.153923  -0.027018  -0.150814   0.116117  -0.088660
   48  C   3  Z  -0.000279  -0.001853   0.002477   0.003591   0.001435
   49  C   3  X  -0.034814  -0.091363   0.000202   0.044837  -0.013211
   50  C   3  Y  -0.090059  -0.015044  -0.098367   0.073200  -0.059166
   51  C   3  Z  -0.000235  -0.000694   0.001786   0.002740   0.001486
   52  C   3  X   0.001837  -0.025462  -0.008744   0.021130   0.011628
   53  C   3  Y  -0.005829  -0.006179  -0.044372   0.028741  -0.051499
   54  C   3  Z   0.000741  -0.001450   0.000565   0.000012  -0.000648
   55  C   3 XX   0.004545   0.000879   0.014084  -0.009462   0.020958
   56  C   3 YY   0.014708   0.003509  -0.005248   0.010461  -0.002341
   57  C   3 ZZ   0.004667  -0.001526   0.006953  -0.001338   0.010115
   58  C   3 XY   0.012430   0.013708   0.001988  -0.010667   0.019701
   59  C   3 XZ  -0.000079  -0.000045   0.000238   0.000057   0.000019
   60  C   3 YZ   0.000107   0.000125  -0.000153  -0.000475   0.000060
   61  N   4  S   0.004215   0.000560  -0.009045   0.007181  -0.015080
   62  N   4  S   0.007872   0.000872  -0.015841   0.012311  -0.025428
   63  N   4  S  -0.007064   0.005577   0.007392   0.003005  -0.014788
   64  N   4  S  -0.010149  -0.015905   0.036912  -0.049001   0.122410
   65  N   4  S  -0.028227  -0.006262   0.027980  -0.030056   0.065700
   66  N   4  X   0.271417   0.121819  -0.011398  -0.042639   0.119504
   67  N   4  Y  -0.107028   0.127163   0.098707  -0.134678  -0.028599
   68  N   4  Z   0.003377   0.000768   0.001047   0.003798   0.003934
   69  N   4  X   0.199687   0.087711  -0.009639  -0.030322   0.093231
   70  N   4  Y  -0.083809   0.099787   0.079191  -0.103825  -0.025212
   71  N   4  Z   0.002517   0.000505   0.000907   0.003134   0.003144
   72  N   4  X   0.054512   0.013091  -0.005799   0.003648   0.028629
   73  N   4  Y  -0.043448   0.005190   0.018531  -0.026611  -0.005427
   74  N   4  Z   0.000674   0.000183   0.000024   0.001164   0.001720
   75  N   4 XX  -0.004448   0.007199   0.010858  -0.004286  -0.011391
   76  N   4 YY   0.003863  -0.000537  -0.008612   0.011552  -0.010962
   77  N   4 ZZ  -0.001606   0.002784  -0.000003   0.004200  -0.011754
   78  N   4 XY   0.012198   0.009002  -0.000884  -0.002377   0.002680
   79  N   4 XZ  -0.000129   0.000016   0.000253   0.000068   0.000088
   80  N   4 YZ   0.000101   0.000124   0.000010  -0.000116  -0.000001
   81  C   5  S  -0.001347  -0.002120   0.039535   0.005376   0.023197
   82  C   5  S  -0.002048  -0.003598   0.066195   0.009247   0.039303
   83  C   5  S  -0.008498  -0.000622  -0.043699  -0.008532  -0.009106
   84  C   5  S   0.024702   0.015263  -0.145172  -0.016813  -0.133356
   85  C   5  S  -0.047378   0.024062  -0.094538  -0.063101  -0.046618
   86  C   5  X  -0.031508   0.088225   0.013461  -0.083869   0.062080
   87  C   5  Y   0.109509  -0.113633  -0.014251   0.143130   0.088812
   88  C   5  Z  -0.001796   0.002302   0.002829   0.001214   0.001698
   89  C   5  X  -0.006740   0.053749   0.007889  -0.054284   0.030606
   90  C   5  Y   0.060031  -0.060816  -0.005997   0.089578   0.041255
   91  C   5  Z  -0.000992   0.001577   0.001901   0.001184   0.001363
   92  C   5  X  -0.020886   0.018693  -0.030894  -0.033288  -0.041013
   93  C   5  Y   0.008331  -0.032618  -0.017780   0.034532  -0.013698
   94  C   5  Z  -0.000742   0.001191   0.001241   0.000694  -0.000020
   95  C   5 XX  -0.011977   0.004837  -0.010071  -0.004791  -0.011287
   96  C   5 YY   0.005126  -0.007153  -0.017123   0.000861   0.011241
   97  C   5 ZZ  -0.005260  -0.001049  -0.005247  -0.002389   0.005888
   98  C   5 XY   0.015237   0.001281   0.002041   0.001520  -0.005182
   99  C   5 XZ  -0.000304   0.000161   0.000233   0.000171  -0.000129
  100  C   5 YZ   0.000108   0.000003   0.000120   0.000059  -0.000013
  101  N   6  S   0.025726  -0.000863  -0.007191  -0.003594  -0.021161
  102  N   6  S   0.043492  -0.001262  -0.012584  -0.006475  -0.036610
  103  N   6  S   0.019241  -0.005374   0.005558   0.005886   0.002005
  104  N   6  S  -0.193369   0.017080   0.026110   0.006124   0.121670
  105  N   6  S  -0.085476   0.007876   0.020578   0.018228   0.089574
  106  N   6  X   0.070761  -0.124024   0.073725   0.157342   0.056951
  107  N   6  Y   0.035591  -0.002912   0.051515   0.048651  -0.057636
  108  N   6  Z  -0.001320   0.000197   0.006579   0.006750   0.002362
  109  N   6  X   0.048926  -0.083429   0.049994   0.107356   0.040539
  110  N   6  Y   0.019620   0.000835   0.034949   0.032701  -0.041840
  111  N   6  Z  -0.001249   0.000648   0.005619   0.005982   0.002042
  112  N   6  X  -0.017442   0.023528   0.004317  -0.027560   0.000475
  113  N   6  Y   0.011562   0.008599   0.005176   0.006902  -0.018086
  114  N   6  Z  -0.000222  -0.001400   0.001880   0.000229   0.000321
  115  N   6 XX   0.013567  -0.001327  -0.006997  -0.002952  -0.002643
  116  N   6 YY   0.021301  -0.004338   0.008883   0.005793  -0.010439
  117  N   6 ZZ   0.016782  -0.002741  -0.001454   0.000753  -0.004164
  118  N   6 XY   0.005542  -0.012069   0.010721   0.015101   0.000856
  119  N   6 XZ  -0.000293   0.000334   0.000297   0.000001  -0.000080
  120  N   6 YZ  -0.000207   0.000016   0.000672   0.000633   0.000242
  121  O   7  S  -0.009021  -0.003945  -0.025617  -0.002649  -0.023611
  122  O   7  S  -0.016152  -0.006798  -0.045128  -0.005081  -0.041593
  123  O   7  S   0.006742  -0.004074  -0.001223   0.009891  -0.006420
  124  O   7  S   0.040138   0.033147   0.160455  -0.005506   0.162019
  125  O   7  S   0.054028   0.017076   0.124802   0.024120   0.129429
  126  O   7  X  -0.031125   0.024605  -0.088474  -0.062314  -0.149588
  127  O   7  Y   0.009754  -0.061263  -0.054856   0.076355  -0.075448
  128  O   7  Z  -0.000550   0.000957   0.000801   0.000379   0.000787
  129  O   7  X  -0.021008   0.020713  -0.058699  -0.047291  -0.103236
  130  O   7  Y   0.009585  -0.046653  -0.036500   0.059994  -0.049516
  131  O   7  Z  -0.000470   0.000760   0.000877   0.000449   0.000676
  132  O   7  X  -0.000739   0.003764  -0.024879  -0.012771  -0.046056
  133  O   7  Y   0.000234  -0.011954  -0.012947   0.020416  -0.023734
  134  O   7  Z   0.000151  -0.000016  -0.000529  -0.000414   0.000268
  135  O   7 XX  -0.004200   0.000931  -0.014501  -0.003407  -0.020405
  136  O   7 YY   0.002092  -0.008725  -0.010385   0.010266  -0.010373
  137  O   7 ZZ   0.000796  -0.002959  -0.007719   0.004008  -0.007862
  138  O   7 XY   0.000809  -0.003415  -0.005816   0.002895  -0.007562
  139  O   7 XZ  -0.000080   0.000091   0.000103   0.000054   0.000056
  140  O   7 YZ  -0.000019   0.000041   0.000051   0.000058   0.000033
  141  N   8  S   0.000244   0.003033   0.000168   0.001784   0.000465
  142  N   8  S   0.000760   0.005078  -0.000225   0.002825   0.000478
  143  N   8  S  -0.008094   0.005218   0.004369   0.005042   0.015297
  144  N   8  S   0.017249  -0.030115  -0.012251  -0.023517  -0.037382
  145  N   8  S  -0.000744  -0.005075   0.021162   0.004269  -0.001639
  146  N   8  X  -0.084468   0.043615   0.251735   0.142709  -0.018044
  147  N   8  Y  -0.041643   0.250474  -0.084719   0.203836   0.071250
  148  N   8  Z  -0.008857   0.007608   0.026461   0.028413   0.005156
  149  N   8  X  -0.062839   0.030894   0.177406   0.100420  -0.011704
  150  N   8  Y  -0.028206   0.178416  -0.061732   0.150630   0.051369
  151  N   8  Z  -0.005995   0.005198   0.019466   0.021388   0.003877
  152  N   8  X  -0.016071   0.003233   0.053574   0.027317  -0.006015
  153  N   8  Y  -0.015511   0.058808  -0.020406   0.056288   0.038261
  154  N   8  Z  -0.001865   0.000461   0.009288   0.007917   0.000681
  155  N   8 XX  -0.002114   0.009301  -0.008668   0.010719   0.014379
  156  N   8 YY  -0.004731  -0.002726   0.008898  -0.006284   0.002589
  157  N   8 ZZ  -0.003840   0.004053   0.002073   0.003426   0.007583
  158  N   8 XY  -0.004851   0.001459   0.013541   0.012310   0.002853
  159  N   8 XZ  -0.002013   0.002006   0.004892   0.003675  -0.000271
  160  N   8 YZ  -0.001519   0.006137  -0.000460   0.005926   0.001770
  161  H   9  S  -0.075008  -0.023212  -0.014070  -0.041779   0.131538
  162  H   9  S  -0.099879  -0.031159  -0.020622  -0.059780   0.190617
  163  H   9  S  -0.024937  -0.013816  -0.015765  -0.014148   0.070945
  164  H   9  X   0.008259   0.004577   0.003608   0.003570  -0.011992
  165  H   9  Y   0.006210  -0.000341   0.000906   0.004074  -0.006828
  166  H   9  Z  -0.000083  -0.000005   0.000108   0.000102   0.000177
  167  H  10  S  -0.045373  -0.001547  -0.082336   0.065817  -0.053864
  168  H  10  S  -0.059443  -0.001670  -0.116410   0.095530  -0.085274
  169  H  10  S  -0.021160  -0.001274  -0.013015   0.020753   0.002087
  170  H  10  X  -0.001797  -0.003517  -0.001913   0.002818  -0.001492
  171  H  10  Y   0.006507  -0.000540   0.009971  -0.007155   0.004884
  172  H  10  Z  -0.000054  -0.000025   0.000001   0.000127   0.000019
  173  H  11  S  -0.132516  -0.026926   0.034932  -0.016020  -0.041948
  174  H  11  S  -0.156938  -0.034719   0.045476  -0.017178  -0.060207
  175  H  11  S  -0.029076  -0.004028   0.007845  -0.004663  -0.013340
  176  H  11  X  -0.016774  -0.002025   0.004423  -0.002989  -0.004928
  177  H  11  Y   0.006441   0.004860   0.000045  -0.002701   0.002065
  178  H  11  Z  -0.000241  -0.000043   0.000112   0.000111   0.000014
  179  H  12  S  -0.043502   0.078043   0.073542   0.112396   0.017789
  180  H  12  S  -0.056060   0.100671   0.095408   0.154462   0.027943
  181  H  12  S  -0.011877   0.019218   0.027119   0.041803   0.008893
  182  H  12  X   0.004776  -0.011422  -0.004539  -0.012432  -0.002990
  183  H  12  Y   0.002939  -0.002292  -0.009831  -0.006821   0.001212
  184  H  12  Z   0.001365  -0.002822  -0.002075  -0.003231  -0.000303
  185  H  13  S   0.013155  -0.110110   0.051332  -0.090395  -0.036573
  186  H  13  S   0.013780  -0.135108   0.061358  -0.118347  -0.043803
  187  H  13  S  -0.001991  -0.018634   0.015195  -0.023568  -0.004753
  188  H  13  X  -0.002180   0.003027   0.005581   0.004593  -0.000467
  189  H  13  Y   0.001793  -0.015214   0.007212  -0.010554  -0.004212
  190  H  13  Z  -0.000433   0.002023  -0.000160   0.002179   0.000690

                     21         22         23         24         25
                   -0.6173    -0.6128    -0.5868    -0.5359    -0.4851
                     A          A          A          A          A   
    1  C   1  S  -0.005557  -0.012522  -0.000089  -0.002383   0.000241
    2  C   1  S  -0.009238  -0.020789  -0.000060  -0.004042   0.000412
    3  C   1  S   0.002585  -0.002825  -0.023888   0.013521  -0.000581
    4  C   1  S   0.027399   0.081150   0.059663  -0.017269  -0.000209
    5  C   1  S   0.010214   0.055305  -0.021532  -0.002577  -0.000741
    6  C   1  X  -0.019921  -0.102270  -0.081342   0.035237  -0.000335
    7  C   1  Y   0.031077   0.105205  -0.062638  -0.001036   0.001037
    8  C   1  Z   0.129581  -0.032751   0.008541   0.203085   0.003796
    9  C   1  X  -0.013116  -0.066533  -0.046355   0.019977  -0.000657
   10  C   1  Y   0.021563   0.068180  -0.049362   0.004585  -0.000524
   11  C   1  Z   0.103443  -0.027608   0.005442   0.161600   0.007692
   12  C   1  X  -0.006036  -0.024931   0.008432   0.013795  -0.002327
   13  C   1  Y   0.010639   0.019673  -0.014405   0.004806  -0.003952
   14  C   1  Z   0.024943  -0.009242  -0.001005   0.023269   0.015430
   15  C   1 XX  -0.003323  -0.012999  -0.016745   0.006107  -0.000364
   16  C   1 YY   0.003855   0.005250  -0.006305   0.007084  -0.000262
   17  C   1 ZZ  -0.000778  -0.005684  -0.011674   0.004860  -0.000031
   18  C   1 XY   0.003483   0.015378   0.016414  -0.004879   0.000246
   19  C   1 XZ  -0.005259   0.002691   0.001817   0.012560  -0.008213
   20  C   1 YZ  -0.002793   0.000450  -0.000814  -0.009858  -0.012322
   21  C   2  S   0.000961   0.004224  -0.005625  -0.000023   0.000089
   22  C   2  S   0.001626   0.007085  -0.009385  -0.000017   0.000155
   23  C   2  S  -0.006155  -0.019980  -0.006150   0.000852  -0.000717
   24  C   2  S   0.009379   0.023660   0.047337  -0.001153   0.001294
   25  C   2  S   0.002988  -0.004981   0.042122  -0.003217   0.000940
   26  C   2  X   0.081007   0.238369   0.064445  -0.008827   0.001217
   27  C   2  Y  -0.033068  -0.099640   0.042628  -0.004737  -0.000385
   28  C   2  Z   0.099069  -0.028333  -0.001952   0.053962  -0.135891
   29  C   2  X   0.046749   0.140383   0.046960  -0.007940   0.001007
   30  C   2  Y  -0.017218  -0.053443   0.025603  -0.001587  -0.000727
   31  C   2  Z   0.074176  -0.021379  -0.001571   0.040966  -0.115959
   32  C   2  X   0.007803   0.042333   0.034449  -0.017166  -0.000359
   33  C   2  Y  -0.003102  -0.006974   0.017022  -0.002522  -0.000923
   34  C   2  Z   0.020169  -0.004850   0.001166   0.028803  -0.055563
   35  C   2 XX  -0.007389  -0.023894   0.000852   0.000350  -0.000529
   36  C   2 YY   0.002591   0.008209  -0.009754   0.000420  -0.000258
   37  C   2 ZZ  -0.002816  -0.008538  -0.004815   0.000658  -0.000118
   38  C   2 XY   0.004455   0.014419   0.010269  -0.002267   0.000082
   39  C   2 XZ  -0.008687   0.002753   0.000750   0.002827   0.012595
   40  C   2 YZ  -0.003182   0.000648  -0.000450  -0.009315  -0.003243
   41  C   3  S   0.002782   0.009108   0.000329  -0.000451  -0.000094
   42  C   3  S   0.004641   0.015180   0.000559  -0.000755  -0.000157
   43  C   3  S  -0.009114  -0.022444  -0.007483  -0.000197   0.000152
   44  C   3  S   0.004736  -0.003979   0.019613   0.003529   0.000334
   45  C   3  S  -0.011548  -0.013626   0.001698  -0.009326  -0.000011
   46  C   3  X  -0.074759  -0.206624  -0.081710   0.010355   0.001793
   47  C   3  Y   0.063422   0.206491  -0.090941   0.002533  -0.000828
   48  C   3  Z   0.131698  -0.047524  -0.011547  -0.054783  -0.191776
   49  C   3  X  -0.044438  -0.119958  -0.048312   0.004886   0.001301
   50  C   3  Y   0.042160   0.134485  -0.063857   0.003690  -0.000436
   51  C   3  Z   0.101090  -0.036136  -0.008656  -0.039203  -0.155426
   52  C   3  X  -0.008549  -0.021867  -0.011510   0.001679   0.000718
   53  C   3  Y   0.016223   0.037988   0.007815  -0.001304  -0.000238
   54  C   3  Z   0.020853  -0.007791  -0.002560  -0.014266  -0.052200
   55  C   3 XX  -0.008471  -0.024448   0.006599  -0.001495  -0.000015
   56  C   3 YY   0.001653   0.009156  -0.011893   0.000412   0.000176
   57  C   3 ZZ  -0.003906  -0.009216  -0.004284   0.000197   0.000004
   58  C   3 XY   0.004213   0.010282   0.012314  -0.000946  -0.000066
   59  C   3 XZ  -0.005935   0.001941   0.001227   0.014083   0.001657
   60  C   3 YZ  -0.013377   0.004539   0.001259   0.005525   0.012841
   61  N   4  S   0.001102   0.003353  -0.000958  -0.000360   0.000037
   62  N   4  S   0.001932   0.005753  -0.000869  -0.000625   0.000075
   63  N   4  S   0.001111   0.006451  -0.019516  -0.000480  -0.000283
   64  N   4  S  -0.009206  -0.034528   0.049302   0.003186   0.000359
   65  N   4  S  -0.005920  -0.023134  -0.019327   0.006143  -0.000207
   66  N   4  X   0.031585   0.086760   0.089926  -0.003746   0.002449
   67  N   4  Y  -0.010693  -0.051371   0.076087  -0.008922  -0.001112
   68  N   4  Z   0.231448  -0.078155  -0.023873  -0.191456  -0.177487
   69  N   4  X   0.024044   0.065901   0.066899  -0.001768   0.002217
   70  N   4  Y  -0.008221  -0.038322   0.054889  -0.007401  -0.001076
   71  N   4  Z   0.196033  -0.066459  -0.020525  -0.166983  -0.157828
   72  N   4  X   0.010058   0.037571   0.002881  -0.001592   0.000795
   73  N   4  Y  -0.002849  -0.013892   0.016950  -0.002896  -0.000543
   74  N   4  Z   0.096888  -0.033120  -0.011246  -0.102284  -0.105170
   75  N   4 XX  -0.002946  -0.007276  -0.007550  -0.000346   0.000030
   76  N   4 YY   0.005078   0.017236  -0.010687  -0.000393  -0.000180
   77  N   4 ZZ   0.001180   0.004398  -0.009969  -0.000413  -0.000213
   78  N   4 XY   0.002946   0.006373   0.012644  -0.000968   0.000153
   79  N   4 XZ   0.008112  -0.002934  -0.000772  -0.004086  -0.009480
   80  N   4 YZ  -0.002511   0.000855   0.000366   0.001044  -0.010916
   81  C   5  S  -0.004462  -0.006782  -0.014369  -0.000304   0.000224
   82  C   5  S  -0.007518  -0.011288  -0.025142  -0.000438   0.000376
   83  C   5  S   0.003418  -0.000826   0.024522   0.002753  -0.000702
   84  C   5  S   0.020641   0.041265   0.054301  -0.005596   0.000260
   85  C   5  S   0.006551   0.008904   0.017124   0.002898  -0.000016
   86  C   5  X  -0.015011   0.001438  -0.261705   0.020354  -0.003405
   87  C   5  Y   0.017536   0.080753  -0.109799   0.002830   0.002299
   88  C   5  Z   0.176625  -0.060456  -0.017695  -0.084364   0.186129
   89  C   5  X  -0.010312   0.004315  -0.175973   0.011735  -0.002435
   90  C   5  Y   0.013811   0.061890  -0.073765   0.000447   0.001310
   91  C   5  Z   0.133703  -0.045879  -0.013243  -0.061542   0.152860
   92  C   5  X   0.000231  -0.019111   0.071560   0.000517  -0.001108
   93  C   5  Y   0.005866   0.015170   0.041153  -0.005830   0.000302
   94  C   5  Z   0.025056  -0.008521  -0.001472  -0.004541   0.062355
   95  C   5 XX   0.001110  -0.000767   0.015017  -0.000829   0.000139
   96  C   5 YY   0.000615  -0.001817   0.000899   0.003163  -0.000862
   97  C   5 ZZ  -0.000250  -0.003419   0.004175   0.001898  -0.000148
   98  C   5 XY   0.002623   0.003662   0.026381  -0.001765   0.000016
   99  C   5 XZ  -0.001291   0.000808   0.000728   0.015604  -0.019412
  100  C   5 YZ   0.005019  -0.001745  -0.000396  -0.007826  -0.026309
  101  N   6  S   0.003956   0.011001  -0.006561   0.000839  -0.000518
  102  N   6  S   0.006802   0.018859  -0.011053   0.001437  -0.000884
  103  N   6  S   0.000170   0.001944  -0.013245   0.001026  -0.000728
  104  N   6  S  -0.024713  -0.073136   0.071065  -0.007153   0.004969
  105  N   6  S  -0.012594  -0.045002   0.015353   0.004311  -0.000261
  106  N   6  X   0.009523   0.032864   0.139329  -0.018531   0.000005
  107  N   6  Y   0.019377   0.082139  -0.061770  -0.009825  -0.000403
  108  N   6  Z   0.139812  -0.043125  -0.001892   0.097691   0.116880
  109  N   6  X   0.006121   0.019151   0.092745  -0.010241  -0.000666
  110  N   6  Y   0.014352   0.059408  -0.049231  -0.006728  -0.000568
  111  N   6  Z   0.116722  -0.036055  -0.001656   0.083241   0.102924
  112  N   6  X  -0.000860  -0.001996   0.023369  -0.008033   0.001645
  113  N   6  Y   0.006212   0.021282  -0.024738  -0.000068  -0.000162
  114  N   6  Z   0.039129  -0.011668  -0.000196   0.039435   0.035016
  115  N   6 XX  -0.000027  -0.002767  -0.005676   0.001878  -0.000478
  116  N   6 YY   0.003268   0.012579  -0.014943  -0.000133  -0.000433
  117  N   6 ZZ   0.000360   0.001956  -0.006311   0.000847  -0.000719
  118  N   6 XY   0.000886   0.002978   0.015873  -0.002082  -0.000081
  119  N   6 XZ  -0.000614   0.000507   0.000494   0.009418  -0.005168
  120  N   6 YZ   0.014049  -0.004402  -0.000081   0.008865   0.008554
  121  O   7  S   0.001956  -0.003427   0.035518  -0.001441   0.000045
  122  O   7  S   0.003396  -0.006267   0.062631  -0.002497   0.000081
  123  O   7  S   0.001814   0.004069   0.015138  -0.002015   0.000006
  124  O   7  S  -0.016247   0.012029  -0.255564   0.013653  -0.000283
  125  O   7  S  -0.010151   0.030694  -0.239087   0.009490  -0.000899
  126  O   7  X   0.007586  -0.043110   0.289464  -0.011602  -0.003159
  127  O   7  Y   0.020099   0.031161   0.177520  -0.020409   0.005529
  128  O   7  Z   0.126407  -0.044475  -0.013095  -0.099338   0.290509
  129  O   7  X   0.004479  -0.030141   0.192916  -0.007200  -0.002846
  130  O   7  Y   0.014576   0.025745   0.119614  -0.015363   0.004442
  131  O   7  Z   0.103421  -0.036257  -0.010713  -0.079593   0.238536
  132  O   7  X   0.003178  -0.008383   0.085498  -0.004723  -0.001348
  133  O   7  Y   0.006080   0.011217   0.046366  -0.006745   0.002454
  134  O   7  Z   0.036707  -0.013469  -0.004922  -0.047631   0.134158
  135  O   7 XX   0.001381  -0.003232   0.034161  -0.001797  -0.000317
  136  O   7 YY   0.002298   0.003079   0.021039  -0.001991   0.000313
  137  O   7 ZZ   0.001323   0.001272   0.012899  -0.001042   0.000084
  138  O   7 XY   0.001357   0.000680   0.017325  -0.001286   0.000170
  139  O   7 XZ   0.010142  -0.003523  -0.000974  -0.006290   0.017180
  140  O   7 YZ   0.006602  -0.002275  -0.000622  -0.004457   0.010623
  141  N   8  S   0.004952   0.006074   0.005776   0.007578  -0.000461
  142  N   8  S   0.008204   0.010026   0.009795   0.012833  -0.000771
  143  N   8  S   0.009387   0.008529   0.004081   0.011909  -0.001215
  144  N   8  S  -0.051823  -0.055748  -0.044013  -0.075493   0.005683
  145  N   8  S  -0.007523  -0.006247  -0.034115  -0.023105   0.002015
  146  N   8  X   0.007677   0.076989   0.071061  -0.040162   0.001911
  147  N   8  Y  -0.045772  -0.113429   0.010008  -0.012064   0.000571
  148  N   8  Z   0.095408  -0.023382   0.021638   0.306288  -0.017063
  149  N   8  X   0.004446   0.054305   0.054564  -0.031307   0.001074
  150  N   8  Y  -0.035054  -0.085198   0.006963  -0.011056   0.000916
  151  N   8  Z   0.079056  -0.019930   0.016480   0.256844  -0.015585
  152  N   8  X  -0.007325   0.020432   0.018144  -0.029143   0.004228
  153  N   8  Y  -0.012557  -0.029429   0.001302  -0.010159   0.004716
  154  N   8  Z   0.034849  -0.005879   0.010823   0.167415  -0.013612
  155  N   8 XX   0.002640  -0.001716   0.004696   0.006193  -0.000700
  156  N   8 YY   0.007626   0.012617   0.002107   0.006570  -0.000663
  157  N   8 ZZ   0.007397   0.005278   0.003935   0.012151  -0.000921
  158  N   8 XY  -0.000258   0.001014   0.005767  -0.001054  -0.000036
  159  N   8 XZ  -0.005291   0.002368   0.001067  -0.011079   0.000043
  160  N   8 YZ   0.001630  -0.003104   0.000892   0.005452  -0.000709
  161  H   9  S   0.021310   0.061176   0.046502  -0.005897   0.000166
  162  H   9  S   0.032180   0.091761   0.067772  -0.008035   0.000305
  163  H   9  S   0.011810   0.027399   0.008366   0.002675   0.001497
  164  H   9  X  -0.001177  -0.003045  -0.003192   0.000216  -0.000003
  165  H   9  Y  -0.002691  -0.007741  -0.002536   0.000244  -0.000035
  166  H   9  Z   0.003144  -0.000878  -0.000023   0.001741  -0.004274
  167  H  10  S   0.030542   0.099208  -0.041853   0.001528   0.000027
  168  H  10  S   0.046691   0.152014  -0.066202   0.002707   0.000063
  169  H  10  S   0.012736   0.052028  -0.043413   0.002963   0.000078
  170  H  10  X  -0.000945  -0.002404  -0.002097   0.000244   0.000059
  171  H  10  Y  -0.003500  -0.011324   0.003562   0.000013  -0.000010
  172  H  10  Z   0.003334  -0.001106  -0.000308  -0.001426  -0.005475
  173  H  11  S  -0.020349  -0.056189  -0.027908   0.001827  -0.000285
  174  H  11  S  -0.027882  -0.074363  -0.043703   0.002002  -0.000579
  175  H  11  S  -0.008505  -0.021440  -0.021078   0.001513  -0.000412
  176  H  11  X  -0.002101  -0.005733  -0.001611   0.000192   0.000047
  177  H  11  Y   0.000917   0.001794   0.003804  -0.000320  -0.000031
  178  H  11  Z   0.008431  -0.002997  -0.000957  -0.007378  -0.006755
  179  H  12  S  -0.006142  -0.009784   0.030410   0.001835  -0.000608
  180  H  12  S  -0.009181  -0.014096   0.048644  -0.002838  -0.002206
  181  H  12  S   0.000907  -0.002056   0.013215   0.001765  -0.002899
  182  H  12  X   0.000313   0.002734  -0.002494  -0.002573   0.000292
  183  H  12  Y  -0.000672  -0.001310  -0.002352  -0.000982  -0.000027
  184  H  12  Z   0.004135  -0.000776  -0.000310   0.012746  -0.000827
  185  H  13  S   0.021871   0.052767  -0.007051   0.010117  -0.000497
  186  H  13  S   0.026995   0.071827  -0.008453   0.003678   0.001762
  187  H  13  S   0.010528   0.024521  -0.005596   0.000325   0.001494
  188  H  13  X   0.000068   0.001837   0.001295  -0.001430   0.000005
  189  H  13  Y   0.002874   0.006288  -0.000427   0.001539   0.000064
  190  H  13  Z   0.003414  -0.001828   0.000846   0.011943  -0.000556

                     26         27         28         29         30
                   -0.4431    -0.4203    -0.3894    -0.3422     0.0870
                     A          A          A          A          A   
    1  C   1  S   0.013424   0.001981  -0.001920   0.000022  -0.000316
    2  C   1  S   0.023051   0.003355  -0.003265   0.000019  -0.000431
    3  C   1  S  -0.001273  -0.009989   0.009875   0.002121  -0.004559
    4  C   1  S  -0.089448   0.015699  -0.010064  -0.005923   0.016755
    5  C   1  S  -0.095164  -0.063186  -0.001620   0.015488  -0.076351
    6  C   1  X   0.091934   0.001821   0.010495  -0.000337  -0.000199
    7  C   1  Y   0.137476  -0.066169  -0.004244   0.000194   0.002415
    8  C   1  Z  -0.001631   0.007552  -0.103466  -0.013692  -0.225139
    9  C   1  X   0.109625  -0.019602   0.000419   0.000679  -0.014352
   10  C   1  Y   0.063711  -0.013925   0.003227   0.001196  -0.007724
   11  C   1  Z  -0.002162   0.007851  -0.101414  -0.010994  -0.256382
   12  C   1  X  -0.038297  -0.001147   0.010232   0.009739  -0.093251
   13  C   1  Y  -0.064731   0.009307   0.006238   0.003767   0.003598
   14  C   1  Z   0.000662   0.002849  -0.066724  -0.064521  -0.285168
   15  C   1 XX  -0.021592   0.018187   0.005007   0.000683  -0.000633
   16  C   1 YY   0.024848  -0.023492   0.005787   0.001417  -0.001917
   17  C   1 ZZ   0.006438  -0.005953   0.002603   0.000805  -0.002825
   18  C   1 XY  -0.000999  -0.008068  -0.001964   0.000060  -0.000276
   19  C   1 XZ  -0.000325  -0.001146   0.041492   0.013554  -0.007726
   20  C   1 YZ   0.000103   0.000114  -0.005317   0.026183  -0.026376
   21  C   2  S  -0.009319   0.004519  -0.000389  -0.000235  -0.000251
   22  C   2  S  -0.015096   0.007265  -0.000647  -0.000386  -0.000406
   23  C   2  S  -0.008252   0.017074  -0.001682  -0.000478  -0.002795
   24  C   2  S   0.078031  -0.070838   0.007436   0.002635   0.007357
   25  C   2  S   0.074234  -0.026623  -0.004962  -0.008165   0.057094
   26  C   2  X  -0.010189  -0.001575   0.001707  -0.002042   0.001549
   27  C   2  Y  -0.115720   0.082439  -0.001786  -0.001000  -0.001729
   28  C   2  Z  -0.000769   0.007486  -0.144710   0.262865  -0.124730
   29  C   2  X  -0.012919   0.000761   0.000677  -0.001762   0.002953
   30  C   2  Y  -0.098903   0.079058   0.000696   0.000475  -0.011543
   31  C   2  Z  -0.000599   0.006447  -0.131621   0.246856  -0.123101
   32  C   2  X   0.046923  -0.018781  -0.005370   0.007275  -0.025469
   33  C   2  Y  -0.057134  -0.020961   0.003647   0.003319   0.016501
   34  C   2  Z  -0.000186   0.003088  -0.053647   0.182922  -0.387345
   35  C   2 XX  -0.009411   0.015190  -0.000868  -0.000092  -0.001293
   36  C   2 YY   0.001062   0.001248  -0.001150  -0.000322  -0.000472
   37  C   2 ZZ  -0.006467   0.009292  -0.000705  -0.000430  -0.002276
   38  C   2 XY  -0.006452   0.003920  -0.000304  -0.000089  -0.000001
   39  C   2 XZ   0.000019  -0.000308   0.007744  -0.013428  -0.023213
   40  C   2 YZ   0.000064  -0.000312   0.004382   0.003093   0.030583
   41  C   3  S  -0.004995  -0.004968  -0.000088   0.000056   0.000567
   42  C   3  S  -0.008586  -0.008335  -0.000148   0.000082   0.001150
   43  C   3  S   0.037626  -0.022482  -0.003148   0.001841  -0.021310
   44  C   3  S  -0.059252   0.085311   0.008104  -0.005239   0.050861
   45  C   3  S   0.149583   0.019711  -0.003493   0.011480  -0.079522
   46  C   3  X  -0.027029  -0.022555  -0.000710  -0.002059  -0.004148
   47  C   3  Y  -0.004596  -0.061211  -0.001217   0.000930  -0.000146
   48  C   3  Z   0.000660   0.001167  -0.037669   0.143539   0.289217
   49  C   3  X  -0.034090  -0.029183  -0.001590  -0.001801  -0.002619
   50  C   3  Y   0.005652  -0.069411  -0.002280  -0.000307   0.003160
   51  C   3  Z   0.000312   0.001349  -0.038920   0.136829   0.277116
   52  C   3  X   0.010510   0.013048  -0.001254   0.000927  -0.039650
   53  C   3  Y  -0.059301   0.046090   0.000511  -0.006585   0.038911
   54  C   3  Z   0.000538   0.000827  -0.030371   0.054400   0.745238
   55  C   3 XX   0.011911   0.000338  -0.001109   0.000231  -0.009962
   56  C   3 YY   0.020974  -0.022730  -0.001710   0.000984  -0.009294
   57  C   3 ZZ   0.017209  -0.013863  -0.001945   0.001426  -0.009836
   58  C   3 XY  -0.002136   0.004583  -0.000053   0.000102  -0.000355
   59  C   3 XZ  -0.000277   0.001209  -0.019411   0.031648   0.000409
   60  C   3 YZ  -0.000091   0.000072   0.000580  -0.001387   0.014715
   61  N   4  S   0.002753   0.017980   0.000644  -0.000023   0.000270
   62  N   4  S   0.005817   0.029752   0.001083   0.000043   0.000263
   63  N   4  S  -0.029636   0.047991   0.001100  -0.002592   0.006322
   64  N   4  S   0.050058  -0.215796  -0.006256   0.006164  -0.016874
   65  N   4  S  -0.056379  -0.162943  -0.007900  -0.005471   0.015273
   66  N   4  X   0.026163   0.006323  -0.001812   0.002378   0.002300
   67  N   4  Y  -0.015783   0.159518   0.005529  -0.001480  -0.001040
   68  N   4  Z   0.003019  -0.009274   0.147820  -0.196265  -0.164090
   69  N   4  X   0.028367  -0.007379  -0.002112   0.001778   0.001792
   70  N   4  Y  -0.009525   0.152349   0.005760  -0.001259  -0.000436
   71  N   4  Z   0.002728  -0.008547   0.132511  -0.177180  -0.120979
   72  N   4  X  -0.066712  -0.014131  -0.002900  -0.000329   0.022038
   73  N   4  Y  -0.037968   0.070646   0.001805  -0.001128  -0.011567
   74  N   4  Z   0.001363  -0.006566   0.118239  -0.177895  -0.411338
   75  N   4 XX  -0.013673   0.035010   0.000914  -0.001302   0.002877
   76  N   4 YY  -0.012091   0.023678   0.000548  -0.001214   0.003156
   77  N   4 ZZ  -0.014082   0.027806   0.000714  -0.001268   0.003294
   78  N   4 XY   0.005709   0.001419  -0.000036  -0.000025  -0.000062
   79  N   4 XZ   0.000039   0.000071  -0.000874   0.001913   0.014206
   80  N   4 YZ   0.000134   0.000065  -0.000622   0.004017   0.011847
   81  C   5  S   0.013562  -0.011563  -0.000830   0.000011   0.000337
   82  C   5  S   0.023016  -0.019434  -0.001383   0.000001   0.000708
   83  C   5  S  -0.004170  -0.024670   0.000712   0.001838  -0.019948
   84  C   5  S  -0.081151   0.134411   0.003440  -0.004887   0.047276
   85  C   5  S  -0.043629  -0.023059  -0.000106   0.008342  -0.053715
   86  C   5  X  -0.049986   0.063178   0.005810   0.000202  -0.001846
   87  C   5  Y   0.054176  -0.067661  -0.002699  -0.000118   0.000945
   88  C   5  Z  -0.002658  -0.000027   0.012141  -0.015086   0.021704
   89  C   5  X  -0.074695   0.041372   0.003941   0.000943   0.000668
   90  C   5  Y   0.027893   0.032881   0.001854   0.000317  -0.001622
   91  C   5  Z  -0.002531  -0.000337   0.000137  -0.012045   0.031956
   92  C   5  X   0.001201  -0.036669   0.001261   0.003668  -0.027382
   93  C   5  Y  -0.029982   0.050762   0.002021   0.000010  -0.002840
   94  C   5  Z  -0.000421  -0.000664  -0.006156   0.018819   0.025218
   95  C   5 XX   0.005956   0.039637   0.002295   0.001270  -0.009211
   96  C   5 YY  -0.005694  -0.066306  -0.001191   0.000692  -0.009925
   97  C   5 ZZ   0.003572  -0.017171  -0.000549   0.000527  -0.008711
   98  C   5 XY  -0.029700  -0.012844  -0.001482  -0.000429   0.001000
   99  C   5 XZ   0.000525   0.002165  -0.029661  -0.037036   0.017238
  100  C   5 YZ   0.000163  -0.000093   0.008648  -0.020983  -0.021659
  101  N   6  S  -0.041660   0.011450   0.001127   0.000039  -0.000098
  102  N   6  S  -0.071878   0.019311   0.001935   0.000114  -0.000241
  103  N   6  S  -0.037757   0.020195   0.000813  -0.001508   0.001288
  104  N   6  S   0.341260  -0.121725  -0.008922   0.003162  -0.001669
  105  N   6  S   0.271943  -0.001022   0.000318  -0.001791  -0.007663
  106  N   6  X  -0.050934  -0.095405  -0.006608   0.000617  -0.000181
  107  N   6  Y  -0.312403   0.233457   0.001417  -0.004800   0.001986
  108  N   6  Z   0.002260   0.008327  -0.248829  -0.193506   0.158047
  109  N   6  X  -0.038700  -0.083362  -0.003037   0.000951  -0.003055
  110  N   6  Y  -0.236327   0.187500   0.000726  -0.003877  -0.001012
  111  N   6  Z   0.001535   0.007361  -0.220788  -0.174443   0.129655
  112  N   6  X   0.005707  -0.061827  -0.009330   0.001613   0.001159
  113  N   6  Y  -0.120165   0.126863   0.001829  -0.004805   0.002788
  114  N   6  Z   0.001285   0.004066  -0.143660  -0.128550   0.280630
  115  N   6 XX  -0.031789   0.011836   0.001163  -0.000712  -0.000013
  116  N   6 YY  -0.048499   0.022654   0.000208  -0.001127   0.000891
  117  N   6 ZZ  -0.021114   0.005660   0.000901  -0.000347   0.000660
  118  N   6 XY  -0.004379  -0.007226  -0.000726   0.000138  -0.000469
  119  N   6 XZ   0.000082   0.000404  -0.003908  -0.000417  -0.011332
  120  N   6 YZ   0.000394   0.000533  -0.018814  -0.012877   0.000132
  121  O   7  S   0.001041   0.001037   0.000036   0.000015  -0.000026
  122  O   7  S   0.002037   0.000990   0.000036   0.000045  -0.000024
  123  O   7  S  -0.002601   0.020804   0.000624  -0.000448  -0.000888
  124  O   7  S  -0.000334  -0.055599  -0.001743   0.000854   0.001979
  125  O   7  S  -0.026454   0.038007   0.002837  -0.000029  -0.000738
  126  O   7  X  -0.184702  -0.153697  -0.008595  -0.002915   0.001393
  127  O   7  Y   0.237228   0.334666   0.011431   0.003004  -0.000043
  128  O   7  Z  -0.007020  -0.009498   0.107171   0.240498  -0.011432
  129  O   7  X  -0.151694  -0.121475  -0.006174  -0.002014  -0.000444
  130  O   7  Y   0.192237   0.272142   0.009483   0.002640  -0.000256
  131  O   7  Z  -0.005751  -0.007636   0.085620   0.198556  -0.009192
  132  O   7  X  -0.099143  -0.068845  -0.005272  -0.002915   0.008328
  133  O   7  Y   0.120078   0.180231   0.007096   0.001834   0.001075
  134  O   7  Z  -0.003560  -0.005667   0.075080   0.161804  -0.018208
  135  O   7 XX  -0.012102   0.001787  -0.000074  -0.000360  -0.000524
  136  O   7 YY   0.011583   0.019263   0.000639  -0.000077  -0.000471
  137  O   7 ZZ  -0.000695   0.009181   0.000328  -0.000181  -0.000415
  138  O   7 XY   0.004376   0.006371   0.000098   0.000055   0.000041
  139  O   7 XZ  -0.000336  -0.000358   0.004175   0.008834   0.001299
  140  O   7 YZ  -0.000208  -0.000235   0.003605   0.005823  -0.001492
  141  N   8  S   0.005107  -0.007953   0.007661   0.000056   0.003236
  142  N   8  S   0.007988  -0.013903   0.013029   0.000300   0.004799
  143  N   8  S   0.028273   0.003492   0.012377  -0.006650   0.027524
  144  N   8  S  -0.093325   0.039873  -0.077701   0.014830  -0.084142
  145  N   8  S  -0.047493   0.088948  -0.027669  -0.010823   0.019048
  146  N   8  X   0.024819  -0.054977  -0.023286   0.000244  -0.010817
  147  N   8  Y  -0.018833   0.014900  -0.009178  -0.000449   0.003235
  148  N   8  Z  -0.007623   0.000502   0.302515  -0.004674   0.117026
  149  N   8  X   0.036340  -0.053373  -0.019043   0.000035  -0.008511
  150  N   8  Y  -0.019197   0.012715  -0.008877  -0.001237   0.000029
  151  N   8  Z  -0.007512   0.001848   0.257444  -0.007317   0.090372
  152  N   8  X   0.010770  -0.030342  -0.024655   0.003990  -0.032006
  153  N   8  Y   0.012234   0.000358  -0.015767  -0.007875   0.072899
  154  N   8  Z  -0.005817   0.000549   0.253307   0.017060   0.242687
  155  N   8 XX   0.010414   0.001236   0.007398  -0.003135   0.014464
  156  N   8 YY   0.020782  -0.003021   0.007300  -0.003263   0.014832
  157  N   8 ZZ   0.015310  -0.000377   0.011290  -0.003360   0.014021
  158  N   8 XY  -0.001675  -0.001392   0.000136   0.000058   0.000260
  159  N   8 XZ   0.000519  -0.001300   0.000563   0.000978   0.011338
  160  N   8 YZ  -0.000362   0.000100   0.000836   0.001384  -0.008146
  161  H   9  S  -0.032109   0.022461   0.000222  -0.000672   0.001398
  162  H   9  S  -0.057510   0.038892   0.001586  -0.001819   0.004254
  163  H   9  S  -0.038315   0.047266  -0.001346  -0.006469   0.013062
  164  H   9  X   0.003439  -0.002159  -0.000086   0.000085  -0.000098
  165  H   9  Y   0.000103  -0.000057  -0.000090   0.000096  -0.000158
  166  H   9  Z  -0.000067   0.000276  -0.004812   0.009139  -0.006323
  167  H  10  S   0.009585  -0.033550  -0.000684   0.000362   0.000350
  168  H  10  S   0.003946  -0.053674  -0.000542   0.000250   0.001351
  169  H  10  S   0.058175  -0.082547  -0.002374   0.005008  -0.016248
  170  H  10  X  -0.000669  -0.000667  -0.000007  -0.000056  -0.000312
  171  H  10  Y   0.000031   0.001006  -0.000016  -0.000034   0.000445
  172  H  10  Z   0.000023   0.000020  -0.001059   0.005034   0.017569
  173  H  11  S  -0.018978   0.018464   0.000641  -0.000125   0.000049
  174  H  11  S  -0.044744   0.033797   0.001284  -0.000529   0.002972
  175  H  11  S  -0.014509   0.018039   0.000634   0.000152   0.004365
  176  H  11  X  -0.003006   0.001437  -0.000033   0.000039   0.000146
  177  H  11  Y  -0.000197   0.002398   0.000113  -0.000028  -0.000020
  178  H  11  Z   0.000073  -0.000350   0.006438  -0.008442  -0.009946
  179  H  12  S  -0.003311  -0.010944   0.012600   0.000501   0.010674
  180  H  12  S  -0.006377  -0.019800   0.012383   0.002661  -0.000009
  181  H  12  S  -0.004710  -0.006637   0.008576  -0.001033   0.013035
  182  H  12  X   0.000884  -0.000347  -0.002968  -0.000339  -0.000031
  183  H  12  Y  -0.000015   0.001382  -0.001594   0.000248  -0.001880
  184  H  12  Z  -0.000008   0.000270   0.013300   0.000120   0.006303
  185  H  13  S   0.011915  -0.005614   0.011000  -0.000215   0.006766
  186  H  13  S   0.028339  -0.019135   0.002525  -0.003251   0.020044
  187  H  13  S   0.026458  -0.012926  -0.002718  -0.004739   0.090476
  188  H  13  X  -0.000879  -0.000174  -0.000997   0.000009  -0.000447
  189  H  13  Y   0.000219  -0.000220   0.001226  -0.000272   0.000362
  190  H  13  Z  -0.000382   0.000087   0.012668  -0.000755   0.009016

                     31         32         33         34         35
                    0.1168     0.1290     0.1545     0.1592     0.1787
                     A          A          A          A          A   
    1  C   1  S  -0.001901  -0.006922   0.001169   0.001063  -0.003938
    2  C   1  S  -0.005495  -0.010412   0.001733   0.003340  -0.007876
    3  C   1  S   0.114506  -0.128492   0.025834  -0.094761   0.138276
    4  C   1  S  -0.287282   0.367985  -0.068987   0.246760  -0.344327
    5  C   1  S   0.831769  -0.215455  -0.047816  -0.784085   0.813884
    6  C   1  X  -0.008484   0.028731  -0.007671   0.026078   0.022637
    7  C   1  Y   0.022854  -0.009451  -0.003255  -0.025716   0.019384
    8  C   1  Z   0.016235  -0.035269  -0.248269   0.011125  -0.016889
    9  C   1  X  -0.048950   0.031216  -0.006239   0.128808  -0.030054
   10  C   1  Y   0.038565   0.006682   0.017605  -0.131080  -0.066257
   11  C   1  Z   0.017456  -0.040400  -0.300140   0.013345  -0.024016
   12  C   1  X   0.037321  -1.125434  -0.053307  -0.988827  -0.122194
   13  C   1  Y  -0.338071   0.473542   0.074720  -0.221451  -0.139198
   14  C   1  Z  -0.006021  -0.006200  -0.586251   0.049100  -0.041686
   15  C   1 XX   0.050825  -0.061181   0.011517  -0.035798   0.081521
   16  C   1 YY   0.048517  -0.063128   0.016154  -0.040183   0.043343
   17  C   1 ZZ   0.046330  -0.056896   0.009683  -0.044792   0.063312
   18  C   1 XY   0.015282  -0.005788  -0.000752   0.011146   0.009417
   19  C   1 XZ   0.000698  -0.001096   0.007114  -0.001688   0.000311
   20  C   1 YZ  -0.001937   0.003003   0.018711  -0.000048   0.001773
   21  C   2  S  -0.014533   0.011784  -0.005579  -0.015120   0.002011
   22  C   2  S  -0.026798   0.022532  -0.010606  -0.030248   0.004448
   23  C   2  S   0.243438  -0.335879   0.130441   0.679278  -0.089659
   24  C   2  S  -0.517940   0.785500  -0.295502  -1.634806   0.216474
   25  C   2  S   0.414915  -1.530363   0.467619   2.671910  -0.243437
   26  C   2  X   0.066162  -0.035080   0.015105   0.079885  -0.001538
   27  C   2  Y   0.044210  -0.014901   0.002430   0.055886   0.048174
   28  C   2  Z  -0.009981   0.016725   0.164669  -0.002941   0.023004
   29  C   2  X   0.065956   0.058488  -0.005536  -0.044499  -0.008573
   30  C   2  Y   0.008150   0.016886   0.000515   0.046244  -0.037792
   31  C   2  Z  -0.003769   0.007922   0.104494  -0.000999   0.018864
   32  C   2  X   1.269754   0.393240   0.163419   0.791613   0.170637
   33  C   2  Y   0.473777  -0.322141   0.136841  -0.015086   1.149987
   34  C   2  Z  -0.036984   0.079211   0.862483  -0.029880   0.109851
   35  C   2 XX   0.096015  -0.153779   0.058296   0.319070  -0.051157
   36  C   2 YY   0.118131  -0.156273   0.058408   0.310549  -0.029162
   37  C   2 ZZ   0.109045  -0.152884   0.059968   0.312335  -0.039389
   38  C   2 XY  -0.014837  -0.004710  -0.000765  -0.017948  -0.002121
   39  C   2 XZ  -0.001240   0.001653   0.009367   0.000057   0.000504
   40  C   2 YZ  -0.000643   0.001674   0.013729  -0.001057   0.000735
   41  C   3  S  -0.014930  -0.016797   0.000711  -0.013684   0.018490
   42  C   3  S  -0.030542  -0.031997   0.001170  -0.025757   0.035050
   43  C   3  S   0.594290   0.378837   0.000874   0.349712  -0.446836
   44  C   3  S  -1.419993  -0.861873  -0.007701  -0.775733   1.012032
   45  C   3  S   2.355781   1.912366  -0.033829   0.584996  -1.471538
   46  C   3  X  -0.012607   0.010855  -0.005131  -0.009521   0.025363
   47  C   3  Y   0.121573   0.077208   0.002793   0.035374  -0.061148
   48  C   3  Z   0.010804  -0.015294  -0.115507   0.000446  -0.015884
   49  C   3  X  -0.003500   0.042194  -0.003725  -0.025660   0.018072
   50  C   3  Y  -0.008797  -0.077746   0.012434   0.172815  -0.026423
   51  C   3  Z   0.010831  -0.013186  -0.100004   0.001290  -0.009580
   52  C   3  X   0.153862   0.393474  -0.170443  -0.839608   0.216587
   53  C   3  Y  -0.261838   0.331034   0.122293   1.272833  -1.552197
   54  C   3  Z   0.040485  -0.046265  -0.504507  -0.009116  -0.083990
   55  C   3 XX   0.290608   0.177069   0.000603   0.160429  -0.200265
   56  C   3 YY   0.250569   0.159534  -0.000137   0.152687  -0.199377
   57  C   3 ZZ   0.269593   0.174377   0.000436   0.165550  -0.208737
   58  C   3 XY   0.005618   0.000535  -0.001092  -0.004144   0.009944
   59  C   3 XZ  -0.001235   0.002884   0.027829  -0.000987   0.003418
   60  C   3 YZ   0.000618  -0.000436  -0.004425  -0.000236  -0.001117
   61  N   4  S  -0.017777  -0.008375   0.001053   0.019402  -0.014466
   62  N   4  S  -0.032982  -0.018733   0.002495   0.041736  -0.031444
   63  N   4  S   0.063106   0.129686  -0.020759  -0.243792   0.195041
   64  N   4  S  -0.010925  -0.231720   0.039685   0.420459  -0.345736
   65  N   4  S   0.087807   0.187447  -0.035456  -0.451130   0.435961
   66  N   4  X  -0.060940  -0.068184   0.007989   0.063391  -0.017658
   67  N   4  Y   0.029113   0.026376  -0.006569  -0.033414   0.046181
   68  N   4  Z  -0.000830  -0.005203  -0.046739   0.005389  -0.001085
   69  N   4  X   0.009641  -0.004826  -0.000065  -0.004151   0.034961
   70  N   4  Y   0.006199   0.000128   0.001167   0.036998   0.014805
   71  N   4  Z   0.000244  -0.003220  -0.037402   0.003351  -0.000560
   72  N   4  X  -0.801417  -0.763612   0.117762   0.893803  -0.450400
   73  N   4  Y   0.300175   0.353226  -0.101770  -0.665981   0.357667
   74  N   4  Z  -0.015472  -0.016167  -0.072980   0.023061  -0.003230
   75  N   4 XX   0.016707   0.057308  -0.010418  -0.113045   0.090448
   76  N   4 YY   0.033468   0.061937  -0.008952  -0.108691   0.087636
   77  N   4 ZZ   0.027934   0.062838  -0.010063  -0.117873   0.095418
   78  N   4 XY   0.009436   0.005930   0.000190  -0.002922  -0.000334
   79  N   4 XZ   0.000194  -0.000550  -0.003838   0.000055  -0.000810
   80  N   4 YZ   0.001583  -0.002641  -0.025352   0.000812  -0.002778
   81  C   5  S   0.001451  -0.002114   0.000010  -0.011003   0.004584
   82  C   5  S   0.001227  -0.003183   0.000106  -0.016823   0.008111
   83  C   5  S   0.107267  -0.094845   0.001954  -0.109344  -0.101725
   84  C   5  S  -0.279648   0.253962  -0.002812   0.369434   0.220298
   85  C   5  S   0.552653   0.054523  -0.070280  -0.746996  -0.161565
   86  C   5  X  -0.014808   0.009605  -0.004908   0.027653  -0.002724
   87  C   5  Y   0.001393  -0.016650   0.008989   0.043634  -0.026938
   88  C   5  Z  -0.015265   0.031101   0.290332  -0.014037   0.025805
   89  C   5  X   0.073640   0.085797  -0.020602  -0.110210   0.075967
   90  C   5  Y   0.062615   0.057932  -0.006641  -0.038712   0.029501
   91  C   5  Z  -0.017630   0.037278   0.334959  -0.017374   0.028171
   92  C   5  X   0.085317  -0.173988  -0.003325  -0.181374   0.066715
   93  C   5  Y   0.332443   0.341577  -0.019253  -0.184228  -0.059297
   94  C   5  Z  -0.012248   0.027949   0.428094  -0.015817   0.058911
   95  C   5 XX   0.050995  -0.043989   0.000748  -0.050398  -0.043268
   96  C   5 YY   0.049821  -0.048454   0.002558  -0.051407  -0.052839
   97  C   5 ZZ   0.046378  -0.045075   0.001016  -0.046369  -0.049021
   98  C   5 XY  -0.015022  -0.010881   0.000920   0.012750   0.000694
   99  C   5 XZ  -0.001299   0.003243   0.023448  -0.001491   0.001107
  100  C   5 YZ  -0.001002   0.001148   0.012764  -0.000079   0.002096
  101  N   6  S  -0.008941   0.004213  -0.001562   0.004733   0.001486
  102  N   6  S  -0.015252   0.012906  -0.003839   0.013394   0.006960
  103  N   6  S  -0.015529  -0.168375   0.035753  -0.156918  -0.149235
  104  N   6  S   0.102240   0.359243  -0.071908   0.324343   0.332777
  105  N   6  S  -0.119851  -0.335076   0.098369  -0.139510  -0.371385
  106  N   6  X  -0.002294  -0.027342   0.003830   0.035633  -0.005413
  107  N   6  Y   0.025365   0.024280  -0.004684   0.028180   0.037376
  108  N   6  Z  -0.001276   0.002651  -0.008190  -0.001820  -0.009933
  109  N   6  X   0.016722   0.016730   0.004637   0.022842  -0.008958
  110  N   6  Y   0.004778   0.012967   0.001406   0.027684   0.005937
  111  N   6  Z  -0.000140   0.002299  -0.008945  -0.000319  -0.005006
  112  N   6  X  -0.110684  -0.246243   0.032649  -0.050284  -0.109954
  113  N   6  Y   0.009079  -0.122399   0.007348   0.177685   0.021204
  114  N   6  Z  -0.000679   0.003095   0.026351  -0.013509  -0.024589
  115  N   6 XX  -0.011637  -0.079624   0.018041  -0.074924  -0.077989
  116  N   6 YY  -0.009685  -0.080922   0.017097  -0.073384  -0.071396
  117  N   6 ZZ  -0.009929  -0.079969   0.016145  -0.075886  -0.071722
  118  N   6 XY   0.002327  -0.001053   0.000310  -0.006380  -0.002938
  119  N   6 XZ   0.001612  -0.003409  -0.028212   0.001542  -0.001806
  120  N   6 YZ  -0.000046   0.000013  -0.000216  -0.000236  -0.000452
  121  O   7  S  -0.002546  -0.000717   0.000120   0.003932  -0.003747
  122  O   7  S  -0.004998  -0.000584  -0.000125   0.008595  -0.009476
  123  O   7  S   0.018744  -0.016560   0.009088  -0.049283   0.075651
  124  O   7  S  -0.024366   0.038470  -0.020105   0.084188  -0.144939
  125  O   7  S   0.077316   0.041878  -0.001221  -0.135473   0.166484
  126  O   7  X  -0.013472  -0.015254   0.003988   0.017475  -0.006036
  127  O   7  Y  -0.001616   0.001401  -0.003870  -0.021064   0.023641
  128  O   7  Z   0.010921  -0.022252  -0.199097   0.009607  -0.017824
  129  O   7  X   0.009945  -0.001602  -0.000145  -0.014846   0.009401
  130  O   7  Y   0.016390   0.012976  -0.004697  -0.035902   0.022073
  131  O   7  Z   0.009388  -0.018229  -0.151472   0.007389  -0.012255
  132  O   7  X  -0.033506   0.011127   0.008048   0.041930   0.003998
  133  O   7  Y  -0.066048  -0.046213  -0.005435  -0.016620   0.082385
  134  O   7  Z   0.014289  -0.032218  -0.346929   0.015916  -0.037440
  135  O   7 XX   0.010158  -0.006469   0.004070  -0.025364   0.036424
  136  O   7 YY   0.008601  -0.008868   0.004674  -0.023136   0.034881
  137  O   7 ZZ   0.007857  -0.008719   0.004641  -0.021052   0.034539
  138  O   7 XY   0.002355   0.001340  -0.000187  -0.003193   0.002075
  139  O   7 XZ  -0.000218   0.000503   0.005292  -0.000296   0.000459
  140  O   7 YZ  -0.000073   0.000165   0.002110  -0.000082   0.000314
  141  N   8  S  -0.013804   0.029030  -0.002370   0.016483   0.009010
  142  N   8  S  -0.032988   0.063351  -0.009139   0.030681   0.024641
  143  N   8  S   0.285233  -0.404936   0.158358  -0.058680  -0.282305
  144  N   8  S  -0.553052   0.715953  -0.342043   0.025791   0.581491
  145  N   8  S   0.455838  -0.656159   0.228934  -0.215374  -0.511489
  146  N   8  X   0.066277  -0.083113  -0.003662  -0.004594   0.031748
  147  N   8  Y   0.009700  -0.008174  -0.011259   0.070003   0.147202
  148  N   8  Z   0.010189  -0.015375   0.084537  -0.015959   0.006226
  149  N   8  X  -0.018295   0.031657  -0.008270   0.041062  -0.007165
  150  N   8  Y   0.001991  -0.007272  -0.003861  -0.044103  -0.027222
  151  N   8  Z  -0.002791   0.004165   0.045687  -0.008839   0.000883
  152  N   8  X   0.518557  -0.729527  -0.052217  -0.143356   0.378602
  153  N   8  Y   0.040902  -0.036205  -0.107008   0.625466   1.205997
  154  N   8  Z   0.067773  -0.092934   0.291179  -0.047209   0.048934
  155  N   8 XX   0.134447  -0.188795   0.078155  -0.029089  -0.146176
  156  N   8 YY   0.133852  -0.182625   0.075235  -0.014176  -0.121213
  157  N   8 ZZ   0.137371  -0.196166   0.076300  -0.026711  -0.137722
  158  N   8 XY  -0.008636   0.007284   0.000108   0.001101  -0.011215
  159  N   8 XZ  -0.002494   0.004291   0.015233  -0.000098  -0.000394
  160  N   8 YZ  -0.000744   0.000361  -0.003007  -0.000795  -0.002266
  161  H   9  S  -0.013768  -0.013612  -0.000093  -0.003816  -0.007158
  162  H   9  S   0.107796  -0.076223   0.032475   0.129581   0.044744
  163  H   9  S  -1.657838   0.278209  -0.389825  -1.552394  -0.695839
  164  H   9  X  -0.012002   0.011070  -0.003330  -0.011013  -0.008426
  165  H   9  Y  -0.007442   0.003287  -0.002494  -0.014961   0.001448
  166  H   9  Z  -0.001174   0.001990   0.013857  -0.000492   0.000978
  167  H  10  S  -0.013060  -0.008041   0.000468  -0.012398   0.004361
  168  H  10  S   0.115624   0.110214   0.002669   0.010912  -0.123663
  169  H  10  S  -0.861456  -1.039633  -0.125646  -1.615955   2.082728
  170  H  10  X   0.003685   0.005197  -0.001102  -0.006356   0.002883
  171  H  10  Y  -0.020970  -0.018463   0.000202  -0.003069   0.014765
  172  H  10  Z   0.000810  -0.000837  -0.007515  -0.000124  -0.001355
  173  H  11  S  -0.016695  -0.000728  -0.002077   0.001373  -0.002095
  174  H  11  S  -0.054904  -0.052159   0.012099   0.056075  -0.018229
  175  H  11  S  -1.273126  -1.098215   0.127379   1.371199  -0.877223
  176  H  11  X   0.013261   0.010311  -0.001244  -0.018199   0.013988
  177  H  11  Y  -0.009281  -0.008674   0.000995   0.009210  -0.003442
  178  H  11  Z   0.000371  -0.000416  -0.005878   0.000146  -0.000163
  179  H  12  S  -0.010970   0.015295   0.009710   0.012702   0.003339
  180  H  12  S   0.043558  -0.087721   0.055288  -0.038571  -0.020534
  181  H  12  S  -1.024971   1.600075  -0.008737   0.111260  -1.260826
  182  H  12  X  -0.014251   0.021740  -0.003395  -0.000995  -0.014712
  183  H  12  Y  -0.012440   0.017926  -0.003314   0.001814  -0.010547
  184  H  12  Z  -0.004020   0.006524   0.008421  -0.000750  -0.003458
  185  H  13  S  -0.005298   0.022792   0.002905   0.009934   0.007949
  186  H  13  S   0.027393  -0.072972   0.001185  -0.065750  -0.046513
  187  H  13  S  -0.278322   0.798293  -0.214268   1.302260   2.097598
  188  H  13  X   0.002084   0.000844   0.000335   0.001958   0.005320
  189  H  13  Y   0.005934  -0.014838   0.004031  -0.023684  -0.033210
  190  H  13  Z  -0.000478   0.001397   0.004830   0.001660   0.003949

                     36         37         38         39         40
                    0.2114     0.2509     0.2533     0.2717     0.2803
                     A          A          A          A          A   
    1  C   1  S  -0.002907   0.001388  -0.026933   0.005027  -0.011859
    2  C   1  S  -0.004402   0.002614  -0.053027   0.012377  -0.028118
    3  C   1  S  -0.048549   0.000874   0.534848  -0.500062   1.071722
    4  C   1  S   0.157247  -0.011825  -1.182898   1.245183  -2.638034
    5  C   1  S  -0.184871  -0.046367   2.769622  -2.409064   3.411968
    6  C   1  X  -0.022389  -0.001634   0.037207   0.004773   0.030696
    7  C   1  Y   0.065508  -0.002413   0.039394   0.019850  -0.002703
    8  C   1  Z  -0.010268   0.071719   0.008062   0.009112  -0.004610
    9  C   1  X  -0.107181  -0.002160   0.130038  -0.140199   0.192990
   10  C   1  Y   0.070377  -0.000471   0.045364   0.020101  -0.142333
   11  C   1  Z  -0.007698  -0.039698   0.011977   0.024376  -0.006025
   12  C   1  X   0.010776   0.054081  -1.421387   0.275669   0.135141
   13  C   1  Y  -0.471992  -0.109390   2.194838   1.698698   2.443779
   14  C   1  Z  -0.060695   1.092267   0.044438   0.100326  -0.043786
   15  C   1 XX  -0.016368   0.000113   0.248544  -0.209565   0.494487
   16  C   1 YY  -0.038084   0.001313   0.232719  -0.225558   0.494330
   17  C   1 ZZ  -0.014811   0.002872   0.222702  -0.257866   0.508965
   18  C   1 XY   0.001886   0.000780   0.000197   0.003243  -0.012670
   19  C   1 XZ   0.002062   0.007910  -0.001292  -0.000229  -0.001656
   20  C   1 YZ   0.000447   0.006080   0.000261   0.000608  -0.000081
   21  C   2  S   0.030426   0.000603   0.001610  -0.004360   0.003052
   22  C   2  S   0.057365   0.001156   0.005771  -0.012235   0.006264
   23  C   2  S  -0.620303   0.013903  -0.573121   0.231983   0.178368
   24  C   2  S   1.393982  -0.035315   1.448757  -0.618288  -0.443392
   25  C   2  S  -2.507504  -0.080470  -1.328690   2.236335  -0.760609
   26  C   2  X  -0.055973   0.002316   0.025164  -0.075171   0.015700
   27  C   2  Y  -0.045831   0.001752  -0.005125  -0.046849   0.020438
   28  C   2  Z   0.016851  -0.125200  -0.009810   0.002789  -0.002692
   29  C   2  X   0.070859   0.008823  -0.047843  -0.131358   0.330513
   30  C   2  Y  -0.000447   0.016577  -0.143131  -0.084825   0.040183
   31  C   2  Z   0.020131  -0.220768  -0.018102   0.018522  -0.019389
   32  C   2  X  -1.037741   0.091606   0.542116  -2.905965  -2.391433
   33  C   2  Y  -1.594257  -0.103967   2.054509  -0.544643   2.713626
   34  C   2  Z   0.070819  -0.697266  -0.037694  -0.117178   0.051691
   35  C   2 XX  -0.277187   0.008323  -0.294142   0.109687   0.059996
   36  C   2 YY  -0.270809   0.005629  -0.240202   0.095104   0.111042
   37  C   2 ZZ  -0.286455   0.008287  -0.277344   0.086063   0.106431
   38  C   2 XY   0.012747  -0.000297  -0.011589   0.012303   0.018230
   39  C   2 XZ  -0.000449   0.000720   0.000605  -0.001001   0.000893
   40  C   2 YZ   0.000885  -0.009825  -0.000823  -0.001246   0.000756
   41  C   3  S  -0.019903  -0.000060  -0.001013  -0.004368   0.012330
   42  C   3  S  -0.037229  -0.000378   0.000697  -0.003620   0.025455
   43  C   3  S   0.497663   0.044266  -0.427299  -0.590903  -0.089757
   44  C   3  S  -1.125742  -0.111729   1.088822   1.526824   0.191464
   45  C   3  S   1.565607   0.128020  -1.186431  -1.257491  -1.249890
   46  C   3  X  -0.023900   0.001111   0.000992   0.026828  -0.031337
   47  C   3  Y   0.069490  -0.000861   0.013715  -0.008465   0.071425
   48  C   3  Z  -0.006800  -0.068885  -0.005984  -0.002545  -0.010841
   49  C   3  X  -0.033263  -0.005076   0.089476   0.128976   0.025312
   50  C   3  Y   0.010181   0.004367  -0.056281  -0.205378   0.122462
   51  C   3  Z   0.001415  -0.366402  -0.027327  -0.004047  -0.028850
   52  C   3  X   1.174996   0.128432   0.251914  -3.555561  -2.022842
   53  C   3  Y   1.230010  -0.209311   2.398381   4.037047  -0.758907
   54  C   3  Z  -0.053743   1.267602   0.076455  -0.010315  -0.006549
   55  C   3 XX   0.225437   0.019741  -0.186385  -0.273197  -0.019342
   56  C   3 YY   0.227299   0.021693  -0.209681  -0.288115  -0.063555
   57  C   3 ZZ   0.236621   0.021037  -0.207118  -0.278974   0.001247
   58  C   3 XY   0.009600   0.000118   0.032593  -0.036839  -0.017308
   59  C   3 XZ   0.002630  -0.003788  -0.001143   0.000579  -0.000834
   60  C   3 YZ  -0.000746   0.012859   0.001220  -0.001024   0.000608
   61  N   4  S   0.012566   0.000473  -0.015051   0.004658   0.013047
   62  N   4  S   0.021175   0.001873  -0.041945   0.001843   0.054787
   63  N   4  S   0.024323  -0.031980   0.474227   0.187925  -0.970828
   64  N   4  S  -0.140302   0.070963  -0.998692  -0.473271   2.138998
   65  N   4  S  -0.132284  -0.063690   1.105064   0.338374  -1.799812
   66  N   4  X   0.026553   0.001111   0.081045  -0.066804  -0.036043
   67  N   4  Y  -0.022654   0.001085  -0.029936  -0.045379   0.026337
   68  N   4  Z  -0.003436  -0.115318   0.000131  -0.005644   0.006327
   69  N   4  X  -0.049076   0.001584  -0.011437  -0.015460   0.004421
   70  N   4  Y  -0.019346  -0.002324  -0.045179   0.027935   0.041529
   71  N   4  Z  -0.004044  -0.056341   0.001546  -0.004363   0.006979
   72  N   4  X   0.378831  -0.061021   1.530524  -0.109716  -0.971194
   73  N   4  Y   0.115412   0.058267  -0.323550  -1.163410   0.386867
   74  N   4  Z  -0.002176  -0.563510   0.001128  -0.018267  -0.000437
   75  N   4 XX   0.023197  -0.014860   0.229565   0.077367  -0.486694
   76  N   4 YY   0.010517  -0.015931   0.224502   0.107811  -0.460839
   77  N   4 ZZ   0.011911  -0.015158   0.221287   0.087993  -0.448508
   78  N   4 XY  -0.002059  -0.000396   0.000971   0.003278  -0.001579
   79  N   4 XZ  -0.000081  -0.000814  -0.000188  -0.000248  -0.001088
   80  N   4 YZ  -0.002289  -0.006380   0.000685  -0.000526   0.000980
   81  C   5  S   0.002969  -0.000168   0.005896  -0.004705  -0.005547
   82  C   5  S   0.004870  -0.000348   0.010774  -0.008460  -0.011646
   83  C   5  S   0.078222   0.022065  -0.306073  -0.159862   0.572769
   84  C   5  S  -0.231319  -0.054111   0.747350   0.428087  -1.400683
   85  C   5  S   0.410495   0.104225  -1.403448  -0.638908   2.434623
   86  C   5  X  -0.017348   0.000950  -0.001972  -0.018059  -0.007260
   87  C   5  Y   0.009945  -0.000315  -0.032886   0.069483   0.035311
   88  C   5  Z   0.023911   0.052385  -0.010220  -0.001373  -0.016851
   89  C   5  X  -0.032016  -0.001649  -0.043342   0.136691  -0.065975
   90  C   5  Y   0.012195   0.005970  -0.152959   0.012764  -0.042196
   91  C   5  Z   0.028298  -0.069509  -0.018911  -0.007276  -0.025308
   92  C   5  X  -0.271437   0.033781  -0.976338   0.871960   0.497450
   93  C   5  Y   0.150509  -0.006266   0.785515  -0.370999   0.115767
   94  C   5  Z   0.046176   1.034457   0.009205   0.085156  -0.016148
   95  C   5 XX   0.034488   0.010133  -0.138893  -0.067556   0.251334
   96  C   5 YY   0.037728   0.009853  -0.130298  -0.072853   0.262352
   97  C   5 ZZ   0.039939   0.011260  -0.162212  -0.095515   0.296999
   98  C   5 XY   0.002482   0.000290  -0.002449  -0.002214   0.000070
   99  C   5 XZ   0.000788  -0.002768  -0.000142   0.000171  -0.000863
  100  C   5 YZ   0.001577   0.007982  -0.000575   0.000431  -0.000308
  101  N   6  S   0.003853   0.001149  -0.018829  -0.015260   0.006850
  102  N   6  S   0.012807   0.003904  -0.053289  -0.044705   0.021699
  103  N   6  S  -0.192368  -0.058560   0.639176   0.539093  -0.284761
  104  N   6  S   0.412451   0.126929  -1.344730  -1.134108   0.621844
  105  N   6  S  -0.358944  -0.111108   1.363999   1.084138  -0.664010
  106  N   6  X   0.003209   0.001830  -0.016783   0.009816   0.019287
  107  N   6  Y  -0.008528   0.000195  -0.028805  -0.003276  -0.053721
  108  N   6  Z  -0.008804  -0.165652  -0.001853  -0.011097   0.009506
  109  N   6  X   0.009479   0.001409   0.018231  -0.051837  -0.024294
  110  N   6  Y  -0.002898  -0.002235   0.047202  -0.014261   0.007677
  111  N   6  Z  -0.008045  -0.067360   0.002022  -0.004611   0.007487
  112  N   6  X  -0.097517   0.001781  -0.355295   0.825154   0.667670
  113  N   6  Y  -0.135485  -0.000688  -0.340991   0.012375  -0.742406
  114  N   6  Z  -0.013288  -0.769792  -0.027118  -0.063375   0.036229
  115  N   6 XX  -0.099812  -0.028399   0.316726   0.253890  -0.133956
  116  N   6 YY  -0.089286  -0.028509   0.307072   0.260985  -0.140630
  117  N   6 ZZ  -0.089660  -0.027365   0.293220   0.252448  -0.130113
  118  N   6 XY   0.000690  -0.000358   0.007485  -0.003880   0.003964
  119  N   6 XZ  -0.001712   0.000264   0.000852   0.000268   0.000554
  120  N   6 YZ  -0.000321   0.000365   0.000051   0.000036  -0.000039
  121  O   7  S   0.004565   0.000234  -0.002213  -0.011697   0.005327
  122  O   7  S   0.016857   0.000885  -0.009538  -0.041362   0.020695
  123  O   7  S  -0.237308  -0.012695   0.153347   0.551884  -0.297551
  124  O   7  S   0.491750   0.026497  -0.321951  -1.140515   0.629836
  125  O   7  S  -0.316323  -0.017449   0.152106   0.814375  -0.510856
  126  O   7  X   0.020970  -0.000075   0.028738  -0.011678  -0.032798
  127  O   7  Y  -0.018367  -0.000485  -0.005884   0.000774  -0.012505
  128  O   7  Z  -0.014780  -0.075412   0.004047  -0.003556   0.007569
  129  O   7  X   0.012705   0.001339  -0.011685  -0.001654  -0.039255
  130  O   7  Y  -0.013004  -0.000887   0.004135   0.013608  -0.005792
  131  O   7  Z  -0.010354  -0.030216   0.003802  -0.000537   0.005044
  132  O   7  X  -0.009108  -0.013799   0.244469   0.118709  -0.239698
  133  O   7  Y  -0.081931  -0.001319  -0.076439   0.096431  -0.178207
  134  O   7  Z  -0.031913  -0.288223   0.005045  -0.018667   0.018071
  135  O   7 XX  -0.114301  -0.006178   0.076615   0.263132  -0.146597
  136  O   7 YY  -0.113475  -0.006128   0.073807   0.265834  -0.141154
  137  O   7 ZZ  -0.113328  -0.005989   0.071866   0.260600  -0.137943
  138  O   7 XY  -0.001890  -0.000141  -0.000992   0.005381  -0.000697
  139  O   7 XZ   0.000534   0.000266  -0.000249  -0.000137  -0.000551
  140  O   7 YZ   0.000283   0.000632  -0.000178   0.000028  -0.000236
  141  N   8  S  -0.007164  -0.001161   0.002537  -0.008237  -0.001521
  142  N   8  S  -0.018033  -0.001842  -0.002578  -0.025161  -0.003138
  143  N   8  S   0.169657  -0.004625   0.207668   0.318990   0.034380
  144  N   8  S  -0.345028   0.017803  -0.497568  -0.686190  -0.049989
  145  N   8  S   0.349898   0.003301   0.402212   0.868924  -0.136484
  146  N   8  X   0.056842   0.008872  -0.013950  -0.024528   0.009666
  147  N   8  Y   0.068997  -0.000811  -0.004235   0.047688   0.000192
  148  N   8  Z   0.021221  -0.050526  -0.013598  -0.002178  -0.000789
  149  N   8  X  -0.021635   0.012139   0.019439  -0.042522   0.094995
  150  N   8  Y  -0.001531  -0.001817   0.034172   0.038644  -0.017126
  151  N   8  Z   0.011877  -0.025021  -0.005971   0.003404   0.007122
  152  N   8  X   0.434944   0.023305  -0.281660  -0.655160   0.030586
  153  N   8  Y   0.693650   0.001854  -0.400519   0.345864  -0.203490
  154  N   8  Z   0.092741  -0.277736  -0.061375  -0.043326  -0.032793
  155  N   8 XX   0.068496  -0.003240   0.109620   0.147078   0.027629
  156  N   8 YY   0.088687  -0.002443   0.104011   0.160979   0.016216
  157  N   8 ZZ   0.081879  -0.001677   0.088448   0.145074   0.013446
  158  N   8 XY  -0.009682   0.000592  -0.010761  -0.004303  -0.002314
  159  N   8 XZ  -0.001749  -0.006165   0.000555  -0.001937   0.002564
  160  N   8 YZ  -0.002007   0.002827   0.000783  -0.000359   0.000677
  161  H   9  S   0.020428  -0.000702  -0.020281   0.033682  -0.009087
  162  H   9  S  -0.172314  -0.004638   0.100284  -0.063380  -0.143083
  163  H   9  S   2.877282  -0.020307  -1.621861   2.862232   0.496718
  164  H   9  X   0.019701   0.000625  -0.011710   0.006390   0.007201
  165  H   9  Y   0.015691   0.000121   0.001349  -0.001936   0.013222
  166  H   9  Z   0.000416  -0.004600   0.000061  -0.000688   0.000851
  167  H  10  S  -0.014593   0.000956  -0.014612  -0.009542  -0.051337
  168  H  10  S   0.139036  -0.009230   0.094637   0.089153  -0.192861
  169  H  10  S  -1.955388   0.203866  -2.265409  -3.664499  -0.494418
  170  H  10  X   0.005766  -0.000211   0.010298  -0.007485  -0.002277
  171  H  10  Y  -0.017947   0.000536  -0.006951  -0.009058   0.000765
  172  H  10  Z  -0.000704   0.006722   0.000608  -0.000442   0.000003
  173  H  11  S   0.015865   0.001993  -0.014338  -0.019335  -0.021686
  174  H  11  S  -0.054376  -0.014488   0.143785   0.150289  -0.243280
  175  H  11  S   1.068951   0.006053   1.051314  -0.840453  -1.101588
  176  H  11  X  -0.018707  -0.000579  -0.006215   0.017170  -0.002454
  177  H  11  Y   0.000467   0.000041  -0.002631   0.006296   0.009011
  178  H  11  Z  -0.000825  -0.001667   0.000455   0.000146   0.000799
  179  H  12  S  -0.013374  -0.005835  -0.005223  -0.007607   0.005057
  180  H  12  S   0.047356  -0.010314  -0.063941   0.072867  -0.074060
  181  H  12  S  -1.646153  -0.056764   0.971811  -0.129429   0.553005
  182  H  12  X  -0.019427   0.000632   0.010512  -0.009608   0.012293
  183  H  12  Y  -0.009417   0.000721  -0.001354   0.000886  -0.003841
  184  H  12  Z  -0.004507  -0.002902   0.000271  -0.004342   0.001387
  185  H  13  S   0.004301  -0.003755   0.016643   0.014021  -0.007460
  186  H  13  S   0.056812  -0.005243  -0.101410   0.026315  -0.086259
  187  H  13  S   0.740051  -0.045099   0.520850   0.855569   0.320412
  188  H  13  X   0.001694   0.000232   0.007704  -0.000536   0.004990
  189  H  13  Y  -0.008107  -0.000479  -0.000462  -0.002609  -0.004403
  190  H  13  Z   0.001991  -0.002986  -0.001054  -0.000042   0.000255

                     41         42         43         44         45
                    0.2943     0.2974     0.3239     0.3244     0.3592
                     A          A          A          A          A   
    1  C   1  S   0.008727   0.013388   0.010608  -0.015736   0.001696
    2  C   1  S   0.015571   0.024594   0.017955  -0.024662   0.003295
    3  C   1  S   0.079432  -0.013090   0.065309  -0.203341  -0.021435
    4  C   1  S  -0.266318  -0.059885  -0.231641   0.622172   0.047916
    5  C   1  S   0.079308  -0.575686  -0.405985  -0.186816  -0.265756
    6  C   1  X   0.036086   0.017063  -0.003904  -0.010943  -0.007762
    7  C   1  Y  -0.004877   0.006541  -0.019553   0.073746   0.012764
    8  C   1  Z   0.092666  -0.114232  -0.130912  -0.055770   0.067433
    9  C   1  X   0.105572  -0.014999  -0.039999  -0.074275  -0.031687
   10  C   1  Y  -0.092373  -0.011815  -0.027629   0.082207   0.012541
   11  C   1  Z   0.198384  -0.253601  -0.471547  -0.216457  -0.162224
   12  C   1  X   3.281708   2.302193  -0.854059   1.143924  -0.436958
   13  C   1  Y   0.798365   0.742210   1.064928  -2.225778  -0.477424
   14  C   1  Z   0.285200  -0.512609   1.201128   0.450521   1.109631
   15  C   1 XX   0.031125  -0.003428   0.041994  -0.110122  -0.008230
   16  C   1 YY   0.041595  -0.000319   0.032022  -0.094009  -0.009112
   17  C   1 ZZ   0.053060   0.007444   0.028802  -0.085535  -0.009015
   18  C   1 XY   0.020773   0.015767   0.006387  -0.020542  -0.005190
   19  C   1 XZ   0.008789  -0.007201  -0.006217  -0.001666   0.004847
   20  C   1 YZ   0.006121  -0.009351  -0.001175  -0.000376  -0.001860
   21  C   2  S   0.006072   0.005756   0.001394  -0.003745  -0.000598
   22  C   2  S   0.012466   0.011412   0.004872  -0.012494  -0.002114
   23  C   2  S  -0.014061   0.003188  -0.198511   0.564069   0.112066
   24  C   2  S   0.012407  -0.026638   0.520852  -1.462449  -0.284674
   25  C   2  S  -1.038019  -0.929521  -1.296742   3.185346   0.535108
   26  C   2  X   0.030794   0.022435   0.014123  -0.016240   0.000493
   27  C   2  Y   0.007462  -0.000008  -0.020038   0.045365  -0.002214
   28  C   2  Z   0.021249  -0.034604   0.033341   0.009421  -0.182144
   29  C   2  X   0.024896   0.009264   0.052262  -0.030440   0.032069
   30  C   2  Y   0.104646   0.091829  -0.041089   0.067461  -0.015540
   31  C   2  Z   0.250230  -0.335883   0.144874   0.043223  -0.461323
   32  C   2  X  -1.502591  -0.862693   1.418206  -3.654510  -0.335665
   33  C   2  Y  -0.700461  -0.769214   0.437769  -1.351665  -0.371269
   34  C   2  Z  -0.885732   1.203009  -0.432172  -0.156376   0.281897
   35  C   2 XX  -0.003140   0.006565  -0.085554   0.240168   0.050558
   36  C   2 YY  -0.004399  -0.000245  -0.098648   0.282620   0.053756
   37  C   2 ZZ   0.012263   0.018444  -0.082545   0.245563   0.049948
   38  C   2 XY  -0.013933  -0.010538  -0.003192   0.008174   0.003230
   39  C   2 XZ  -0.013635   0.017194  -0.009855  -0.003520  -0.002155
   40  C   2 YZ  -0.008777   0.012149  -0.000097   0.000192  -0.005695
   41  C   3  S   0.002919   0.002400  -0.002538   0.012081   0.000641
   42  C   3  S   0.005264   0.003860  -0.005656   0.025109   0.001976
   43  C   3  S   0.107442   0.121352   0.202769  -0.527328  -0.060135
   44  C   3  S  -0.283753  -0.327763  -0.513794   1.296241   0.154048
   45  C   3  S  -0.183728   0.157248   1.024254  -2.811734  -0.389158
   46  C   3  X   0.020377   0.016121  -0.008031   0.007731  -0.001701
   47  C   3  Y   0.027195   0.021560  -0.018172   0.064882  -0.000791
   48  C   3  Z   0.083238  -0.092680   0.100802   0.042260   0.152058
   49  C   3  X  -0.111356  -0.095972   0.015321  -0.073025   0.023277
   50  C   3  Y  -0.019096  -0.055101  -0.029645   0.058272   0.000319
   51  C   3  Z   0.195344  -0.232847   0.433135   0.174344   0.399905
   52  C   3  X   0.971705   0.983317   0.401515  -0.301741  -0.007203
   53  C   3  Y   0.429683   0.511292  -1.189992   3.687101   0.492399
   54  C   3  Z   0.127003  -0.153790  -0.852233  -0.375353  -0.421610
   55  C   3 XX   0.048160   0.053204   0.085253  -0.218117  -0.025447
   56  C   3 YY   0.048157   0.057394   0.098846  -0.253491  -0.027253
   57  C   3 ZZ   0.065195   0.065708   0.099779  -0.253271  -0.026860
   58  C   3 XY   0.015244   0.012756  -0.002766   0.014016  -0.001938
   59  C   3 XZ   0.004523  -0.005791   0.000222   0.000418  -0.010929
   60  C   3 YZ  -0.001678   0.004284  -0.017483  -0.006433   0.002131
   61  N   4  S  -0.000154   0.000599   0.002586  -0.005803  -0.000060
   62  N   4  S   0.009848   0.007137   0.015380  -0.037581   0.001615
   63  N   4  S  -0.317812  -0.193599  -0.331671   0.836099  -0.053929
   64  N   4  S   0.730449   0.441948   0.743394  -1.879922   0.122366
   65  N   4  S  -0.508434  -0.345036  -0.649703   1.656333  -0.074249
   66  N   4  X   0.026741   0.020204  -0.012854   0.044585  -0.002912
   67  N   4  Y  -0.017502  -0.013899  -0.010289   0.032567  -0.000911
   68  N   4  Z  -0.074503   0.087644   0.008682   0.003915  -0.023762
   69  N   4  X   0.002013  -0.006504  -0.006408   0.009023  -0.008495
   70  N   4  Y  -0.086563  -0.076990  -0.047385   0.087466  -0.011110
   71  N   4  Z  -0.078486   0.093153   0.022232   0.010091   0.011520
   72  N   4  X  -0.281514  -0.233686  -0.207227   0.557464   0.146654
   73  N   4  Y   0.528954   0.448401   0.201281  -0.091791   0.163923
   74  N   4  Z  -0.171264   0.200367  -0.057480  -0.016541  -0.073408
   75  N   4 XX  -0.156140  -0.094147  -0.157702   0.397282  -0.027739
   76  N   4 YY  -0.151184  -0.091062  -0.165286   0.416234  -0.027797
   77  N   4 ZZ  -0.154965  -0.096254  -0.156657   0.395891  -0.023324
   78  N   4 XY  -0.013258  -0.012336   0.003475  -0.014299   0.001543
   79  N   4 XZ   0.004714  -0.004873   0.005159   0.002388   0.015692
   80  N   4 YZ  -0.009174   0.009735   0.005559   0.001798  -0.005560
   81  C   5  S  -0.002151  -0.000422   0.005438  -0.010651   0.001430
   82  C   5  S  -0.009858  -0.005570   0.009769  -0.020128   0.002853
   83  C   5  S   0.608317   0.445301  -0.026492   0.158710   0.010355
   84  C   5  S  -1.510205  -1.115927   0.033387  -0.337408  -0.030337
   85  C   5  S   1.990048   1.524737   0.005649   0.390697  -0.284665
   86  C   5  X   0.024554   0.018448  -0.008344   0.024152   0.000113
   87  C   5  Y   0.020789   0.022403  -0.017996   0.049917  -0.009471
   88  C   5  Z   0.159282  -0.164876  -0.139603  -0.052399   0.205792
   89  C   5  X  -0.002008   0.029973  -0.016030   0.085062  -0.025528
   90  C   5  Y   0.068690   0.077815  -0.056463   0.148273  -0.004608
   91  C   5  Z   0.235959  -0.222690  -0.415873  -0.161285   0.617406
   92  C   5  X   1.765552   1.541467  -0.509034   1.346441  -0.511869
   93  C   5  Y   0.639336   0.567330   0.485451  -0.550707   0.677813
   94  C   5  Z   0.326955  -0.478177   0.879864   0.353622  -0.978487
   95  C   5 XX   0.282566   0.209460  -0.006629   0.064445   0.008474
   96  C   5 YY   0.280719   0.203907  -0.016185   0.080115   0.005292
   97  C   5 ZZ   0.274982   0.198154  -0.009480   0.066773   0.006751
   98  C   5 XY   0.011672   0.012329  -0.000984   0.011298  -0.001389
   99  C   5 XZ   0.002404  -0.002226   0.000665  -0.000102  -0.002777
  100  C   5 YZ   0.006926  -0.007943  -0.006328  -0.002532   0.007429
  101  N   6  S  -0.008811  -0.008622  -0.008723   0.019756  -0.000927
  102  N   6  S  -0.028563  -0.024008  -0.025407   0.062862  -0.003573
  103  N   6  S   0.407000   0.274144   0.314182  -0.872692   0.063327
  104  N   6  S  -0.877061  -0.573044  -0.659313   1.869608  -0.139159
  105  N   6  S   0.801136   0.579362   0.639665  -1.790075   0.160485
  106  N   6  X   0.006929   0.007837   0.016268  -0.034641  -0.005277
  107  N   6  Y  -0.027736  -0.015514   0.001318  -0.011186  -0.004707
  108  N   6  Z  -0.100225   0.122758  -0.004650  -0.000822  -0.103016
  109  N   6  X  -0.051807  -0.037838   0.021060  -0.054080   0.038802
  110  N   6  Y  -0.003253  -0.000755   0.019643  -0.052000   0.003213
  111  N   6  Z  -0.091076   0.105153   0.027121   0.009990  -0.118274
  112  N   6  X   0.551284   0.475023   0.088745  -0.183582  -0.478148
  113  N   6  Y  -0.137920  -0.142727  -0.167491   0.146143  -0.048915
  114  N   6  Z  -0.286566   0.407637  -0.296045  -0.093138  -0.162274
  115  N   6 XX   0.199961   0.131609   0.150683  -0.423668   0.031464
  116  N   6 YY   0.190053   0.127968   0.149708  -0.415569   0.030626
  117  N   6 ZZ   0.194591   0.131503   0.150122  -0.413781   0.030447
  118  N   6 XY  -0.009559  -0.009125   0.000430  -0.005150  -0.000656
  119  N   6 XZ  -0.005240   0.005553   0.001176   0.000533   0.001026
  120  N   6 YZ   0.002286  -0.002453  -0.009074  -0.003788   0.003852
  121  O   7  S  -0.016288  -0.015479   0.001249  -0.008437   0.000057
  122  O   7  S  -0.055758  -0.052802   0.005294  -0.029617   0.000304
  123  O   7  S   0.720673   0.678273  -0.081218   0.386183  -0.005647
  124  O   7  S  -1.474503  -1.388898   0.172875  -0.800122   0.012551
  125  O   7  S   0.981431   0.950219  -0.148804   0.648064  -0.006757
  126  O   7  X  -0.004813  -0.000327   0.017580  -0.034092   0.007443
  127  O   7  Y  -0.015511  -0.011690  -0.018312   0.038524  -0.012129
  128  O   7  Z  -0.083193   0.094166   0.005555   0.001066  -0.002665
  129  O   7  X   0.024758   0.026626  -0.000402   0.006094  -0.001525
  130  O   7  Y   0.002995   0.005706  -0.011468   0.037024  -0.003630
  131  O   7  Z  -0.057089   0.060541   0.028736   0.010623  -0.002034
  132  O   7  X  -0.060912  -0.020606   0.075700  -0.112948   0.079814
  133  O   7  Y  -0.022700  -0.001030  -0.126134   0.247297  -0.102083
  134  O   7  Z  -0.208764   0.255944  -0.096298  -0.040741   0.005375
  135  O   7 XX   0.345031   0.324555  -0.038524   0.183114  -0.002196
  136  O   7 YY   0.343689   0.323384  -0.039381   0.184717  -0.003682
  137  O   7 ZZ   0.340852   0.320363  -0.038135   0.181440  -0.002335
  138  O   7 XY   0.001755   0.001925  -0.001170   0.003033  -0.000679
  139  O   7 XZ   0.004539  -0.004573  -0.004607  -0.001704   0.007932
  140  O   7 YZ   0.002648  -0.002858  -0.003125  -0.001224   0.004419
  141  N   8  S   0.009392   0.003574  -0.002759  -0.000480  -0.004543
  142  N   8  S   0.039622   0.018022  -0.018348   0.014756  -0.013062
  143  N   8  S  -0.701012  -0.357316   0.420728  -0.490216   0.153327
  144  N   8  S   1.559286   0.803762  -0.946434   1.126824  -0.324103
  145  N   8  S  -1.538409  -0.791752   0.751961  -0.835678   0.305083
  146  N   8  X   0.025291   0.013569  -0.012025   0.011509   0.008915
  147  N   8  Y  -0.014311   0.002287   0.008364  -0.020901   0.007329
  148  N   8  Z   0.020496  -0.010545  -0.038137  -0.018402  -0.109588
  149  N   8  X   0.017383   0.023268   0.026247  -0.002698   0.053510
  150  N   8  Y   0.021121   0.025473  -0.000367  -0.014119  -0.003890
  151  N   8  Z   0.078510  -0.096839  -0.067903  -0.033472  -0.138549
  152  N   8  X   0.489731   0.086434  -0.543303   0.494285  -0.262279
  153  N   8  Y  -0.759347  -0.478174   0.151733   0.041424   0.181131
  154  N   8  Z  -0.211906   0.332202  -0.075153   0.004822  -0.168292
  155  N   8 XX  -0.344519  -0.180981   0.199590  -0.229469   0.071675
  156  N   8 YY  -0.337237  -0.168152   0.212594  -0.255146   0.074558
  157  N   8 ZZ  -0.325538  -0.165612   0.198740  -0.231156   0.072303
  158  N   8 XY  -0.004660  -0.002782   0.000533   0.005939   0.002661
  159  N   8 XZ  -0.007905   0.007062   0.005774   0.004362  -0.008022
  160  N   8 YZ   0.000817  -0.002621  -0.004582  -0.000006   0.005110
  161  H   9  S  -0.031973  -0.023838  -0.009194   0.013805   0.005005
  162  H   9  S  -0.088150  -0.063685   0.010284  -0.016260   0.009500
  163  H   9  S   0.703789   0.438875  -1.133896   2.643380   0.390159
  164  H   9  X   0.002053   0.001872   0.003282  -0.009208  -0.000022
  165  H   9  Y  -0.000128  -0.000584  -0.003896   0.009703   0.000628
  166  H   9  Z  -0.010448   0.013005  -0.003382  -0.001067  -0.006829
  167  H  10  S  -0.012239  -0.005303   0.008960  -0.023451  -0.000149
  168  H  10  S  -0.062684  -0.027291  -0.034668   0.096928   0.008126
  169  H  10  S  -0.405057  -0.419890   0.997059  -3.018955  -0.307918
  170  H  10  X   0.003231   0.002612  -0.000751   0.003926  -0.000493
  171  H  10  Y  -0.001999  -0.003002   0.002058  -0.005708   0.000508
  172  H  10  Z   0.001443  -0.000327  -0.010651  -0.003991   0.007195
  173  H  11  S   0.019977   0.021163   0.000516   0.008127  -0.005714
  174  H  11  S  -0.109542  -0.075115  -0.004859  -0.026585   0.000696
  175  H  11  S   0.569921   0.534979  -0.258928   0.767149  -0.214924
  176  H  11  X  -0.005875  -0.004884  -0.001667   0.000944  -0.000118
  177  H  11  Y   0.007471   0.006309  -0.004577   0.012897  -0.001955
  178  H  11  Z  -0.007690   0.007973  -0.001270  -0.000827  -0.016731
  179  H  12  S  -0.022882  -0.011049  -0.003186   0.018625  -0.005137
  180  H  12  S   0.053412   0.087509   0.038787  -0.089047  -0.034670
  181  H  12  S  -0.607936  -0.591805   0.071233   0.297683   0.163583
  182  H  12  X  -0.000931  -0.004679  -0.001468   0.009623   0.001545
  183  H  12  Y   0.002083   0.001488   0.002443  -0.006569   0.002232
  184  H  12  Z  -0.002142   0.005415   0.001536   0.003413  -0.002586
  185  H  13  S   0.005965   0.012483   0.016622  -0.037017  -0.006317
  186  H  13  S  -0.028114  -0.026662   0.062136  -0.061155  -0.027987
  187  H  13  S  -0.580284  -0.280430   0.477609  -0.919314   0.088895
  188  H  13  X  -0.000133  -0.000297   0.000455  -0.002971   0.000357
  189  H  13  Y   0.000785  -0.000495  -0.000420   0.003741  -0.001978
  190  H  13  Z   0.000655   0.001384   0.003966   0.001410  -0.005516

                     46         47         48         49         50
                    0.3637     0.3740     0.4061     0.4165     0.4272
                     A          A          A          A          A   
    1  C   1  S   0.009080  -0.022877   0.000510  -0.003402  -0.005464
    2  C   1  S   0.017394  -0.041862   0.003401  -0.007929  -0.013572
    3  C   1  S  -0.401108   0.324903  -0.153126   0.050333   0.253964
    4  C   1  S   0.963404  -0.661318   0.423610  -0.134960  -0.658146
    5  C   1  S  -0.927922   2.352846  -1.842574   1.281525   2.424798
    6  C   1  X  -0.005487   0.014315   0.016804   0.042809   0.097503
    7  C   1  Y   0.039752  -0.009211   0.000502  -0.049244  -0.108022
    8  C   1  Z  -0.000880  -0.043877   0.001477   0.121427  -0.073275
    9  C   1  X  -0.055750   0.361292   0.001979   0.170066   0.370295
   10  C   1  Y  -0.131886  -0.139909   0.084106  -0.071902  -0.248604
   11  C   1  Z   0.052063  -0.144109   0.020096   0.439481  -0.278084
   12  C   1  X  -1.859751   4.440391   1.462271  -0.872652  -1.295831
   13  C   1  Y  -4.395025  -2.746845  -0.573416   0.230398   0.606506
   14  C   1  Z  -0.112067  -0.151458  -0.058133  -1.278926   0.653719
   15  C   1 XX  -0.201253   0.125322  -0.095673   0.008858   0.089631
   16  C   1 YY  -0.179374   0.140526  -0.035167   0.026369   0.127926
   17  C   1 ZZ  -0.189512   0.170962  -0.068771   0.014765   0.110865
   18  C   1 XY  -0.026867   0.007933   0.029756  -0.004017  -0.000880
   19  C   1 XZ  -0.002039   0.003527   0.000474   0.009872  -0.000798
   20  C   1 YZ   0.002279  -0.004760  -0.000919  -0.011418   0.002433
   21  C   2  S  -0.010537   0.005273  -0.021553  -0.004100  -0.011705
   22  C   2  S  -0.023638   0.007683  -0.036445  -0.004901  -0.013582
   23  C   2  S   0.421295   0.225200  -0.102264  -0.354731  -0.908194
   24  C   2  S  -1.059637  -0.630452   0.395531   0.932188   2.392590
   25  C   2  S   3.056230   1.498713   1.017828  -1.043070  -2.323257
   26  C   2  X   0.004080  -0.026800  -0.033635  -0.018175  -0.058480
   27  C   2  Y  -0.036655   0.040565  -0.007513  -0.028557  -0.053313
   28  C   2  Z   0.033204  -0.002524  -0.007993  -0.194442   0.076093
   29  C   2  X   0.157205  -0.158716  -0.074711  -0.134900  -0.369319
   30  C   2  Y  -0.234995   0.249963  -0.010509  -0.073546  -0.112067
   31  C   2  Z   0.096234  -0.053375  -0.032792  -0.673173   0.257547
   32  C   2  X  -1.057893  -3.636478  -1.315255   2.146715   3.694751
   33  C   2  Y  -2.722404  -1.952104  -1.137279   0.846845   1.216491
   34  C   2  Z  -0.156461   0.295914   0.096974   1.942686  -0.759984
   35  C   2 XX   0.179421   0.122376  -0.062283  -0.163758  -0.416088
   36  C   2 YY   0.201757   0.110722  -0.048518  -0.172821  -0.436611
   37  C   2 ZZ   0.175408   0.092878  -0.047612  -0.169417  -0.430643
   38  C   2 XY   0.019996  -0.003293  -0.020856   0.004160   0.003628
   39  C   2 XZ   0.000236   0.002376  -0.000170  -0.000166   0.000861
   40  C   2 YZ  -0.000325   0.004763   0.000525   0.005239  -0.000436
   41  C   3  S   0.006595  -0.013982   0.000754  -0.000056  -0.001820
   42  C   3  S   0.015168  -0.022377   0.004859  -0.001742  -0.004995
   43  C   3  S  -0.252114  -0.240384  -0.281676   0.009739  -0.191772
   44  C   3  S   0.610001   0.775731   0.756562  -0.047407   0.480462
   45  C   3  S  -1.762455  -1.781712  -2.620603   0.788060   0.584744
   46  C   3  X  -0.005617   0.021141   0.022118  -0.011297  -0.027703
   47  C   3  Y  -0.006873  -0.033499   0.056148  -0.015799  -0.036761
   48  C   3  Z  -0.032462   0.005476   0.005881   0.155839  -0.059828
   49  C   3  X   0.151774  -0.060292   0.123439   0.007020  -0.022320
   50  C   3  Y  -0.071464   0.193965   0.279919  -0.114748  -0.187149
   51  C   3  Z  -0.095499   0.036956   0.021819   0.507705  -0.184022
   52  C   3  X   1.127510  -0.995591   0.857670   0.397104   1.148879
   53  C   3  Y   2.368176   0.217732   1.396006  -1.022673  -1.739016
   54  C   3  Z   0.172935  -0.230739  -0.066704  -1.347355   0.540919
   55  C   3 XX  -0.103815  -0.122143  -0.085270  -0.000509  -0.097006
   56  C   3 YY  -0.107949  -0.116783  -0.159837   0.004701  -0.092075
   57  C   3 ZZ  -0.117380  -0.106388  -0.130343  -0.007237  -0.114247
   58  C   3 XY  -0.007905  -0.005380  -0.000004  -0.006137  -0.014503
   59  C   3 XZ   0.001955   0.000629   0.000527  -0.008623   0.003640
   60  C   3 YZ   0.000185  -0.001056  -0.000156  -0.001559  -0.000679
   61  N   4  S   0.003088  -0.010352   0.003832   0.010690   0.027273
   62  N   4  S   0.019982  -0.012350  -0.001192   0.023205   0.052814
   63  N   4  S  -0.456991  -0.184772   0.251119  -0.134117  -0.145174
   64  N   4  S   1.022052   0.479153  -0.603697   0.246351   0.170760
   65  N   4  S  -0.833497   0.131906   0.507785  -0.611520  -1.029816
   66  N   4  X  -0.001459  -0.025027   0.012988   0.002807   0.005807
   67  N   4  Y   0.014136  -0.059604   0.151783   0.031562   0.094958
   68  N   4  Z   0.001574   0.012008  -0.002179  -0.021385   0.015643
   69  N   4  X  -0.035761  -0.007163  -0.052783   0.037223   0.098742
   70  N   4  Y  -0.102213  -0.033096   0.142603  -0.010006  -0.018135
   71  N   4  Z  -0.007340   0.025061  -0.003080   0.009303   0.019876
   72  N   4  X   0.877603   0.191222   1.311502  -0.129284  -0.133746
   73  N   4  Y   1.554716  -0.494836   1.632252   0.521435   1.618671
   74  N   4  Z   0.021098  -0.005993   0.001495  -0.143126   0.010720
   75  N   4 XX  -0.225405  -0.093240   0.095648  -0.061974  -0.065860
   76  N   4 YY  -0.230135  -0.096362   0.155603  -0.059157  -0.048495
   77  N   4 ZZ  -0.209623  -0.088530   0.118706  -0.065564  -0.075792
   78  N   4 XY   0.000826   0.016861  -0.002949  -0.005031  -0.011792
   79  N   4 XZ  -0.003098   0.000216   0.000161   0.010580  -0.003113
   80  N   4 YZ   0.000588   0.001079  -0.000098   0.001289  -0.000955
   81  C   5  S   0.002181   0.005819  -0.055649  -0.012983  -0.037902
   82  C   5  S   0.003266   0.010098  -0.099419  -0.023252  -0.068217
   83  C   5  S   0.276118   0.147287   0.206660   0.035889   0.137424
   84  C   5  S  -0.704712  -0.367755  -0.146276  -0.029219  -0.153203
   85  C   5  S  -0.657574  -1.264636   3.422262   0.814867   2.571821
   86  C   5  X   0.051431  -0.025482   0.066381   0.038077   0.071689
   87  C   5  Y  -0.066125  -0.067911   0.087146   0.021988   0.089292
   88  C   5  Z  -0.019038  -0.026930  -0.006051  -0.035049   0.016433
   89  C   5  X   0.045215  -0.366637  -0.156815   0.122885   0.127452
   90  C   5  Y  -0.018790  -0.127434   0.143097   0.091192   0.291933
   91  C   5  Z  -0.058665  -0.093695  -0.022278  -0.238896   0.111633
   92  C   5  X  -2.619700  -0.941121  -1.149992   0.110264   0.140589
   93  C   5  Y   4.864844   0.064996   0.483731   0.437388   0.724812
   94  C   5  Z   0.002216   0.103139   0.045452   1.007166  -0.459924
   95  C   5 XX   0.146789   0.067484   0.067736   0.008028   0.038440
   96  C   5 YY   0.119880   0.087855   0.068660   0.005547   0.034734
   97  C   5 ZZ   0.138076   0.072258   0.103007   0.020034   0.073593
   98  C   5 XY   0.001775  -0.029005   0.005784   0.006924   0.017076
   99  C   5 XZ   0.000272   0.000335   0.000278   0.004948  -0.003065
  100  C   5 YZ  -0.000445  -0.002044   0.000123   0.001376  -0.000139
  101  N   6  S   0.002383  -0.006303   0.007736   0.008268   0.015817
  102  N   6  S  -0.003777  -0.036899  -0.001377   0.018774   0.029031
  103  N   6  S   0.257167   0.791129   0.471254  -0.131430  -0.044637
  104  N   6  S  -0.600054  -1.793821  -1.137478   0.249615   0.004280
  105  N   6  S   0.292211   1.764944   0.969672  -0.561435  -0.824124
  106  N   6  X  -0.028536  -0.067243   0.106684   0.031228   0.091403
  107  N   6  Y  -0.046539  -0.006926  -0.013027  -0.040291  -0.112869
  108  N   6  Z   0.013571   0.012173   0.004197  -0.020611   0.006438
  109  N   6  X   0.202313   0.015304   0.076736   0.053862   0.105574
  110  N   6  Y  -0.030279  -0.026235   0.028147  -0.067268  -0.215714
  111  N   6  Z   0.019242   0.002716   0.007712  -0.007180  -0.011899
  112  N   6  X  -2.825666  -1.414600   0.712815   0.101483   0.414834
  113  N   6  Y  -0.329110   0.884312   0.136351  -0.140629  -0.057905
  114  N   6  Z   0.003908   0.072073  -0.008457  -0.080583   0.073148
  115  N   6 XX   0.130735   0.393665   0.248801  -0.056526  -0.006744
  116  N   6 YY   0.123103   0.371366   0.222769  -0.065900  -0.030927
  117  N   6 ZZ   0.127090   0.376526   0.222447  -0.062114  -0.016825
  118  N   6 XY  -0.010816   0.010262  -0.018543  -0.002658  -0.008472
  119  N   6 XZ   0.000132  -0.000274   0.000265   0.001441  -0.001033
  120  N   6 YZ   0.000195  -0.003047   0.000137   0.004230  -0.003522
  121  O   7  S  -0.007639   0.011239   0.017605  -0.001649   0.000827
  122  O   7  S  -0.024253   0.032303   0.060091  -0.006756   0.000039
  123  O   7  S   0.280273  -0.318534  -0.754437   0.100798   0.039349
  124  O   7  S  -0.565229   0.634258   1.565243  -0.211453  -0.086607
  125  O   7  S   0.450808  -0.591839  -1.403762   0.141578  -0.058681
  126  O   7  X   0.038450  -0.002730  -0.024061  -0.014042  -0.036392
  127  O   7  Y  -0.085442  -0.016896  -0.034720  -0.012170  -0.031996
  128  O   7  Z   0.002007   0.001533  -0.001329  -0.046392   0.022741
  129  O   7  X  -0.006883  -0.007536  -0.029035  -0.015259  -0.043610
  130  O   7  Y  -0.021930  -0.037444  -0.037048  -0.010724  -0.039340
  131  O   7  Z  -0.000265   0.001238  -0.001142  -0.029513   0.018429
  132  O   7  X   0.551659  -0.121793  -0.342583   0.043904  -0.016394
  133  O   7  Y  -0.614780  -0.113902  -0.327843  -0.009762  -0.057698
  134  O   7  Z   0.016870   0.006161  -0.005175  -0.163913   0.065331
  135  O   7 XX   0.138084  -0.147117  -0.357955   0.048340   0.018703
  136  O   7 YY   0.124394  -0.150035  -0.361175   0.046299   0.016021
  137  O   7 ZZ   0.134040  -0.148992  -0.350826   0.049299   0.023776
  138  O   7 XY  -0.003209  -0.003487   0.003046   0.001047   0.003167
  139  O   7 XZ  -0.000726  -0.000830  -0.000368  -0.001713   0.000940
  140  O   7 YZ  -0.000305  -0.000955  -0.000032  -0.001573   0.000664
  141  N   8  S  -0.001723   0.012004   0.018783   0.003573   0.006190
  142  N   8  S  -0.009790   0.060765   0.030468   0.005928   0.006029
  143  N   8  S   0.194549  -1.206428   0.093096   0.014119   0.153661
  144  N   8  S  -0.431433   2.713928  -0.329104  -0.055981  -0.393896
  145  N   8  S   0.114304  -2.776218  -0.434910   0.022580   0.242205
  146  N   8  X  -0.013714   0.073502   0.050817   0.015959   0.050892
  147  N   8  Y   0.014378  -0.010402  -0.018568  -0.002011  -0.004682
  148  N   8  Z   0.004805   0.023958  -0.006554   0.056444  -0.008994
  149  N   8  X   0.018441   0.007895   0.044326  -0.039856  -0.033581
  150  N   8  Y  -0.023834  -0.004895  -0.015393  -0.004652   0.005633
  151  N   8  Z  -0.002638   0.020630  -0.021590   0.169106  -0.035827
  152  N   8  X  -0.250907   2.273148  -0.311778   0.488604   1.325830
  153  N   8  Y   0.742669  -0.754199   0.113994  -0.389381  -0.695290
  154  N   8  Z   0.002394   0.170667  -0.023231  -0.195909   0.079601
  155  N   8 XX   0.094160  -0.581530   0.047815   0.015289   0.094121
  156  N   8 YY   0.086128  -0.595765   0.053481   0.004078   0.066460
  157  N   8 ZZ   0.096190  -0.559327   0.051232   0.004412   0.068622
  158  N   8 XY   0.013415  -0.016789   0.006778  -0.005044  -0.013705
  159  N   8 XZ   0.002213  -0.000111  -0.000596  -0.008876   0.001348
  160  N   8 YZ   0.000877  -0.002949   0.000617   0.010328  -0.005965
  161  H   9  S   0.027832   0.021904  -0.056415   0.009558   0.014613
  162  H   9  S   0.088497  -0.013888  -0.489483   0.101428   0.202022
  163  H   9  S   1.891575   3.702444   1.311185  -1.505964  -2.449985
  164  H   9  X  -0.003550   0.005169   0.000423  -0.002157  -0.003356
  165  H   9  Y   0.002017   0.004058   0.003564  -0.001811  -0.003376
  166  H   9  Z   0.000765   0.002670  -0.000133  -0.001096   0.000973
  167  H  10  S   0.016161  -0.010208  -0.054727   0.016079   0.026913
  168  H  10  S   0.190431  -0.094797  -0.366959   0.192687   0.418300
  169  H  10  S  -1.266731   0.145534  -0.484092   0.688327   1.293814
  170  H  10  X  -0.000875  -0.004398  -0.001183  -0.001808  -0.006547
  171  H  10  Y  -0.000992   0.007407   0.003852  -0.005925  -0.011824
  172  H  10  Z  -0.000671  -0.001577  -0.000127   0.001493  -0.001205
  173  H  11  S  -0.011475  -0.039711  -0.033589   0.021071   0.048355
  174  H  11  S   0.093397  -0.111033  -0.084403   0.163066   0.358462
  175  H  11  S  -1.064893  -0.311563   0.131695  -0.225741  -0.450828
  176  H  11  X  -0.001898  -0.000487   0.006719   0.006028   0.016186
  177  H  11  Y  -0.010331  -0.007878   0.012512   0.000478   0.003235
  178  H  11  Z   0.002812   0.000186  -0.000309  -0.009404   0.003285
  179  H  12  S   0.026176  -0.033537   0.017956   0.003693  -0.000366
  180  H  12  S   0.101034  -0.317263   0.299760   0.113307  -0.090380
  181  H  12  S   0.497714  -1.618139  -0.333325  -0.253353  -0.749274
  182  H  12  X  -0.003078   0.000627  -0.006769  -0.004339   0.002239
  183  H  12  Y  -0.002726  -0.006018   0.001472  -0.004280  -0.013303
  184  H  12  Z  -0.000434   0.004397  -0.001671  -0.000467  -0.004292
  185  H  13  S  -0.029195  -0.018525   0.010265  -0.007530  -0.011247
  186  H  13  S   0.068423  -0.209925   0.252876  -0.151748  -0.292799
  187  H  13  S  -0.273707  -1.278801  -0.334590   0.009091  -0.094591
  188  H  13  X  -0.009375   0.013901  -0.008511   0.002526   0.010221
  189  H  13  Y   0.002473  -0.001680   0.003879  -0.003638  -0.002276
  190  H  13  Z   0.000237   0.004268  -0.001715  -0.011124   0.005450

                     51         52         53         54         55
                    0.4509     0.4909     0.4974     0.5044     0.5159
                     A          A          A          A          A   
    1  C   1  S  -0.027370   0.000757  -0.028727  -0.033880  -0.015593
    2  C   1  S  -0.047246   0.009257  -0.047934  -0.061287  -0.029485
    3  C   1  S  -0.151896  -0.464938  -0.443200   0.367118   0.208462
    4  C   1  S   0.551825   1.251834   1.352721  -0.743235  -0.443098
    5  C   1  S   1.596143  -5.951028  -0.589666   3.101920   1.637289
    6  C   1  X   0.096750   0.059290   0.128761  -0.153332   0.042076
    7  C   1  Y   0.163140  -0.037065  -0.162205  -0.095380  -0.045476
    8  C   1  Z  -0.005361   0.033831  -0.058255  -0.003701   0.118963
    9  C   1  X   0.350101   0.647651   0.291786  -0.464230  -0.042790
   10  C   1  Y   0.367876  -0.247024  -0.524165  -0.207439   0.016040
   11  C   1  Z  -0.010678   0.102599  -0.139407  -0.003231   0.212605
   12  C   1  X  -2.539562  -3.060324   0.532642  -0.688937   1.192997
   13  C   1  Y  -0.932197   1.025213  -0.222118   1.654930   0.129790
   14  C   1  Z   0.016571  -0.285955   0.572121   0.152586  -1.357607
   15  C   1 XX  -0.068778  -0.208820  -0.242637   0.134738   0.075847
   16  C   1 YY  -0.104030  -0.208013  -0.192529   0.178814   0.100205
   17  C   1 ZZ  -0.069372  -0.182468  -0.214385   0.183970   0.097383
   18  C   1 XY   0.027625  -0.012099   0.035913  -0.028703   0.018630
   19  C   1 XZ   0.000719  -0.006122   0.005881  -0.001164  -0.014978
   20  C   1 YZ  -0.001199   0.003367  -0.001772   0.003185   0.005248
   21  C   2  S   0.020988  -0.006573   0.005522  -0.001989   0.012534
   22  C   2  S   0.037492  -0.013013   0.007123  -0.002868   0.020595
   23  C   2  S  -0.325099   0.234527   0.122033   0.199985   0.029661
   24  C   2  S   0.722481  -0.573444  -0.374555  -0.471754  -0.139698
   25  C   2  S  -1.247963   1.106341   0.400342  -0.180838  -0.670759
   26  C   2  X  -0.004770   0.031748   0.112059  -0.112690   0.033653
   27  C   2  Y   0.147667   0.054784  -0.082891   0.046838  -0.032680
   28  C   2  Z   0.002985  -0.014101   0.019178   0.000752  -0.039817
   29  C   2  X   0.126430   0.333776   0.685094  -0.671935   0.170681
   30  C   2  Y   0.329719   0.419335  -0.503468   0.363689  -0.185287
   31  C   2  Z   0.002630  -0.026919   0.031139   0.016340  -0.035082
   32  C   2  X   4.058419  -5.593981  -1.439163   2.944751   0.639884
   33  C   2  Y   1.237066  -7.798963  -0.658652   1.782586   1.754402
   34  C   2  Z   0.024370   0.099996  -0.219915  -0.108527   0.553951
   35  C   2 XX  -0.158000   0.108784   0.052929   0.086098   0.019356
   36  C   2 YY  -0.124961   0.104177   0.052618   0.104870   0.011079
   37  C   2 ZZ  -0.167897   0.116681   0.053002   0.107818   0.010672
   38  C   2 XY  -0.028314   0.008603  -0.017289   0.013732  -0.010024
   39  C   2 XZ   0.000051  -0.000541  -0.000911  -0.000284   0.003936
   40  C   2 YZ   0.000781  -0.002726   0.002612  -0.001841  -0.005999
   41  C   3  S  -0.006354   0.015697  -0.016428   0.046380  -0.016364
   42  C   3  S  -0.010048   0.030115  -0.027675   0.072225  -0.027593
   43  C   3  S  -0.291903  -0.123954   0.160940   0.836890  -0.128328
   44  C   3  S   0.814625   0.286879  -0.306150  -2.432716   0.426456
   45  C   3  S   0.486637  -2.326704   2.100635   0.075519   1.153984
   46  C   3  X   0.182463   0.034083   0.089539   0.060429   0.037965
   47  C   3  Y   0.068103  -0.029186  -0.071285   0.098072  -0.041725
   48  C   3  Z  -0.000633   0.017010  -0.027038   0.003250   0.068396
   49  C   3  X   0.740169   0.189047   0.375947   0.112593   0.145752
   50  C   3  Y   0.348280  -0.011265  -0.295736   0.321291  -0.191318
   51  C   3  Z   0.005373   0.023946  -0.026751  -0.006581   0.054735
   52  C   3  X  -0.024802   1.286137  -1.261504  -0.505119  -0.862625
   53  C   3  Y  -2.175373   9.244027   1.380204  -0.844781  -1.678171
   54  C   3  Z   0.009610  -0.110585   0.129032   0.023387  -0.423874
   55  C   3 XX  -0.120420  -0.042614   0.062821   0.392997  -0.075199
   56  C   3 YY  -0.152993  -0.049159   0.081661   0.397679  -0.058137
   57  C   3 ZZ  -0.149914  -0.047781   0.092175   0.385184  -0.059132
   58  C   3 XY   0.011641  -0.000585  -0.000227   0.014317  -0.001457
   59  C   3 XZ   0.000940  -0.000717   0.000411  -0.000692  -0.001018
   60  C   3 YZ  -0.000171   0.002398  -0.006165   0.000824   0.017127
   61  N   4  S  -0.023807  -0.019867  -0.006345  -0.043910   0.009575
   62  N   4  S  -0.017699  -0.057940  -0.009674  -0.059567   0.020588
   63  N   4  S  -0.739953   0.673940  -0.033299  -0.599583  -0.098167
   64  N   4  S   1.826959  -1.467992   0.110430   1.628856   0.175006
   65  N   4  S  -0.486862   2.909027   0.226249   0.185709  -0.658556
   66  N   4  X   0.078458   0.016038   0.001535   0.058042   0.006030
   67  N   4  Y   0.048902   0.002215  -0.084158  -0.025429  -0.029555
   68  N   4  Z   0.003335  -0.021659   0.035525  -0.009920  -0.099113
   69  N   4  X   0.142063   0.047036   0.071818   0.029671   0.096488
   70  N   4  Y   0.141843  -0.076113  -0.060352  -0.045734  -0.022006
   71  N   4  Z   0.009365  -0.061686   0.100600  -0.038377  -0.301317
   72  N   4  X   0.312603   1.445429  -0.707288   0.859273  -0.860286
   73  N   4  Y   0.429692   0.372856  -1.622818   0.158380  -0.549941
   74  N   4  Z  -0.012389   0.128354  -0.181832   0.095170   0.631140
   75  N   4 XX  -0.370895   0.321047   0.000200  -0.316642  -0.035222
   76  N   4 YY  -0.366919   0.326409  -0.037951  -0.312177  -0.054221
   77  N   4 ZZ  -0.353199   0.303162  -0.011950  -0.291829  -0.040649
   78  N   4 XY  -0.000246  -0.008499  -0.000508  -0.013926   0.000515
   79  N   4 XZ  -0.000173  -0.000596   0.002400  -0.000972  -0.007152
   80  N   4 YZ  -0.000308   0.000203  -0.000391   0.001005   0.001744
   81  C   5  S   0.024011   0.000487  -0.007479   0.003093  -0.007718
   82  C   5  S   0.041191   0.001673  -0.012106   0.005016  -0.014068
   83  C   5  S   0.577347  -0.103915  -0.023680  -0.045438   0.185244
   84  C   5  S  -1.625998   0.321960   0.145975   0.113468  -0.425463
   85  C   5  S  -0.201177  -0.042049  -0.321111   0.135080   0.326616
   86  C   5  X  -0.028820  -0.009584   0.146814   0.075586   0.066002
   87  C   5  Y   0.009189  -0.033408  -0.189310  -0.211878  -0.059036
   88  C   5  Z   0.002055   0.005698  -0.009893   0.002520   0.040459
   89  C   5  X  -0.192509  -0.485388   0.490073   0.106559   0.251320
   90  C   5  Y  -0.027677  -0.430913  -0.613528  -0.477432  -0.088673
   91  C   5  Z   0.000009  -0.017232   0.056364   0.015625  -0.093972
   92  C   5  X   0.063984  -1.359502   0.932863   0.047191   0.812509
   93  C   5  Y   0.975764   0.470443  -0.942503   0.488447  -0.555417
   94  C   5  Z  -0.014598   0.068165  -0.147175  -0.051743   0.241647
   95  C   5 XX   0.284683  -0.038173  -0.014623  -0.048076   0.077565
   96  C   5 YY   0.275864  -0.045492  -0.006414   0.004747   0.087193
   97  C   5 ZZ   0.297340  -0.048891  -0.008240  -0.023822   0.094875
   98  C   5 XY   0.015250   0.019386  -0.003333  -0.004104  -0.004667
   99  C   5 XZ  -0.000909   0.000241   0.000562   0.000493  -0.002997
  100  C   5 YZ   0.000779  -0.000181   0.000615  -0.001774  -0.002599
  101  N   6  S  -0.012172  -0.002024   0.021532   0.034921   0.011689
  102  N   6  S   0.003530  -0.010708   0.048428   0.059714   0.023124
  103  N   6  S  -0.764148   0.227675  -0.309884   0.094896  -0.075720
  104  N   6  S   1.830151  -0.534125   0.603270  -0.409191   0.111135
  105  N   6  S  -1.158106   0.899082  -1.211242  -0.900882  -0.511893
  106  N   6  X   0.017655  -0.003091   0.035306  -0.095921   0.030080
  107  N   6  Y   0.030143  -0.045888   0.061776  -0.097899   0.005333
  108  N   6  Z  -0.005072   0.005136  -0.005806   0.010780   0.021728
  109  N   6  X   0.081959   0.048345   0.001978  -0.164648   0.054169
  110  N   6  Y   0.039131  -0.042666   0.063432  -0.159470  -0.032229
  111  N   6  Z  -0.016918   0.033707  -0.046400   0.036537   0.134391
  112  N   6  X  -0.668941   0.219133   0.988497  -0.270657   0.233878
  113  N   6  Y  -0.008841   0.377651  -0.196022  -0.824634  -0.008253
  114  N   6  Z   0.027156  -0.071989   0.060859  -0.072923  -0.095545
  115  N   6 XX  -0.385998   0.115855  -0.119190   0.084130  -0.020758
  116  N   6 YY  -0.373926   0.098040  -0.160226   0.047465  -0.042361
  117  N   6 ZZ  -0.359044   0.117799  -0.146826   0.048398  -0.036561
  118  N   6 XY   0.006996   0.000816  -0.004603   0.011825  -0.000514
  119  N   6 XZ  -0.000272   0.000970  -0.001456  -0.000156   0.005120
  120  N   6 YZ  -0.000798   0.003157  -0.003332   0.001532   0.007596
  121  O   7  S  -0.011433   0.003199  -0.000225   0.001854   0.001767
  122  O   7  S  -0.029219   0.021087  -0.006842  -0.001991  -0.001942
  123  O   7  S   0.221647  -0.398672   0.169148   0.147353   0.134512
  124  O   7  S  -0.406521   0.884747  -0.375722  -0.334407  -0.313608
  125  O   7  S   0.369117  -0.915920   0.287753   0.071019   0.233363
  126  O   7  X   0.008710   0.041347  -0.050469  -0.066306  -0.042616
  127  O   7  Y   0.000769   0.018582   0.041743   0.061366   0.011139
  128  O   7  Z  -0.000707  -0.009890   0.024256   0.002026  -0.058225
  129  O   7  X  -0.056687  -0.010048  -0.054849  -0.085029  -0.032016
  130  O   7  Y  -0.015413  -0.015623   0.040770   0.055179   0.015585
  131  O   7  Z  -0.001129  -0.013318   0.036714   0.002873  -0.094430
  132  O   7  X   0.252771  -0.259390  -0.057042  -0.113464  -0.021072
  133  O   7  Y  -0.007298  -0.189464   0.256308   0.071799   0.133974
  134  O   7  Z   0.002483  -0.004581  -0.012242   0.001116   0.060887
  135  O   7 XX   0.096641  -0.188541   0.086792   0.082920   0.066319
  136  O   7 YY   0.100098  -0.192603   0.076742   0.064320   0.063897
  137  O   7 ZZ   0.106639  -0.187282   0.080179   0.070901   0.065475
  138  O   7 XY  -0.003797  -0.002530  -0.005401  -0.005573  -0.002085
  139  O   7 XZ   0.000096  -0.000259   0.000520   0.000014  -0.000990
  140  O   7 YZ   0.000005   0.000609  -0.000737   0.000457   0.002608
  141  N   8  S   0.013126   0.001269   0.040503   0.008270   0.015062
  142  N   8  S   0.008231  -0.031705   0.055399   0.013423   0.020445
  143  N   8  S   0.462666   1.028741   0.502989   0.056527   0.179687
  144  N   8  S  -1.138124  -2.362362  -1.391942  -0.169775  -0.511434
  145  N   8  S   0.415332   1.849834  -0.402435  -0.115147  -0.254934
  146  N   8  X   0.059263   0.061813   0.105194   0.010758   0.069994
  147  N   8  Y  -0.019720   0.008259  -0.082731  -0.021632  -0.022435
  148  N   8  Z   0.004244  -0.036138   0.045037  -0.012683  -0.205902
  149  N   8  X   0.153430   0.279928   0.014144  -0.032848   0.074852
  150  N   8  Y   0.092764  -0.035285  -0.139697  -0.145808  -0.011519
  151  N   8  Z   0.009405  -0.122627   0.153257  -0.038522  -0.698742
  152  N   8  X   0.232918  -1.237170   0.778473  -0.321607   0.317397
  153  N   8  Y   0.291282   0.271896   0.254993  -0.594982  -0.256119
  154  N   8  Z  -0.027952   0.222874  -0.513262  -0.056394   1.583945
  155  N   8 XX   0.220474   0.493220   0.276577   0.038680   0.096534
  156  N   8 YY   0.242485   0.508016   0.244927   0.025750   0.086040
  157  N   8 ZZ   0.219360   0.490334   0.239614   0.030994   0.085821
  158  N   8 XY  -0.016229   0.001672  -0.006327   0.007111  -0.008433
  159  N   8 XZ   0.000397   0.005950  -0.004374   0.000768   0.008061
  160  N   8 YZ   0.000348   0.000151  -0.000718  -0.000875  -0.001695
  161  H   9  S  -0.022563  -0.011816  -0.017720   0.008096   0.004682
  162  H   9  S  -0.280023  -0.188537  -0.279237   0.039343   0.068946
  163  H   9  S  -2.238685   6.622162   1.730393  -2.629140  -0.938593
  164  H   9  X   0.002176   0.011151   0.010294  -0.005396   0.001713
  165  H   9  Y   0.007833   0.006755  -0.004396   0.004356  -0.003196
  166  H   9  Z   0.000505  -0.000803  -0.000226  -0.001080   0.001564
  167  H  10  S  -0.022417   0.024794   0.009375   0.035724  -0.001939
  168  H  10  S  -0.282953   0.109348  -0.135361   0.429403  -0.020500
  169  H  10  S   2.109837  -6.031059  -1.354696   0.103968   0.909697
  170  H  10  X   0.010839  -0.003051   0.009286   0.000800   0.004395
  171  H  10  Y   0.008477   0.004377   0.002808  -0.003425  -0.001257
  172  H  10  Z  -0.000260   0.001465  -0.003092   0.000552   0.007880
  173  H  11  S  -0.028769   0.011111   0.027008  -0.050316   0.025044
  174  H  11  S  -0.251398   0.154931   0.167939  -0.351057   0.147112
  175  H  11  S   0.113355   0.516961  -0.195176   0.512086  -0.454689
  176  H  11  X  -0.003247   0.005486  -0.004058  -0.001985   0.001496
  177  H  11  Y   0.009155  -0.002207  -0.007320   0.006260  -0.003199
  178  H  11  Z  -0.000225   0.000728  -0.001507   0.000860   0.005524
  179  H  12  S  -0.028783   0.001697   0.044109   0.039761   0.007397
  180  H  12  S  -0.264865   0.056546   0.548349   0.652926   0.040912
  181  H  12  S   0.244632   0.904776  -0.950045  -0.328208  -0.509085
  182  H  12  X   0.004468  -0.000401  -0.007047  -0.009785  -0.001595
  183  H  12  Y   0.014125   0.002479  -0.015146  -0.009866  -0.008472
  184  H  12  Z   0.000455  -0.000362  -0.012108  -0.002371   0.004908
  185  H  13  S   0.056858   0.024181   0.003253  -0.009050   0.004887
  186  H  13  S   0.606740   0.054537   0.429544  -0.295481  -0.039585
  187  H  13  S  -0.279692   0.810667  -0.318463   0.439901  -0.347648
  188  H  13  X   0.011100   0.010032  -0.003550  -0.001785   0.007088
  189  H  13  Y   0.019791  -0.002077   0.011945  -0.018019   0.001732
  190  H  13  Z  -0.002299  -0.001844  -0.003273  -0.001190   0.000039

                     56         57         58         59         60
                    0.5369     0.5520     0.5543     0.5753     0.5891
                     A          A          A          A          A   
    1  C   1  S   0.014851   0.005371   0.024029  -0.026322   0.024458
    2  C   1  S   0.022019   0.008684   0.048836  -0.051827   0.035884
    3  C   1  S   0.302233  -0.023760  -0.868270   0.449228   0.864475
    4  C   1  S  -0.891521   0.018036   2.075505  -1.114997  -2.368804
    5  C   1  S  -0.112219  -0.008159  -2.049151   4.339061   2.107986
    6  C   1  X  -0.032621   0.014711   0.068534   0.081874  -0.013289
    7  C   1  Y   0.080905   0.028174  -0.061928   0.082000  -0.069197
    8  C   1  Z   0.009069  -0.125755   0.011941  -0.005494  -0.006380
    9  C   1  X  -0.373968   0.073734   0.109307  -0.265314  -0.358454
   10  C   1  Y   0.298668   0.177447   0.045614   0.416114  -0.435707
   11  C   1  Z   0.012482  -0.195137   0.000051  -0.004319  -0.012807
   12  C   1  X   2.717302   0.720559   0.554861  -2.461482  -2.949624
   13  C   1  Y   0.583390  -0.073512  -0.424919  -0.307567   0.018349
   14  C   1  Z  -0.167404   1.151333  -0.241540   0.063566  -0.158881
   15  C   1 XX   0.146614  -0.010253  -0.396432   0.195379   0.414464
   16  C   1 YY   0.139214  -0.011064  -0.371315   0.173842   0.397366
   17  C   1 ZZ   0.129757  -0.018634  -0.430655   0.210438   0.411854
   18  C   1 XY   0.016841   0.001822   0.004172   0.004641   0.015434
   19  C   1 XZ   0.004362  -0.007858   0.000782   0.003545   0.003220
   20  C   1 YZ  -0.003525  -0.004718  -0.001431  -0.000333  -0.005151
   21  C   2  S   0.020560   0.002421  -0.044277   0.036786  -0.022017
   22  C   2  S   0.029532   0.002295  -0.070064   0.050174  -0.038100
   23  C   2  S   0.432551   0.105393  -0.966184   1.303747   0.265353
   24  C   2  S  -1.239433  -0.288342   2.735244  -3.635256  -0.572595
   25  C   2  S  -0.179976  -0.085871  -1.357996   0.589964   1.423886
   26  C   2  X   0.026685   0.013152   0.065036  -0.032059  -0.015606
   27  C   2  Y  -0.016952  -0.002336  -0.046502   0.158188  -0.003659
   28  C   2  Z   0.006189  -0.019872   0.000492   0.007229  -0.002433
   29  C   2  X   0.329524   0.099112   0.452124  -0.118817   0.081024
   30  C   2  Y  -0.203092  -0.001870   0.100220   0.629014   0.021505
   31  C   2  Z   0.004101  -0.068279   0.008354   0.022795  -0.015369
   32  C   2  X  -2.250901  -0.318516  -1.888069   2.225166   0.967870
   33  C   2  Y   0.639614   0.207865  -0.996083   0.026765  -1.882992
   34  C   2  Z   0.020086   0.168894   0.052213  -0.113672   0.164827
   35  C   2 XX   0.193973   0.045890  -0.459178   0.591569   0.126468
   36  C   2 YY   0.206153   0.045610  -0.477515   0.602112   0.117631
   37  C   2 ZZ   0.184993   0.045238  -0.448150   0.610045   0.133474
   38  C   2 XY   0.012160   0.004542  -0.000358  -0.004811  -0.005269
   39  C   2 XZ   0.001901  -0.014237   0.001725   0.000875  -0.000021
   40  C   2 YZ   0.001810   0.005101   0.000621   0.000062   0.003743
   41  C   3  S   0.038081   0.006794   0.024057   0.006842   0.027357
   42  C   3  S   0.058536   0.010129   0.044373   0.005012   0.038504
   43  C   3  S   0.941321   0.184160  -0.376738   0.683627   1.234779
   44  C   3  S  -2.672056  -0.529539   0.797286  -1.911121  -3.330707
   45  C   3  S   0.268052   0.162351  -2.535219   2.563264   3.562504
   46  C   3  X   0.190634   0.032448   0.085273  -0.000008  -0.008447
   47  C   3  Y  -0.039399   0.001069   0.146792  -0.015786  -0.118754
   48  C   3  Z  -0.014605   0.065918   0.001879  -0.004862   0.007614
   49  C   3  X   0.871117   0.169062   0.375223  -0.031380  -0.100835
   50  C   3  Y  -0.348445  -0.044876   0.495000  -0.396031  -0.790966
   51  C   3  Z  -0.000596   0.052440  -0.001159  -0.006340   0.004238
   52  C   3  X  -0.861150  -0.191984   0.194270  -0.393583  -0.016018
   53  C   3  Y   1.189989  -0.440216  -3.267393  -0.660949   6.416578
   54  C   3  Z   0.127292  -1.003751   0.027103   0.107388  -0.156748
   55  C   3 XX   0.427742   0.083693  -0.164649   0.315200   0.605740
   56  C   3 YY   0.463600   0.089108  -0.169723   0.313528   0.562825
   57  C   3 ZZ   0.437025   0.084608  -0.181248   0.304529   0.577146
   58  C   3 XY   0.005381   0.000286  -0.002417   0.007256   0.006656
   59  C   3 XZ  -0.000134   0.006620   0.000024  -0.000590   0.001922
   60  C   3 YZ  -0.001325  -0.002586   0.002389   0.000135   0.001853
   61  N   4  S  -0.004243   0.000082  -0.023614   0.025617  -0.004898
   62  N   4  S  -0.017467  -0.001639  -0.039930   0.039938  -0.007111
   63  N   4  S   0.300808   0.057202  -0.063886   0.160139  -0.043180
   64  N   4  S  -0.664668  -0.128240   0.285043  -0.487022   0.151462
   65  N   4  S   0.219113  -0.043119   0.619804  -1.009863  -0.195686
   66  N   4  X   0.103738   0.024255   0.063450   0.083139   0.033746
   67  N   4  Y   0.036179   0.007214   0.048086   0.002654   0.019539
   68  N   4  Z   0.041155  -0.197277   0.003492   0.012532  -0.019616
   69  N   4  X   0.357173   0.081809   0.095018   0.281012  -0.062259
   70  N   4  Y   0.109480   0.030959   0.173026  -0.109836   0.025416
   71  N   4  Z   0.145677  -0.731015   0.014896   0.044451  -0.071610
   72  N   4  X   0.340649  -0.032990   0.417312  -0.901888  -0.229992
   73  N   4  Y   0.397828   0.015586   0.166786   0.666089   0.233450
   74  N   4  Z  -0.342165   1.888231  -0.033327  -0.124224   0.197239
   75  N   4 XX   0.153600   0.030048  -0.040694   0.080329  -0.022617
   76  N   4 YY   0.119973   0.023209  -0.045578   0.088004  -0.020579
   77  N   4 ZZ   0.156151   0.030342  -0.028209   0.079113  -0.019318
   78  N   4 XY  -0.034793  -0.006505  -0.018895  -0.009332   0.001500
   79  N   4 XZ   0.002141  -0.009401  -0.000543   0.000398  -0.001734
   80  N   4 YZ  -0.002005   0.008111  -0.000320  -0.000062   0.000424
   81  C   5  S   0.012957   0.005113   0.003956  -0.013588   0.015072
   82  C   5  S   0.012687   0.008049   0.017521  -0.012493   0.017714
   83  C   5  S   1.110595   0.086997  -1.331141  -1.801088   1.341483
   84  C   5  S  -3.002145  -0.267319   3.391744   4.705204  -3.590182
   85  C   5  S   3.839620   0.256752  -3.126531  -2.969849   2.368615
   86  C   5  X   0.034348   0.000770   0.114379   0.045632   0.008218
   87  C   5  Y  -0.094206   0.001197  -0.012532   0.117912   0.004658
   88  C   5  Z  -0.002698  -0.001224   0.004933  -0.001543   0.006475
   89  C   5  X   0.075785   0.002442   0.532033   0.843339   0.578124
   90  C   5  Y  -0.083686   0.046110   0.177426   0.581994   0.160964
   91  C   5  Z  -0.004837   0.027399  -0.014850   0.006358  -0.014044
   92  C   5  X   0.333490  -0.023455  -1.144994  -2.480948  -0.460932
   93  C   5  Y  -0.536876  -0.266680  -0.870850   1.545210   2.056442
   94  C   5  Z   0.115323  -0.736389   0.035872  -0.010829  -0.108237
   95  C   5 XX   0.503490   0.043530  -0.595832  -0.828742   0.617398
   96  C   5 YY   0.509886   0.038636  -0.615699  -0.843830   0.626858
   97  C   5 ZZ   0.526711   0.039541  -0.644635  -0.884449   0.648478
   98  C   5 XY   0.039211   0.009506   0.033302   0.007748  -0.021331
   99  C   5 XZ  -0.001704   0.005936  -0.000634   0.000847  -0.000783
  100  C   5 YZ   0.003460  -0.013387   0.000328  -0.000518  -0.001440
  101  N   6  S   0.002934  -0.004325  -0.012246   0.010610   0.000352
  102  N   6  S  -0.015182  -0.011648  -0.015666   0.015625   0.027418
  103  N   6  S   0.612619   0.117170  -0.179346   0.118095  -0.787534
  104  N   6  S  -1.424140  -0.253128   0.480166  -0.303819   1.875931
  105  N   6  S   0.696416   0.418606   0.583749  -0.434848  -2.370516
  106  N   6  X   0.112343   0.019489   0.076660  -0.045690   0.036417
  107  N   6  Y  -0.062805   0.003568   0.072319  -0.025361   0.096751
  108  N   6  Z  -0.019106   0.107163  -0.004386  -0.002005  -0.000638
  109  N   6  X   0.124884   0.047540   0.157197   0.069710   0.138218
  110  N   6  Y  -0.135621   0.021703   0.171154   0.068832   0.149388
  111  N   6  Z  -0.072755   0.338105  -0.015401  -0.009790  -0.013480
  112  N   6  X   0.958729   0.166724   0.165055  -1.436487  -1.041354
  113  N   6  Y   0.284120   0.166357  -0.339698  -1.467024  -1.317202
  114  N   6  Z   0.156286  -0.659247   0.075903   0.017115   0.111079
  115  N   6 XX   0.290016   0.051697  -0.089588   0.043947  -0.389490
  116  N   6 YY   0.301297   0.058824  -0.077444   0.084139  -0.375021
  117  N   6 ZZ   0.295287   0.053424  -0.101816   0.060635  -0.364297
  118  N   6 XY  -0.004889  -0.001296  -0.010920  -0.003422   0.004289
  119  N   6 XZ   0.000470  -0.004483   0.000589  -0.000612  -0.000798
  120  N   6 YZ  -0.003588   0.014012  -0.001476  -0.001261  -0.001240
  121  O   7  S   0.001409  -0.001528  -0.017205  -0.005524   0.001984
  122  O   7  S   0.033534   0.004187  -0.024093  -0.004574   0.000221
  123  O   7  S  -0.812798  -0.182633  -0.198175  -0.141630   0.079322
  124  O   7  S   1.798034   0.414202   0.530564   0.313182  -0.201258
  125  O   7  S  -1.077896  -0.184258   0.324005   0.427387   0.299231
  126  O   7  X   0.025270   0.022100   0.076275   0.100518  -0.015477
  127  O   7  Y   0.108898   0.023678   0.082752  -0.001580  -0.066318
  128  O   7  Z  -0.004922   0.044459  -0.009476   0.000741  -0.005485
  129  O   7  X   0.112167   0.042467   0.081541   0.217092   0.017950
  130  O   7  Y   0.172908   0.038660   0.087784   0.070601  -0.074571
  131  O   7  Z  -0.008746   0.079873  -0.019374   0.000363  -0.013429
  132  O   7  X  -0.551404  -0.067485   0.484186   0.449673   0.395720
  133  O   7  Y  -0.210650  -0.034388   0.351016  -0.099591   0.111021
  134  O   7  Z  -0.005352   0.006984   0.024595   0.002367   0.039508
  135  O   7 XX  -0.388305  -0.088871  -0.100553  -0.063430   0.034186
  136  O   7 YY  -0.398838  -0.088913  -0.106233  -0.068756   0.034754
  137  O   7 ZZ  -0.384844  -0.087924  -0.105902  -0.078758   0.041782
  138  O   7 XY   0.001137   0.000812  -0.000366   0.006640  -0.007949
  139  O   7 XZ   0.000310  -0.002130  -0.000001   0.000248  -0.000023
  140  O   7 YZ  -0.001437   0.008326  -0.000352  -0.000568   0.000431
  141  N   8  S  -0.003189   0.000844  -0.022277   0.015138  -0.021655
  142  N   8  S   0.002584   0.007277  -0.027788   0.021115  -0.034029
  143  N   8  S  -0.232273  -0.168870  -0.394863   0.172809  -0.136188
  144  N   8  S   0.539151   0.387039   1.008090  -0.509257   0.403703
  145  N   8  S  -0.376335  -0.357944   0.423141   0.242914   1.012835
  146  N   8  X  -0.026889  -0.015647   0.020974   0.082685   0.040287
  147  N   8  Y   0.025672   0.018334   0.013767   0.028298  -0.035177
  148  N   8  Z   0.009451   0.097517  -0.011931   0.002702   0.022770
  149  N   8  X  -0.083167  -0.060473   0.033305   0.065512   0.152022
  150  N   8  Y   0.110108   0.070574   0.041786   0.252121  -0.045189
  151  N   8  Z   0.040509   0.325883  -0.048426   0.014096   0.078146
  152  N   8  X   0.015391   0.083866   0.289344   0.124032   0.223566
  153  N   8  Y   0.286613  -0.321951  -0.334824  -0.944784   0.474753
  154  N   8  Z   0.042607  -0.870375   0.291721  -0.067521   0.087848
  155  N   8 XX  -0.122470  -0.082902  -0.190900   0.097044  -0.075104
  156  N   8 YY  -0.108266  -0.080069  -0.208163   0.084457  -0.068920
  157  N   8 ZZ  -0.102410  -0.078954  -0.203869   0.078886  -0.070225
  158  N   8 XY  -0.000895  -0.002443  -0.002513  -0.016909  -0.001850
  159  N   8 XZ  -0.003093   0.001841   0.000160   0.001150   0.000343
  160  N   8 YZ  -0.000960   0.004819  -0.000489   0.002688  -0.002564
  161  H   9  S   0.010577   0.001078  -0.044034   0.017447  -0.041197
  162  H   9  S   0.331628   0.001142  -0.761198   0.012853  -0.639250
  163  H   9  S   0.608630   0.136727   2.845303  -1.287471   0.322891
  164  H   9  X   0.000869   0.000083   0.014844  -0.006677   0.012344
  165  H   9  Y  -0.002945   0.001457   0.004484   0.009856  -0.000269
  166  H   9  Z   0.001354  -0.003237   0.001145   0.000237   0.001514
  167  H  10  S   0.045622   0.006982   0.016138  -0.013082   0.019077
  168  H  10  S   0.759577   0.126537   0.295655  -0.052165   0.270963
  169  H  10  S  -2.110606   0.124269   2.720706   0.539993  -5.398395
  170  H  10  X   0.017808   0.003465   0.004474  -0.005429  -0.001218
  171  H  10  Y  -0.010124  -0.002082   0.000361  -0.008855  -0.013351
  172  H  10  Z  -0.000111  -0.005255   0.001146   0.000470  -0.000084
  173  H  11  S   0.056749   0.011602  -0.003112   0.044463  -0.029699
  174  H  11  S   0.543771   0.114942  -0.100072   0.595031  -0.292217
  175  H  11  S  -0.521039  -0.128773   0.236030  -2.128310  -0.571505
  176  H  11  X   0.013722   0.002476   0.001927   0.019112  -0.015066
  177  H  11  Y   0.005421   0.000860   0.005023  -0.005039   0.003337
  178  H  11  Z  -0.002309   0.012560   0.000188  -0.000125   0.001660
  179  H  12  S  -0.027225  -0.006949  -0.023364  -0.013728  -0.045109
  180  H  12  S  -0.432968   0.092890  -0.391095   0.018920  -0.822152
  181  H  12  S  -0.081249  -0.004480  -0.040391   0.628774   0.321896
  182  H  12  X   0.002559  -0.005105   0.005618   0.006933   0.016668
  183  H  12  Y   0.011146   0.001992  -0.007614   0.001198   0.011411
  184  H  12  Z   0.002294   0.004673   0.001214   0.000350   0.004149
  185  H  13  S   0.005741   0.004832  -0.040701   0.036019  -0.022759
  186  H  13  S   0.148392   0.038210  -0.544580   0.237591  -0.363664
  187  H  13  S  -0.153251  -0.297819  -0.169530  -0.868877   0.609410
  188  H  13  X  -0.002107  -0.000077   0.001134   0.010247   0.010124
  189  H  13  Y   0.004830   0.001796  -0.001071   0.012599  -0.003419
  190  H  13  Z   0.003234  -0.004637   0.002665  -0.004163   0.004828

                     61         62         63         64         65
                    0.6060     0.6099     0.6332     0.6455     0.6632
                     A          A          A          A          A   
    1  C   1  S   0.031132  -0.024315   0.005786   0.010113  -0.008907
    2  C   1  S   0.043151  -0.032903   0.011969   0.011833  -0.011634
    3  C   1  S   1.163462  -1.035620  -0.387667   0.531657  -0.558840
    4  C   1  S  -3.226224   2.876596   0.986377  -1.482875   1.505927
    5  C   1  S   3.410958  -2.312839  -1.563321   0.785891  -0.210613
    6  C   1  X   0.129806  -0.075973   0.047025   0.039759  -0.019209
    7  C   1  Y   0.010279   0.039097  -0.001193   0.008047  -0.031386
    8  C   1  Z   0.014059  -0.009740   0.003287   0.026583   0.065893
    9  C   1  X   0.389260  -0.367265   0.228442  -0.163391  -0.283238
   10  C   1  Y  -0.097334  -0.222883   0.208357  -0.537822  -0.082267
   11  C   1  Z  -0.008697  -0.017408  -0.004952   0.025864   0.033752
   12  C   1  X  -2.212594  -1.673196   2.804297  -0.093190   1.068242
   13  C   1  Y  -2.072322   1.093834   0.877176  -1.419951   0.102470
   14  C   1  Z  -0.290212  -0.109076   0.000116  -0.521852  -1.660474
   15  C   1 XX   0.550959  -0.471640  -0.180724   0.250073  -0.252563
   16  C   1 YY   0.533671  -0.491451  -0.179968   0.231005  -0.267427
   17  C   1 ZZ   0.538300  -0.481766  -0.190203   0.249679  -0.270692
   18  C   1 XY   0.010550  -0.011201  -0.008957  -0.005390   0.007205
   19  C   1 XZ   0.001283   0.003886  -0.002013  -0.000123   0.011447
   20  C   1 YZ  -0.001488  -0.005399   0.001033  -0.001131  -0.005472
   21  C   2  S   0.016454   0.033725   0.002248   0.008325  -0.018068
   22  C   2  S   0.018155   0.060022   0.000999   0.013390  -0.024647
   23  C   2  S   1.462773  -0.050892   0.277481   0.114758  -0.865895
   24  C   2  S  -3.879415  -0.034717  -0.740593  -0.394796   2.347989
   25  C   2  S   3.087254  -1.282928   0.788026   0.828966  -1.653421
   26  C   2  X  -0.062722   0.017239  -0.075619  -0.010431  -0.014263
   27  C   2  Y  -0.107639  -0.019508   0.024843  -0.016003   0.063640
   28  C   2  Z  -0.006679   0.000763  -0.000914  -0.027123  -0.050014
   29  C   2  X  -0.197096  -0.085587  -0.278385   0.013398   0.119627
   30  C   2  Y  -0.484623  -0.148869   0.270902  -0.272159   0.155132
   31  C   2  Z  -0.003707  -0.011861   0.004336  -0.061483  -0.088534
   32  C   2  X   5.654301   0.391248  -3.500871  -2.138229  -1.549103
   33  C   2  Y   2.525153  -2.553014  -3.086955  -1.887149  -0.512525
   34  C   2  Z   0.145202   0.160696  -0.085774   0.478634   1.152899
   35  C   2 XX   0.692234  -0.003082   0.145474   0.043756  -0.405406
   36  C   2 YY   0.672372  -0.009892   0.108106   0.071582  -0.404956
   37  C   2 ZZ   0.695621  -0.029340   0.127487   0.046720  -0.409917
   38  C   2 XY  -0.007432  -0.017620   0.017182  -0.012135   0.006070
   39  C   2 XZ   0.002040  -0.000157   0.001117  -0.001415  -0.003865
   40  C   2 YZ   0.000653   0.003663  -0.001766   0.000024  -0.001984
   41  C   3  S   0.013803  -0.025975   0.013809   0.002887   0.006705
   42  C   3  S   0.013499  -0.044321   0.022216   0.007018   0.013299
   43  C   3  S   1.454617  -0.027140   0.244075  -0.157637  -0.210739
   44  C   3  S  -3.869646   0.199364  -0.701070   0.389397   0.518430
   45  C   3  S   3.367329   0.268898  -1.341782  -2.180593  -0.561787
   46  C   3  X   0.055364   0.077368  -0.036581   0.066568  -0.051815
   47  C   3  Y  -0.056418   0.043661  -0.039407   0.073898  -0.052608
   48  C   3  Z   0.008437   0.004165   0.000122   0.010778   0.007051
   49  C   3  X   0.132283   0.263061  -0.325096   0.332377  -0.168521
   50  C   3  Y  -0.117810   0.459513   0.152074   0.395267  -0.271118
   51  C   3  Z   0.002680  -0.001893  -0.002801   0.007898  -0.037457
   52  C   3  X  -0.255228   1.411971   0.234848   0.584888   0.577479
   53  C   3  Y  -1.222440   3.044769   4.081870   1.539534  -0.093424
   54  C   3  Z  -0.047748  -0.132720   0.062178  -0.322815  -0.794102
   55  C   3 XX   0.674314  -0.035193   0.118951  -0.069334  -0.079148
   56  C   3 YY   0.674307  -0.009722   0.116782  -0.067433  -0.101946
   57  C   3 ZZ   0.694669   0.000883   0.116178  -0.073536  -0.107325
   58  C   3 XY  -0.000655   0.003687  -0.008163  -0.004536  -0.004561
   59  C   3 XZ  -0.000345   0.001713  -0.001318   0.001466   0.001073
   60  C   3 YZ   0.004023   0.000513   0.000786   0.001531   0.001453
   61  N   4  S  -0.016679   0.002879  -0.008886   0.001032   0.005589
   62  N   4  S  -0.021085  -0.006568  -0.022771  -0.008842   0.007590
   63  N   4  S  -0.257033   0.344886   0.198396   0.329495   0.075547
   64  N   4  S   0.700603  -0.848577  -0.428692  -0.778539  -0.201567
   65  N   4  S  -0.311659   0.934690   0.873688   0.873089  -0.313461
   66  N   4  X  -0.100909  -0.113329  -0.138983  -0.002516   0.025513
   67  N   4  Y  -0.021298   0.087202   0.143550   0.073418   0.002008
   68  N   4  Z  -0.010873  -0.019426   0.005933  -0.034251  -0.104632
   69  N   4  X  -0.386018  -0.321908  -0.521118  -0.015339   0.043657
   70  N   4  Y  -0.048483   0.201534   0.455577   0.151303  -0.002183
   71  N   4  Z  -0.032494  -0.071109   0.024821  -0.119220  -0.380499
   72  N   4  X   1.164662   2.240978   2.108205   1.520198  -0.866791
   73  N   4  Y  -0.138799  -0.515101  -1.599602   0.797253   0.388746
   74  N   4  Z   0.095942   0.232126  -0.077268   0.397592   1.306209
   75  N   4 XX  -0.133420   0.159418   0.094996   0.155197   0.038043
   76  N   4 YY  -0.132606   0.174217   0.094733   0.169663   0.038366
   77  N   4 ZZ  -0.118524   0.161881   0.087230   0.153567   0.039414
   78  N   4 XY  -0.008911  -0.002401  -0.001221  -0.013168   0.007296
   79  N   4 XZ  -0.001507  -0.001442   0.000613  -0.001723  -0.004364
   80  N   4 YZ  -0.000239   0.000192  -0.000267  -0.000462   0.003535
   81  C   5  S   0.011317  -0.038656   0.002852   0.021770  -0.015403
   82  C   5  S   0.022549  -0.064458  -0.002711   0.037248  -0.026063
   83  C   5  S  -0.714724  -0.521704   1.220842   0.219126  -0.376493
   84  C   5  S   1.832666   1.603941  -3.212202  -0.734748   1.051122
   85  C   5  S  -0.607994   0.121145   1.691027  -1.000641   1.288521
   86  C   5  X  -0.083769   0.056049   0.072534   0.019467  -0.074167
   87  C   5  Y  -0.035231  -0.014463   0.059191   0.193545  -0.028905
   88  C   5  Z   0.012114   0.004379   0.001140   0.012863   0.025165
   89  C   5  X  -0.602181   0.024432   0.309488   0.278103  -0.080715
   90  C   5  Y  -0.348111  -0.376243  -0.046976   0.577997  -0.040898
   91  C   5  Z  -0.021302  -0.011845   0.012166  -0.040106  -0.154518
   92  C   5  X  -0.039082  -0.175956   0.271912  -2.174407   0.900246
   93  C   5  Y   0.459234   1.216397  -0.502577   0.502828   0.605571
   94  C   5  Z  -0.037234  -0.124621   0.079105  -0.266052  -1.109735
   95  C   5 XX  -0.311362  -0.263978   0.573723   0.132445  -0.192938
   96  C   5 YY  -0.349955  -0.258729   0.555062   0.102017  -0.180602
   97  C   5 ZZ  -0.355081  -0.237724   0.594440   0.093261  -0.184788
   98  C   5 XY   0.015717   0.014664   0.009393   0.023725  -0.020748
   99  C   5 XZ  -0.002208  -0.001356  -0.000007  -0.006396  -0.022368
  100  C   5 YZ   0.000361  -0.001215   0.001253   0.000083  -0.009688
  101  N   6  S  -0.018862   0.025680   0.006529  -0.007945   0.000989
  102  N   6  S  -0.009492   0.048932   0.005185  -0.031887   0.009853
  103  N   6  S  -0.713364  -0.070466   0.214270   0.513206  -0.238565
  104  N   6  S   1.769085   0.007158  -0.558419  -1.124399   0.563787
  105  N   6  S  -1.171366  -0.603883   0.859536   0.727464  -0.636912
  106  N   6  X  -0.023096   0.068932   0.060717  -0.058582  -0.002954
  107  N   6  Y   0.113298  -0.087504  -0.008314  -0.045820   0.023539
  108  N   6  Z  -0.013649  -0.000149   0.003460  -0.044039  -0.198125
  109  N   6  X  -0.116630   0.066735   0.068313  -0.173727  -0.040889
  110  N   6  Y   0.258300   0.040124   0.179184  -0.089377   0.066918
  111  N   6  Z  -0.040964  -0.022267   0.021596  -0.152772  -0.767840
  112  N   6  X  -0.096016   0.011984   1.380261  -0.557386   0.029842
  113  N   6  Y   0.105100  -1.495569  -0.627271   0.020231  -0.749975
  114  N   6  Z   0.141315   0.130747  -0.068702   0.452004   2.290072
  115  N   6 XX  -0.367661  -0.022996   0.102063   0.217768  -0.112754
  116  N   6 YY  -0.339981  -0.010345   0.122655   0.258449  -0.112673
  117  N   6 ZZ  -0.336944  -0.035147   0.096686   0.250640  -0.114956
  118  N   6 XY  -0.021583  -0.003712  -0.005652  -0.008878   0.006240
  119  N   6 XZ   0.001213  -0.000448   0.000483   0.002838   0.004435
  120  N   6 YZ  -0.001879  -0.001978   0.000734  -0.004036  -0.022668
  121  O   7  S  -0.004342   0.005081  -0.003626  -0.015857   0.008816
  122  O   7  S   0.008914   0.003069  -0.008416  -0.019422   0.013467
  123  O   7  S  -0.432126   0.164453   0.036416  -0.259272   0.075404
  124  O   7  S   0.999982  -0.392508  -0.054000   0.672295  -0.229266
  125  O   7  S  -0.659432   0.034496   0.079155   0.046105  -0.006611
  126  O   7  X   0.095334  -0.041460  -0.007470   0.096997  -0.044672
  127  O   7  Y   0.011854  -0.021267  -0.017339   0.021762  -0.021639
  128  O   7  Z  -0.013107  -0.001150  -0.002744  -0.003243   0.019553
  129  O   7  X   0.161124  -0.031225  -0.057845   0.070070  -0.005763
  130  O   7  Y   0.014531  -0.050095  -0.053918   0.022275   0.037342
  131  O   7  Z  -0.028667  -0.003819  -0.005475  -0.004328   0.056940
  132  O   7  X  -0.840238  -0.319312   0.471098   0.884127  -0.464248
  133  O   7  Y  -0.426734  -0.101975   0.324327   0.229762  -0.414956
  134  O   7  Z   0.048427   0.025539  -0.003705   0.048029   0.074933
  135  O   7 XX  -0.201563   0.091683   0.003546  -0.145455   0.047601
  136  O   7 YY  -0.209336   0.074855   0.014662  -0.129714   0.043419
  137  O   7 ZZ  -0.213152   0.079501   0.023463  -0.125244   0.032868
  138  O   7 XY   0.009128   0.002041  -0.007900  -0.004213   0.008951
  139  O   7 XZ   0.000137   0.000174  -0.000234   0.001001   0.006564
  140  O   7 YZ   0.000091   0.000529  -0.000188   0.000871   0.001058
  141  N   8  S   0.004625  -0.024823   0.027037   0.018108   0.004938
  142  N   8  S   0.006476  -0.042761   0.035384   0.014781   0.010628
  143  N   8  S   0.054316  -0.073839   0.406333   0.554962  -0.057434
  144  N   8  S  -0.143827   0.278878  -1.068433  -1.361618   0.103551
  145  N   8  S  -0.009956   1.399696  -0.567684  -0.091453  -0.338915
  146  N   8  X  -0.047545   0.073753  -0.047664  -0.160031  -0.010483
  147  N   8  Y  -0.002191  -0.065580   0.167724  -0.189356   0.047909
  148  N   8  Z  -0.028528   0.031301  -0.025970  -0.037909  -0.022541
  149  N   8  X  -0.216353   0.220921  -0.236037  -0.597769  -0.045566
  150  N   8  Y   0.059514  -0.199873   0.611771  -0.691643   0.197246
  151  N   8  Z  -0.110414   0.104902  -0.096231  -0.134219  -0.066113
  152  N   8  X   1.748426  -0.319959   0.780225   1.708456   0.232209
  153  N   8  Y  -0.193715   0.670398  -1.784377   2.317034   0.253678
  154  N   8  Z   0.337646   0.022884   0.110219   0.322794   0.408139
  155  N   8 XX   0.034207  -0.045564   0.209548   0.273962  -0.021996
  156  N   8 YY   0.025028  -0.046393   0.199718   0.274893  -0.029665
  157  N   8 ZZ   0.022431  -0.044235   0.204786   0.275894  -0.029204
  158  N   8 XY  -0.007893  -0.004710  -0.006278  -0.007070  -0.000474
  159  N   8 XZ  -0.002929  -0.000925  -0.001088  -0.008587  -0.010052
  160  N   8 YZ  -0.001707  -0.004074   0.004687  -0.010705  -0.006075
  161  H   9  S   0.008311   0.032364   0.023899  -0.008503  -0.005317
  162  H   9  S  -0.107610   0.780480   0.306904   0.218034  -0.063537
  163  H   9  S  -4.521985   0.017823   2.856461   2.161787   1.283683
  164  H   9  X   0.006462  -0.000524   0.000406  -0.000740  -0.001185
  165  H   9  Y  -0.002571  -0.015974   0.007486  -0.012338   0.004359
  166  H   9  Z   0.001534   0.001777  -0.000276   0.001045   0.007073
  167  H  10  S   0.016696  -0.025946   0.027288  -0.013279   0.015663
  168  H  10  S   0.095355  -0.846897   0.154599  -0.243842   0.429934
  169  H  10  S   0.258841  -1.147134  -2.873772  -0.692826  -0.095814
  170  H  10  X  -0.002040   0.007750   0.000037   0.001764  -0.003997
  171  H  10  Y  -0.000126   0.018769   0.010815   0.006822  -0.006061
  172  H  10  Z   0.001544  -0.000803   0.000889  -0.000841  -0.002641
  173  H  11  S  -0.043007  -0.010850  -0.045338  -0.001812   0.002114
  174  H  11  S  -0.351622   0.215464  -0.215290   0.180052  -0.183239
  175  H  11  S   0.824878   1.347328   2.008825   0.083023  -0.166071
  176  H  11  X  -0.009108   0.004162  -0.015757   0.006791  -0.004924
  177  H  11  Y   0.003811   0.003144   0.002469   0.006721   0.002114
  178  H  11  Z   0.000934   0.001866  -0.001094   0.002538   0.009710
  179  H  12  S  -0.004126  -0.042817   0.000091   0.063058   0.001526
  180  H  12  S  -0.118212  -0.793026   0.278952   0.519677  -0.168694
  181  H  12  S  -0.645580   0.348151  -0.354078  -2.229185  -0.118171
  182  H  12  X   0.000209   0.011115  -0.009391  -0.016370   0.007678
  183  H  12  Y   0.000241  -0.002203   0.006558  -0.018563   0.005258
  184  H  12  Z  -0.003654   0.000297  -0.000272  -0.012537  -0.008439
  185  H  13  S  -0.002820  -0.038832   0.058815  -0.025178   0.022145
  186  H  13  S   0.064177  -0.511658   0.746536   0.168183   0.545723
  187  H  13  S  -0.751799   0.958612  -1.995979   1.209742  -0.338456
  188  H  13  X  -0.001718   0.006830  -0.004735  -0.009253  -0.004509
  189  H  13  Y   0.007245  -0.004606   0.025903  -0.011328   0.015823
  190  H  13  Z   0.000959   0.004634  -0.004843   0.005351   0.007819

                     66         67         68         69         70
                    0.6709     0.7024     0.7132     0.7324     0.7454
                     A          A          A          A          A   
    1  C   1  S   0.011122  -0.018768  -0.039180   0.003763  -0.003648
    2  C   1  S   0.016675  -0.012809  -0.048845   0.014750  -0.004980
    3  C   1  S   0.646882  -2.499750  -1.993449  -0.851211  -0.066375
    4  C   1  S  -1.729411   6.787687   5.544992   2.213130   0.186469
    5  C   1  S  -1.197382  -6.022625  -5.139550  -3.799134  -0.604632
    6  C   1  X  -0.013951  -0.106075   0.087701  -0.072251   0.011522
    7  C   1  Y   0.037841  -0.017271   0.033285   0.172186  -0.002454
    8  C   1  Z   0.022377   0.007272   0.005051   0.005225  -0.037766
    9  C   1  X   0.478160  -0.115378   0.587237  -0.016009   0.044957
   10  C   1  Y   0.131628  -0.311790   0.186958   0.463067  -0.124653
   11  C   1  Z   0.004443  -0.004280  -0.010864  -0.005870  -0.141814
   12  C   1  X  -1.077464   0.711238  -0.831251   1.847654   0.085668
   13  C   1  Y  -0.517029  -4.154393  -1.663038   1.349608  -0.338997
   14  C   1  Z  -0.697754  -0.001690  -0.179775  -0.162693   0.664946
   15  C   1 XX   0.295490  -1.129666  -0.927624  -0.393173  -0.027878
   16  C   1 YY   0.322928  -1.166070  -0.910051  -0.369683  -0.028654
   17  C   1 ZZ   0.318639  -1.191869  -0.917855  -0.405620  -0.028024
   18  C   1 XY  -0.007516  -0.007781  -0.016477  -0.012086   0.004612
   19  C   1 XZ   0.007211  -0.004956   0.003127   0.001114   0.020352
   20  C   1 YZ  -0.000763  -0.001978   0.004708   0.003722  -0.011134
   21  C   2  S   0.025544  -0.012425   0.003383   0.006301  -0.000028
   22  C   2  S   0.031219  -0.020642   0.011000   0.000740  -0.001134
   23  C   2  S   1.692828  -0.137825  -0.263741   1.158156   0.159636
   24  C   2  S  -4.572732   0.387878   0.758034  -3.122932  -0.445518
   25  C   2  S   4.704307   0.810615  -2.365273   4.347543   1.360542
   26  C   2  X  -0.005067  -0.013986  -0.054145   0.021393  -0.034897
   27  C   2  Y  -0.097358   0.010626   0.018181   0.051221   0.015865
   28  C   2  Z  -0.013532  -0.007036  -0.000636  -0.006033  -0.003383
   29  C   2  X  -0.422720   0.080089  -0.041647  -0.413531  -0.158699
   30  C   2  Y  -0.263053  -0.269238   0.004378   0.550396  -0.022794
   31  C   2  Z  -0.017935  -0.016855   0.015260  -0.003463  -0.012157
   32  C   2  X   1.988245   0.667286   4.126623  -1.250901  -0.665936
   33  C   2  Y   2.008312  -4.442963  -2.389640  -0.845874   0.708756
   34  C   2  Z   0.407175   0.045000   0.061991   0.042014  -0.125814
   35  C   2 XX   0.787417  -0.091060  -0.126419   0.513154   0.070088
   36  C   2 YY   0.790079  -0.055028  -0.102337   0.555795   0.079472
   37  C   2 ZZ   0.802933  -0.063496  -0.114703   0.540856   0.074485
   38  C   2 XY  -0.002167   0.016270   0.001189   0.002803  -0.001179
   39  C   2 XZ  -0.001846   0.000352   0.001232   0.001253   0.003393
   40  C   2 YZ  -0.001684   0.000562  -0.002252  -0.002107   0.008127
   41  C   3  S  -0.012750   0.021673   0.046953   0.004945   0.004022
   42  C   3  S  -0.020804   0.025748   0.048745   0.007720   0.007721
   43  C   3  S  -0.100857   1.492764   3.744661  -0.193983  -0.060919
   44  C   3  S   0.324159  -4.167143 -10.126649   0.486657   0.155345
   45  C   3  S  -0.930330   2.931739  10.640528   1.450769  -0.759208
   46  C   3  X   0.000707  -0.038488   0.054876  -0.072427  -0.038734
   47  C   3  Y   0.117953   0.097165  -0.107215   0.126222  -0.003642
   48  C   3  Z  -0.003568   0.005363  -0.002371  -0.000317   0.001620
   49  C   3  X  -0.133569   0.006850   0.092399  -0.583787  -0.232667
   50  C   3  Y   0.608609   0.174499  -0.247878   0.323201   0.099877
   51  C   3  Z  -0.028131   0.006734  -0.009183  -0.011499  -0.071946
   52  C   3  X  -1.511446   3.308378   1.784793  -3.524996  -0.736721
   53  C   3  Y  -1.531809  -0.565467  -1.269929   2.530172  -0.577894
   54  C   3  Z  -0.291216   0.038161   0.022370  -0.054213   0.044060
   55  C   3 XX  -0.082545   0.702772   1.738358  -0.106624  -0.027796
   56  C   3 YY  -0.033763   0.679742   1.710390  -0.085161  -0.024597
   57  C   3 ZZ  -0.030127   0.705216   1.758422  -0.105504  -0.028695
   58  C   3 XY   0.005297  -0.009814   0.007251   0.039931  -0.001146
   59  C   3 XZ  -0.000929   0.000143  -0.001361  -0.001522   0.004704
   60  C   3 YZ  -0.000993   0.002795   0.000633   0.001931   0.020868
   61  N   4  S  -0.014699  -0.003290   0.003172  -0.005237  -0.000414
   62  N   4  S  -0.014252  -0.003361   0.008620   0.008632   0.001583
   63  N   4  S  -0.391018  -0.086333  -0.059739  -0.574820  -0.075044
   64  N   4  S   0.981319   0.237110   0.117721   1.355329   0.171604
   65  N   4  S   0.410536  -0.107256  -0.482132  -0.716382   0.006680
   66  N   4  X  -0.046320   0.064858   0.023467   0.133976  -0.006737
   67  N   4  Y  -0.093821  -0.128749   0.153597   0.081961   0.011134
   68  N   4  Z  -0.041261   0.002509  -0.005326  -0.002237  -0.039723
   69  N   4  X  -0.051948   0.116995   0.037075   0.485860   0.009265
   70  N   4  Y  -0.253032  -0.502246   0.436799   0.354903   0.050863
   71  N   4  Z  -0.151851   0.015615  -0.019917  -0.005254  -0.097709
   72  N   4  X   1.088415   0.195182  -1.328782  -1.737565  -0.251075
   73  N   4  Y  -0.648458   2.595503  -1.273209  -4.338097  -0.675103
   74  N   4  Z   0.557805  -0.050359   0.062995   0.037913   0.578962
   75  N   4 XX  -0.193237  -0.064679  -0.036427  -0.276571  -0.034196
   76  N   4 YY  -0.196564  -0.029064  -0.019126  -0.284778  -0.037166
   77  N   4 ZZ  -0.198650  -0.038317  -0.019512  -0.286373  -0.039317
   78  N   4 XY  -0.008916  -0.005964  -0.002296   0.018877   0.001193
   79  N   4 XZ  -0.000956  -0.001151  -0.000127  -0.000145  -0.014045
   80  N   4 YZ   0.002166  -0.001492   0.000943   0.000434  -0.006677
   81  C   5  S   0.019928   0.004792  -0.012231  -0.001522  -0.007455
   82  C   5  S   0.034377   0.005313  -0.014794  -0.007387  -0.010040
   83  C   5  S   0.457848   0.280664  -0.419773   0.480942  -0.316328
   84  C   5  S  -1.264304  -0.800293   1.245105  -1.300150   0.892828
   85  C   5  S  -2.390326   1.425690  -3.052298   0.928555  -1.136267
   86  C   5  X   0.180183  -0.032579  -0.009493  -0.034920   0.033471
   87  C   5  Y  -0.072614  -0.061450   0.152468  -0.049426  -0.011424
   88  C   5  Z   0.005431   0.011959  -0.003986   0.004404   0.132586
   89  C   5  X   0.245230  -0.000886  -0.310692   0.149812   0.070251
   90  C   5  Y  -0.228962   0.034865   0.363316  -0.805233  -0.086827
   91  C   5  Z  -0.068548   0.002193  -0.024160   0.004734  -0.032864
   92  C   5  X  -1.089972  -0.491271  -0.112194   2.648617   0.056265
   93  C   5  Y  -2.047125   0.801319  -0.729697  -1.596416  -0.609851
   94  C   5  Z  -0.497262  -0.004255  -0.081511  -0.004393  -1.628911
   95  C   5 XX   0.229839   0.107612  -0.169579   0.223298  -0.145488
   96  C   5 YY   0.232362   0.154911  -0.203980   0.192638  -0.147164
   97  C   5 ZZ   0.226238   0.123932  -0.177860   0.238079  -0.146299
   98  C   5 XY   0.034458  -0.000390  -0.013492   0.004653   0.002529
   99  C   5 XZ  -0.009957   0.001474  -0.001406  -0.001830   0.023822
  100  C   5 YZ  -0.005613   0.002806  -0.002355   0.000158   0.016216
  101  N   6  S   0.005298   0.001364  -0.007135   0.002997   0.000783
  102  N   6  S  -0.007699  -0.003103  -0.017174  -0.010934   0.000159
  103  N   6  S   0.506558   0.158402   0.112146   0.485620   0.025225
  104  N   6  S  -1.227038  -0.367687  -0.266206  -1.132357  -0.059474
  105  N   6  S   1.099695   0.010214   1.376080   0.503079   0.052215
  106  N   6  X   0.049102   0.037586  -0.074282   0.036299   0.016127
  107  N   6  Y  -0.066796  -0.022143  -0.054996  -0.045910  -0.030338
  108  N   6  Z  -0.093261   0.012149  -0.020357  -0.012043  -0.027621
  109  N   6  X   0.089216   0.217008  -0.110996   0.019022  -0.050970
  110  N   6  Y  -0.258847  -0.109173  -0.167027  -0.111241  -0.101062
  111  N   6  Z  -0.376020   0.063153  -0.083311  -0.040550  -0.066791
  112  N   6  X   0.535687  -1.317135  -0.155932   2.517459   0.351623
  113  N   6  Y   1.920311   0.569107   1.681407   0.391170   0.401733
  114  N   6  Z   1.103057  -0.164189   0.241660   0.134224   0.420863
  115  N   6 XX   0.257609   0.077005   0.058179   0.216478   0.015341
  116  N   6 YY   0.229802   0.079850   0.044125   0.245293   0.006645
  117  N   6 ZZ   0.243966   0.073865   0.045636   0.241967   0.011298
  118  N   6 XY  -0.007784   0.027861  -0.004649  -0.005059  -0.005090
  119  N   6 XZ   0.001016   0.000656  -0.000426   0.000237  -0.009448
  120  N   6 YZ  -0.011349   0.002208  -0.003097  -0.001396  -0.007583
  121  O   7  S  -0.012077   0.003058  -0.002240   0.008365  -0.000816
  122  O   7  S  -0.023313   0.002804  -0.008050   0.013469  -0.003163
  123  O   7  S   0.020834   0.074426   0.094037   0.059335   0.039930
  124  O   7  S   0.042566  -0.180618  -0.199254  -0.180975  -0.085773
  125  O   7  S   0.061780  -0.081370   0.271796  -0.046389   0.102679
  126  O   7  X   0.036203  -0.014298  -0.015285   0.024105  -0.006556
  127  O   7  Y   0.042723  -0.029756  -0.002980  -0.067330   0.002868
  128  O   7  Z   0.018861  -0.023759   0.005574  -0.001412  -0.252118
  129  O   7  X  -0.047487   0.058080  -0.149896   0.126973  -0.033078
  130  O   7  Y  -0.111370  -0.186670   0.075510  -0.077163   0.008810
  131  O   7  Z   0.051297  -0.064712   0.012956  -0.002815  -0.781978
  132  O   7  X   0.719286  -0.281980   0.651141  -0.852138   0.119517
  133  O   7  Y   1.052985   0.612960  -0.391939  -0.103429   0.040690
  134  O   7  Z  -0.011222   0.120791  -0.003630   0.006613   1.901161
  135  O   7 XX  -0.002026   0.052532   0.027320   0.035077   0.017608
  136  O   7 YY  -0.007017   0.021068   0.058243   0.035569   0.019731
  137  O   7 ZZ   0.017403   0.038620   0.043239   0.030324   0.017853
  138  O   7 XY  -0.018900  -0.007905   0.002629   0.004913   0.000269
  139  O   7 XZ   0.003431  -0.001365   0.000665   0.000348  -0.015777
  140  O   7 YZ   0.000258  -0.000265  -0.000444  -0.000052  -0.008489
  141  N   8  S  -0.010518  -0.001563  -0.004469  -0.009449  -0.000570
  142  N   8  S  -0.018430  -0.001726   0.003394  -0.016025   0.003541
  143  N   8  S  -0.005443  -0.053027  -0.372588  -0.025731  -0.136466
  144  N   8  S   0.077602   0.161452   0.888868   0.120526   0.323847
  145  N   8  S   0.398080  -0.104204  -0.079975   0.592497  -0.243493
  146  N   8  X   0.074196  -0.132475   0.085370  -0.137135   0.030731
  147  N   8  Y   0.056652   0.091187  -0.056054  -0.030414  -0.002679
  148  N   8  Z   0.014248  -0.022017  -0.008287  -0.013127   0.032525
  149  N   8  X   0.357646  -0.395297   0.256397  -0.471050   0.117803
  150  N   8  Y   0.126409   0.303812  -0.235999  -0.137164  -0.030707
  151  N   8  Z   0.054044  -0.091849  -0.038737  -0.058352   0.148922
  152  N   8  X  -1.006744   1.385321  -0.420373   0.692988  -0.089260
  153  N   8  Y  -0.536286   0.154948  -0.680199  -0.831490   0.884005
  154  N   8  Z   0.039772   0.225199   0.099242   0.212496  -0.486457
  155  N   8 XX  -0.010767  -0.024945  -0.172358  -0.020743  -0.065260
  156  N   8 YY  -0.001960  -0.030241  -0.186806  -0.013469  -0.063480
  157  N   8 ZZ   0.000990  -0.030567  -0.190167  -0.011013  -0.067503
  158  N   8 XY   0.016942  -0.006630  -0.007909  -0.001559   0.005028
  159  N   8 XZ   0.000508  -0.004776   0.002019  -0.002313  -0.011348
  160  N   8 YZ   0.000253  -0.001847   0.002231   0.000029  -0.002962
  161  H   9  S   0.016792  -0.008023   0.004036  -0.025868  -0.000313
  162  H   9  S   0.037353  -0.135506   0.195754  -0.608429   0.002144
  163  H   9  S  -2.522404   1.562146  -1.225559   1.403659   0.036839
  164  H   9  X  -0.003797  -0.005123   0.003096  -0.005869  -0.002965
  165  H   9  Y   0.000175   0.005985   0.007995   0.010221   0.002547
  166  H   9  Z   0.003152  -0.000079   0.000441  -0.000265   0.000955
  167  H  10  S  -0.026209  -0.030195   0.005888  -0.003263   0.006713
  168  H  10  S  -0.648214  -0.591972  -0.250180  -0.550200   0.099860
  169  H  10  S   1.373564   1.333247   0.641096  -1.760275   0.255965
  170  H  10  X  -0.001927  -0.012076   0.009400   0.019991  -0.001881
  171  H  10  Y   0.009373  -0.001979   0.015295   0.009592   0.003695
  172  H  10  Z  -0.001378   0.000964   0.000520   0.000991   0.008402
  173  H  11  S   0.001100   0.004601  -0.023681   0.020662   0.001165
  174  H  11  S   0.378478   0.239032  -0.562451   0.627392  -0.015786
  175  H  11  S   0.177777  -0.245852   0.639290  -0.418392   0.011394
  176  H  11  X   0.011008   0.006568  -0.015614   0.009493  -0.000510
  177  H  11  Y  -0.012125   0.001544   0.016104  -0.017635  -0.002479
  178  H  11  Z   0.004318   0.000051   0.000481   0.000568   0.013883
  179  H  12  S  -0.018462   0.002815   0.007474   0.013122  -0.003067
  180  H  12  S  -0.275787  -0.021968   0.362182   0.408245  -0.261130
  181  H  12  S   1.248949  -1.176674  -0.178956  -1.054059   0.158924
  182  H  12  X   0.008521  -0.013395  -0.005075  -0.020923   0.006683
  183  H  12  Y   0.011446   0.007245  -0.012582  -0.006058   0.008623
  184  H  12  Z   0.002659  -0.007089   0.000409   0.001395  -0.013832
  185  H  13  S  -0.008921   0.029457  -0.023341  -0.025020   0.004904
  186  H  13  S  -0.346470   0.600011  -0.631658  -0.637847   0.333591
  187  H  13  S  -0.074482  -1.130110   0.027351  -0.190813   0.323262
  188  H  13  X  -0.000574   0.000835   0.010620  -0.011160  -0.004236
  189  H  13  Y  -0.008167   0.023187  -0.014009  -0.009619   0.003310
  190  H  13  Z   0.003091   0.002000  -0.003514  -0.002638   0.001156

                     71         72         73         74         75
                    0.7633     0.7722     0.7951     0.8234     0.8475
                     A          A          A          A          A   
    1  C   1  S   0.004810   0.036239   0.013888  -0.031884   0.018807
    2  C   1  S   0.008448   0.033853   0.023476  -0.048513   0.022876
    3  C   1  S  -0.088546   2.823966  -0.049061  -0.797661   0.984421
    4  C   1  S   0.198098  -7.738973   0.065781   2.331342  -2.704212
    5  C   1  S  -0.247845  10.544082  -0.523311   0.698803   3.087431
    6  C   1  X  -0.060587  -0.141324  -0.122654   0.029741   0.073733
    7  C   1  Y   0.037331  -0.084328  -0.207378  -0.036943   0.128457
    8  C   1  Z  -0.007878  -0.000619   0.003305  -0.004778  -0.006531
    9  C   1  X  -0.182859  -0.350779  -0.091091   0.031258   0.467769
   10  C   1  Y   0.512358  -0.060808  -1.067465   0.158090   0.449071
   11  C   1  Z  -0.038398  -0.001714   0.009299  -0.009481  -0.009897
   12  C   1  X  -0.251481  -2.570348  -1.853191   0.377269   1.640800
   13  C   1  Y   3.567684   0.826114  -4.422173  -2.397212   2.148721
   14  C   1  Z   0.002508   0.062910   0.029216   0.088067   0.171350
   15  C   1 XX  -0.050538   1.273495  -0.016848  -0.366233   0.447740
   16  C   1 YY  -0.032738   1.283601  -0.022712  -0.397440   0.467001
   17  C   1 ZZ  -0.048379   1.313700  -0.030065  -0.352399   0.441165
   18  C   1 XY  -0.018752  -0.026101  -0.016054  -0.001668   0.006097
   19  C   1 XZ   0.011628   0.003620  -0.002655   0.007180   0.002824
   20  C   1 YZ   0.012194   0.006083   0.003260   0.009811   0.021050
   21  C   2  S   0.001733  -0.038184   0.022715   0.017318   0.018592
   22  C   2  S   0.009197  -0.042023   0.008917   0.019942   0.027575
   23  C   2  S  -0.808896  -2.631757   2.964972   0.921278   0.612289
   24  C   2  S   2.236081   7.116308  -8.030054  -2.683503  -1.586098
   25  C   2  S  -5.876905  -6.937287   9.230700   4.705628  -2.112687
   26  C   2  X   0.142704   0.141890   0.005081   0.220410  -0.045328
   27  C   2  Y  -0.042482  -0.005085  -0.246826   0.172575  -0.134353
   28  C   2  Z   0.002694   0.001618  -0.001700   0.004035   0.005539
   29  C   2  X   0.535900   0.285002   0.229470   0.300724   0.117975
   30  C   2  Y   0.165286   0.008309  -1.014829   0.521087  -0.087768
   31  C   2  Z   0.036121   0.014146   0.000723   0.018466   0.031688
   32  C   2  X   0.925089   6.458794  -1.145202   0.770453  -0.808970
   33  C   2  Y  -2.910497   3.802938  -2.805648   0.966912   2.344195
   34  C   2  Z  -0.107020  -0.050701  -0.047839  -0.110691  -0.199054
   35  C   2 XX  -0.363010  -1.209956   1.337224   0.441927   0.298781
   36  C   2 YY  -0.385016  -1.209918   1.338612   0.392120   0.289135
   37  C   2 ZZ  -0.378378  -1.228686   1.391076   0.426666   0.278234
   38  C   2 XY   0.012014   0.018444   0.004671   0.005980  -0.025288
   39  C   2 XZ   0.004362   0.002272  -0.000720   0.002230   0.000708
   40  C   2 YZ  -0.006313  -0.003854  -0.003330  -0.004499  -0.011482
   41  C   3  S  -0.024698   0.004958  -0.008592  -0.013638  -0.001921
   42  C   3  S  -0.039941  -0.006490  -0.003696  -0.021352  -0.001225
   43  C   3  S  -0.420453   1.320051  -1.093391  -0.169019  -0.117004
   44  C   3  S   1.220478  -3.641222   2.944213   0.561114   0.422200
   45  C   3  S   0.961353   8.058218  -3.454180  -2.693399  -0.080748
   46  C   3  X   0.110229  -0.006887   0.129071  -0.063811   0.199439
   47  C   3  Y   0.020919   0.106684   0.115182  -0.184472  -0.083823
   48  C   3  Z  -0.003415  -0.000822   0.000564  -0.005579  -0.008133
   49  C   3  X   0.832750   0.119501   0.758718  -0.166414   0.501525
   50  C   3  Y  -0.363385   0.016330   0.342882  -0.173363  -0.188663
   51  C   3  Z  -0.021022  -0.006491   0.007037  -0.012474  -0.010441
   52  C   3  X   2.780542  -1.072639  -0.402381  -1.340097  -0.995771
   53  C   3  Y   3.319017  -1.933192   3.318086  -0.191786  -2.815087
   54  C   3  Z   0.112742   0.048264   0.005172   0.048262   0.105149
   55  C   3 XX  -0.200675   0.586603  -0.504571  -0.101549  -0.037241
   56  C   3 YY  -0.197785   0.597241  -0.490417  -0.075721  -0.056852
   57  C   3 ZZ  -0.197079   0.613073  -0.509030  -0.055693  -0.057052
   58  C   3 XY   0.009998  -0.007415   0.003831   0.019675   0.011299
   59  C   3 XZ  -0.004215  -0.003302  -0.002236  -0.003724  -0.004600
   60  C   3 YZ   0.006825   0.002452  -0.000326   0.001333   0.001051
   61  N   4  S  -0.003299   0.016900  -0.003046   0.012940  -0.005841
   62  N   4  S  -0.014133   0.010119  -0.005270   0.047311   0.001799
   63  N   4  S   0.258315   0.654829   0.005853  -0.777565  -0.368801
   64  N   4  S  -0.558250  -1.641858   0.020463   1.737735   0.863475
   65  N   4  S   0.084977   0.101983   0.589664  -2.029991   0.415548
   66  N   4  X   0.042465  -0.049615   0.109882  -0.129041   0.041762
   67  N   4  Y  -0.090934   0.045619   0.128886   0.032513   0.145646
   68  N   4  Z  -0.010455  -0.003960   0.000236  -0.003704  -0.003589
   69  N   4  X   0.023637  -0.064804   0.342436  -0.457494   0.147653
   70  N   4  Y  -0.263499   0.205690   0.395986   0.045116   0.206355
   71  N   4  Z  -0.031085  -0.010727   0.000814  -0.012707  -0.010512
   72  N   4  X   0.919119  -0.095338   0.375169   3.514454  -2.046390
   73  N   4  Y   2.798211  -2.870182   0.337755  -0.334810  -0.033813
   74  N   4  Z   0.175441   0.065577   0.009789   0.090511   0.057516
   75  N   4 XX   0.124537   0.320643   0.000345  -0.358491  -0.190390
   76  N   4 YY   0.117785   0.323181   0.009928  -0.376944  -0.161916
   77  N   4 ZZ   0.133419   0.326804   0.002464  -0.393166  -0.184576
   78  N   4 XY   0.005294  -0.018392  -0.003595  -0.000155   0.002917
   79  N   4 XZ  -0.003205  -0.000713   0.000386   0.000287  -0.000604
   80  N   4 YZ   0.001248   0.000902   0.000679   0.001363   0.001580
   81  C   5  S   0.043409  -0.012697  -0.017213   0.005930  -0.024700
   82  C   5  S   0.056782  -0.011575  -0.022428   0.010827  -0.034397
   83  C   5  S   1.873813  -1.198035  -0.493456   0.148535  -0.732469
   84  C   5  S  -5.268693   3.269269   1.433629  -0.496510   2.134861
   85  C   5  S   7.720112  -6.984489  -3.604162  -2.152428  -2.352187
   86  C   5  X  -0.119634   0.084000  -0.112711  -0.130554  -0.058076
   87  C   5  Y   0.000648   0.054491   0.090140   0.138292   0.101083
   88  C   5  Z   0.027290   0.009185  -0.002072  -0.000353   0.005611
   89  C   5  X  -0.171825   0.038073  -0.533410  -0.847698   0.123927
   90  C   5  Y   0.238079  -0.142135   0.518793   0.376998   0.072807
   91  C   5  Z  -0.020921  -0.005215  -0.014488  -0.020300  -0.001902
   92  C   5  X  -0.082159  -0.239406  -2.065826  -1.284487   1.588322
   93  C   5  Y   1.641094   0.047748   3.382533   1.457409  -2.021735
   94  C   5  Z  -0.529027  -0.165407  -0.095149  -0.208423  -0.292493
   95  C   5 XX   0.866999  -0.559751  -0.232438   0.080160  -0.340447
   96  C   5 YY   0.860035  -0.546666  -0.207792   0.067775  -0.340254
   97  C   5 ZZ   0.858679  -0.551890  -0.215141   0.074447  -0.318375
   98  C   5 XY  -0.012081   0.015236  -0.017965   0.011111  -0.020096
   99  C   5 XZ   0.004748   0.000850   0.001580   0.003094   0.005312
  100  C   5 YZ  -0.001102  -0.001402  -0.001331  -0.002544  -0.001998
  101  N   6  S  -0.004253   0.029414   0.000359   0.001344  -0.014621
  102  N   6  S  -0.003020   0.025221   0.008510  -0.003191  -0.022818
  103  N   6  S  -0.107102   0.860879  -0.237450   0.159000  -0.090910
  104  N   6  S   0.263104  -2.193487   0.540869  -0.431054   0.313985
  105  N   6  S  -0.030624  -0.232787  -0.056630   1.179877   0.375371
  106  N   6  X  -0.154561   0.031963  -0.038007  -0.080307   0.125090
  107  N   6  Y   0.111300  -0.108996   0.002492  -0.031355   0.078702
  108  N   6  Z  -0.038918  -0.011117  -0.004887  -0.014885  -0.026665
  109  N   6  X  -0.369735   0.311108   0.105637   0.078315   0.664055
  110  N   6  Y   0.349547  -0.223895   0.017599   0.057258   0.160897
  111  N   6  Z  -0.136116  -0.040021  -0.013776  -0.053591  -0.082658
  112  N   6  X   2.001211  -3.250809  -4.402027  -3.208147  -1.498649
  113  N   6  Y  -1.593688   0.159151  -0.078845   0.177371   0.189917
  114  N   6  Z   0.460167   0.122010   0.023741   0.152734   0.249144
  115  N   6 XX  -0.058076   0.419173  -0.100680   0.066937  -0.056014
  116  N   6 YY  -0.037854   0.427325  -0.119917   0.088974  -0.047683
  117  N   6 ZZ  -0.052250   0.428388  -0.120958   0.069001  -0.036385
  118  N   6 XY   0.002703   0.006425   0.024687   0.020035   0.010956
  119  N   6 XZ  -0.004638  -0.001940  -0.001097  -0.003462  -0.004741
  120  N   6 YZ  -0.006066  -0.001930   0.000272  -0.002572  -0.002035
  121  O   7  S   0.001951  -0.006653   0.009290  -0.001197   0.009640
  122  O   7  S   0.015843  -0.018144   0.005383  -0.006345   0.002896
  123  O   7  S  -0.305012   0.161614   0.295782   0.103086   0.386254
  124  O   7  S   0.687633  -0.336482  -0.731316  -0.206132  -0.942130
  125  O   7  S  -0.887675   0.858579   0.422815  -0.069480   0.624970
  126  O   7  X   0.018716   0.035702  -0.095892  -0.004240   0.020503
  127  O   7  Y   0.028129   0.037852   0.020049  -0.021137  -0.149604
  128  O   7  Z  -0.051419  -0.014192  -0.004329  -0.009823  -0.018340
  129  O   7  X   0.006517   0.118879  -0.228280  -0.024438   0.208945
  130  O   7  Y   0.112759   0.079726   0.191555  -0.156768  -0.437481
  131  O   7  Z  -0.165488  -0.044314  -0.014818  -0.035446  -0.064269
  132  O   7  X  -0.042284  -0.089371   0.650719  -0.020347  -0.807474
  133  O   7  Y  -0.542810  -0.016765  -1.082880   0.154606   1.381063
  134  O   7  Z   0.440885   0.120019   0.048222   0.115036   0.196895
  135  O   7 XX  -0.154975   0.084762   0.139416   0.048779   0.205522
  136  O   7 YY  -0.142718   0.079085   0.157457   0.042965   0.184066
  137  O   7 ZZ  -0.133491   0.061964   0.138359   0.053410   0.179104
  138  O   7 XY   0.002429  -0.002408   0.007410  -0.000564  -0.006157
  139  O   7 XZ  -0.002726  -0.000163  -0.000154  -0.000590  -0.000974
  140  O   7 YZ  -0.002634  -0.001074  -0.000681  -0.001211  -0.002096
  141  N   8  S  -0.004460   0.000736  -0.006801   0.006076  -0.000449
  142  N   8  S  -0.011590  -0.005960  -0.009693   0.020327   0.002050
  143  N   8  S   0.101982   0.237163  -0.091404  -0.289190  -0.080147
  144  N   8  S  -0.232596  -0.557451   0.292153   0.623322   0.217529
  145  N   8  S   0.938054  -0.151365  -0.279734  -0.745625  -0.896143
  146  N   8  X  -0.048502  -0.068403  -0.026461   0.048307  -0.051684
  147  N   8  Y   0.035726   0.099856   0.102336  -0.086855  -0.057360
  148  N   8  Z  -0.000640  -0.000280   0.005844  -0.001971   0.001986
  149  N   8  X  -0.258974  -0.168466   0.055854   0.161803  -0.009210
  150  N   8  Y   0.190569   0.331826   0.353255  -0.190346  -0.213225
  151  N   8  Z   0.001571   0.005976   0.003314   0.002051   0.008280
  152  N   8  X  -0.277701   0.067163   0.050678  -0.714181  -1.362331
  153  N   8  Y  -3.053708  -1.423616  -0.229823  -0.827400  -1.842806
  154  N   8  Z  -0.036826  -0.091094  -0.060053  -0.127847  -0.273056
  155  N   8 XX   0.059895   0.109129  -0.047008  -0.138947  -0.060554
  156  N   8 YY   0.032510   0.112640  -0.049519  -0.134074  -0.022358
  157  N   8 ZZ   0.045928   0.124178  -0.044569  -0.139904  -0.029308
  158  N   8 XY   0.003850   0.014792   0.009609  -0.013491  -0.001719
  159  N   8 XZ   0.003120   0.003152   0.001855   0.004484   0.011236
  160  N   8 YZ   0.013699   0.007074   0.002287   0.009563   0.017207
  161  H   9  S   0.018132  -0.022061  -0.002453  -0.024751   0.025637
  162  H   9  S   0.215211  -0.380451  -0.104421  -1.300019   0.639616
  163  H   9  S   0.433136  -4.012969   1.352075  -0.260312  -0.746043
  164  H   9  X   0.005566  -0.002361   0.014420  -0.004934   0.012673
  165  H   9  Y  -0.008762  -0.008731  -0.012797  -0.000279   0.006784
  166  H   9  Z  -0.000609  -0.000328  -0.000713  -0.001265  -0.003776
  167  H  10  S  -0.022940  -0.016773  -0.005331   0.018383   0.008629
  168  H  10  S  -0.328938  -0.831206  -0.246613   0.608718   0.424437
  169  H  10  S  -1.711761   0.901607  -1.533017  -0.134925   1.411630
  170  H  10  X   0.007717   0.006224   0.030031   0.000940   0.010913
  171  H  10  Y  -0.016109  -0.007482   0.005788   0.007647   0.008228
  172  H  10  Z   0.004628   0.002127   0.000721   0.001539   0.002873
  173  H  11  S  -0.001492   0.002201   0.018624   0.039734  -0.026801
  174  H  11  S   0.087113   0.151287   0.105924   1.249507  -0.770458
  175  H  11  S   0.088788   0.163996  -0.931507   0.769439  -0.509716
  176  H  11  X  -0.000155   0.001959   0.008962   0.010736  -0.000633
  177  H  11  Y   0.008030   0.000328   0.018747  -0.005808   0.001316
  178  H  11  Z   0.004373   0.001328   0.000060   0.001461   0.002119
  179  H  12  S   0.020231   0.009093  -0.011367   0.004903   0.022816
  180  H  12  S   0.807453   0.335785  -0.063606   0.579849   1.101964
  181  H  12  S   0.062879   0.161434   0.749542   0.351390   0.682293
  182  H  12  X  -0.009268  -0.006017  -0.005804  -0.004577  -0.015555
  183  H  12  Y  -0.021533   0.011195   0.014228  -0.001756  -0.009206
  184  H  12  Z   0.010163   0.007240  -0.000963   0.012558   0.026865
  185  H  13  S  -0.037926   0.012278   0.018564   0.000821   0.004930
  186  H  13  S  -1.033218  -0.033144   0.343779  -0.546303  -0.755753
  187  H  13  S  -0.786830  -0.249421  -0.903340  -0.410588  -0.093346
  188  H  13  X  -0.015995   0.008103   0.006685   0.010700   0.003515
  189  H  13  Y  -0.009440  -0.001364   0.014008  -0.010181  -0.022647
  190  H  13  Z  -0.015735  -0.004828  -0.000652  -0.012150  -0.021559

                     76         77         78         79         80
                    0.8955     0.9131     0.9973     1.0533     1.1224
                     A          A          A          A          A   
    1  C   1  S   0.017125   0.016681   0.031447  -0.022144   0.005941
    2  C   1  S   0.022212   0.028977   0.033899  -0.036453   0.001482
    3  C   1  S   0.811857  -0.024007   2.023237  -0.303465   1.194488
    4  C   1  S  -2.295738  -0.023308  -5.586822   1.209801  -3.184594
    5  C   1  S   1.585064   0.735024   6.577974  -3.589524   9.676958
    6  C   1  X  -0.327375   0.178815   0.076886  -0.169940  -0.162154
    7  C   1  Y   0.262539   0.204663   0.061451   0.055859   0.059769
    8  C   1  Z   0.003315  -0.003662  -0.006733   0.002575  -0.003795
    9  C   1  X  -0.288480   0.718973   0.623134  -0.377544   0.462199
   10  C   1  Y   0.537468   0.473065   0.051259  -0.013992  -0.312675
   11  C   1  Z   0.008769  -0.003650  -0.006437   0.007351  -0.013105
   12  C   1  X  -2.562426  -0.993263  -2.376380  -2.370590   5.543250
   13  C   1  Y  -0.782461  -1.922758   0.864239   0.518025  -1.059617
   14  C   1  Z  -0.050242   0.036079   0.049581   0.089162  -0.123214
   15  C   1 XX   0.395457   0.017596   0.902071  -0.176344   0.544728
   16  C   1 YY   0.353926  -0.015083   0.928780  -0.118469   0.588546
   17  C   1 ZZ   0.373775  -0.037365   0.947878  -0.110624   0.536266
   18  C   1 XY   0.019174   0.021342   0.014681   0.006537  -0.019760
   19  C   1 XZ  -0.005424   0.000617   0.004450   0.001962  -0.007907
   20  C   1 YZ  -0.003115   0.017361  -0.001211  -0.001730   0.000631
   21  C   2  S   0.028659   0.007918  -0.029267   0.004355  -0.011865
   22  C   2  S   0.044330   0.006965  -0.032730   0.007401  -0.012373
   23  C   2  S   0.463042   0.652696  -1.251468   0.251517  -0.140753
   24  C   2  S  -1.459954  -1.787623   3.679259  -0.578930   0.735710
   25  C   2  S  -1.066467   1.821098  -4.038543  -0.557274  -2.576536
   26  C   2  X   0.192862  -0.107245  -0.250483  -0.078909   0.088562
   27  C   2  Y   0.111947   0.076918  -0.085039  -0.012898  -0.168471
   28  C   2  Z  -0.003399   0.001081   0.004309   0.004009  -0.012176
   29  C   2  X   0.992284  -0.607808  -0.693306   0.587510  -0.287410
   30  C   2  Y   0.284198   0.517664   0.051535  -0.250855   0.228870
   31  C   2  Z   0.000738   0.012349  -0.001981  -0.001918   0.013955
   32  C   2  X   1.545576   0.413689   4.628054   1.098953   0.789695
   33  C   2  Y   0.377639  -3.257588   3.616543   0.319723   4.179020
   34  C   2  Z   0.049264  -0.094671  -0.003078  -0.017435   0.050159
   35  C   2 XX   0.207440   0.291352  -0.575575   0.116083  -0.033430
   36  C   2 YY   0.228369   0.300702  -0.529056   0.156733  -0.029962
   37  C   2 ZZ   0.199624   0.303406  -0.552536   0.102294  -0.045619
   38  C   2 XY   0.011674  -0.017366  -0.027443  -0.022182  -0.000810
   39  C   2 XZ  -0.000282   0.001688   0.000497  -0.005183   0.011866
   40  C   2 YZ   0.001817  -0.009110   0.002361   0.000204   0.001921
   41  C   3  S  -0.014195  -0.005354   0.035822  -0.015079  -0.014121
   42  C   3  S  -0.024206  -0.011422   0.044979  -0.018695  -0.031207
   43  C   3  S   0.101235   0.094339   1.911198  -0.368325   0.784912
   44  C   3  S  -0.155814  -0.242850  -5.271917   1.198320  -1.703806
   45  C   3  S   1.329491   0.091396   4.815046   2.853478   2.562100
   46  C   3  X   0.072919  -0.107090  -0.034581   0.018837   0.039174
   47  C   3  Y  -0.216493   0.003156   0.083443  -0.137404  -0.150601
   48  C   3  Z   0.006880  -0.007896  -0.000737  -0.002972   0.012719
   49  C   3  X   0.665560  -0.659963  -0.469122  -0.286473  -0.365910
   50  C   3  Y  -0.639150  -0.067337   0.843983  -0.765450  -0.120372
   51  C   3  Z   0.014014  -0.012864  -0.009525   0.003356  -0.011848
   52  C   3  X   0.241773   1.712178  -1.230558   0.208188  -1.548064
   53  C   3  Y  -2.248708   3.296799  -3.248287  -1.610740  -4.806285
   54  C   3  Z  -0.010337   0.075374   0.009061   0.003669  -0.009574
   55  C   3 XX   0.055018   0.031876   0.896728  -0.095483   0.340683
   56  C   3 YY   0.026341   0.034643   0.881125  -0.182045   0.367911
   57  C   3 ZZ   0.070315   0.046861   0.871446  -0.188237   0.390618
   58  C   3 XY   0.026073  -0.019795  -0.001933  -0.011325   0.046798
   59  C   3 XZ   0.000643  -0.004856   0.001176   0.002731  -0.002830
   60  C   3 YZ   0.001665   0.000614   0.000355  -0.004686   0.009832
   61  N   4  S  -0.005178   0.003168  -0.038434  -0.055111  -0.040147
   62  N   4  S   0.017677  -0.015515   0.035470   0.052966   0.054553
   63  N   4  S  -0.827897   0.650403  -3.144586  -4.633041  -3.813257
   64  N   4  S   1.953219  -1.504815   7.697198  11.317823   9.328160
   65  N   4  S  -0.598311   0.476756  -5.152760  -6.699688  -6.650906
   66  N   4  X  -0.060852  -0.088585   0.173204  -0.083911  -0.025930
   67  N   4  Y   0.018822  -0.155651  -0.022021  -0.001838   0.023153
   68  N   4  Z  -0.000844  -0.000427   0.002031  -0.001618  -0.000009
   69  N   4  X  -0.180257  -0.215267   0.297213  -0.054355   0.019112
   70  N   4  Y  -0.082534  -0.255102  -0.033722  -0.066349   0.021696
   71  N   4  Z   0.000544  -0.002989   0.003026  -0.003969   0.004800
   72  N   4  X  -0.191045   0.447013   2.059126  -3.276895  -0.877263
   73  N   4  Y   1.086995   0.680619  -1.698016   1.334408  -0.341859
   74  N   4  Z  -0.025172   0.019598   0.034878  -0.024399  -0.035652
   75  N   4 XX  -0.388419   0.325696  -1.531567  -2.233050  -1.820942
   76  N   4 YY  -0.403048   0.293881  -1.490109  -2.205429  -1.822601
   77  N   4 ZZ  -0.411346   0.327003  -1.532933  -2.280217  -1.862057
   78  N   4 XY   0.011786  -0.014700   0.009863  -0.005685   0.002192
   79  N   4 XZ  -0.000084   0.000396  -0.000301   0.001096  -0.000460
   80  N   4 YZ  -0.001015   0.001989   0.000016  -0.000496  -0.000828
   81  C   5  S  -0.058279   0.002172  -0.017730   0.008311   0.001302
   82  C   5  S  -0.083695   0.002302  -0.020325   0.018668  -0.003479
   83  C   5  S  -1.880251   0.146976  -0.573327   0.133154   0.834973
   84  C   5  S   5.421623  -0.448185   1.832260  -0.294568  -2.070616
   85  C   5  S  -3.025895  -0.956154  -3.482239   1.684332   3.349541
   86  C   5  X  -0.038506   0.159661  -0.257159   0.283659   0.232524
   87  C   5  Y  -0.143537  -0.202041  -0.038678   0.186822   0.136595
   88  C   5  Z   0.003907   0.004176  -0.001645  -0.000018   0.006962
   89  C   5  X  -0.006686   0.148762  -1.097913   0.237567  -0.061158
   90  C   5  Y  -0.075233   0.054883  -0.219611   0.687359   0.328800
   91  C   5  Z   0.003290  -0.001058  -0.009492   0.001846  -0.013239
   92  C   5  X  -1.942717  -1.444421  -1.796233   0.261532   1.280667
   93  C   5  Y  -0.428325   3.401074   0.851532   1.880261   0.238885
   94  C   5  Z   0.052211  -0.160398  -0.028945  -0.057880   0.111055
   95  C   5 XX  -0.899858   0.039067  -0.261741   0.099173   0.378338
   96  C   5 YY  -0.855396   0.080780  -0.229817   0.112484   0.395293
   97  C   5 ZZ  -0.844504   0.078506  -0.237246   0.017983   0.389058
   98  C   5 XY  -0.020003   0.025348  -0.018774   0.023360   0.031065
   99  C   5 XZ  -0.003374   0.001296   0.000690   0.004191  -0.009203
  100  C   5 YZ   0.002203  -0.002240  -0.000887  -0.000948   0.000913
  101  N   6  S   0.008255  -0.003846  -0.013262   0.028685  -0.002045
  102  N   6  S   0.021385  -0.006176  -0.024132   0.008739   0.009591
  103  N   6  S  -0.224239  -0.002798   0.090116   1.331025  -0.353368
  104  N   6  S   0.450459  -0.006982  -0.111995  -3.276433   0.876231
  105  N   6  S  -0.325869   0.771635   0.881254   0.961035  -1.220474
  106  N   6  X   0.126165   0.324974   0.014139  -0.032724   0.024428
  107  N   6  Y  -0.072373   0.070309   0.194647  -0.036290  -0.020714
  108  N   6  Z   0.004634  -0.014519  -0.000163   0.003386   0.002458
  109  N   6  X  -0.003894   0.918358   0.024175   0.182894  -0.175732
  110  N   6  Y  -0.211858   0.262126   0.491926  -0.131826   0.041423
  111  N   6  Z   0.014953  -0.041658  -0.004186   0.004172   0.010330
  112  N   6  X   0.657266  -3.278268  -1.273964  -0.795122  -0.099274
  113  N   6  Y   0.426502  -0.533062  -0.572673  -0.158680  -0.432105
  114  N   6  Z  -0.056233   0.122025  -0.012272  -0.016217  -0.021785
  115  N   6 XX  -0.094315   0.000761   0.053587   0.663764  -0.168510
  116  N   6 YY  -0.115514   0.002891   0.028424   0.641175  -0.171668
  117  N   6 ZZ  -0.117414  -0.006898   0.064493   0.651632  -0.156151
  118  N   6 XY   0.010203  -0.001502   0.008216   0.006660  -0.003935
  119  N   6 XZ   0.002784  -0.002049  -0.001166  -0.002427   0.005294
  120  N   6 YZ   0.001087  -0.001404  -0.000205   0.000894  -0.002225
  121  O   7  S   0.014135   0.000950   0.005219  -0.018858  -0.007701
  122  O   7  S   0.014284   0.000246   0.014823  -0.024284  -0.012285
  123  O   7  S   0.270594   0.042744  -0.164142  -0.254667  -0.029924
  124  O   7  S  -0.709211  -0.117255   0.352976   0.715296   0.150537
  125  O   7  S  -0.058031   0.360803  -0.754350   0.135468  -0.222900
  126  O   7  X  -0.197923  -0.075027  -0.152652   0.131876   0.091331
  127  O   7  Y  -0.052048   0.174275  -0.045951   0.129634   0.062017
  128  O   7  Z   0.000507  -0.007661  -0.000475  -0.002360   0.004392
  129  O   7  X  -0.517702  -0.118224  -0.467669   0.257715   0.161555
  130  O   7  Y  -0.119520   0.478091  -0.224636   0.278633   0.049133
  131  O   7  Z   0.005832  -0.024172  -0.001735  -0.008747   0.016673
  132  O   7  X   1.113409   0.458213   0.575564  -0.240685  -0.485589
  133  O   7  Y   0.173015  -1.281237  -0.067149  -0.835768  -0.192292
  134  O   7  Z  -0.027373   0.079406   0.007335   0.035758  -0.067089
  135  O   7 XX   0.137240   0.030030  -0.075168  -0.136088  -0.025363
  136  O   7 YY   0.128187   0.017926  -0.086376  -0.124795  -0.022433
  137  O   7 ZZ   0.131902   0.014942  -0.076610  -0.123230   0.002621
  138  O   7 XY   0.006920  -0.005442   0.006581  -0.015454  -0.013331
  139  O   7 XZ   0.000280   0.000152  -0.000068  -0.000532   0.001213
  140  O   7 YZ   0.000756  -0.001102   0.000023  -0.000471   0.001202
  141  N   8  S  -0.014459  -0.010657   0.018275   0.040319  -0.077070
  142  N   8  S  -0.044988   0.001831  -0.010461  -0.050141   0.058825
  143  N   8  S   0.561465  -0.657457   1.375372   3.783076  -5.999769
  144  N   8  S  -1.209968   1.635318  -3.311961  -9.169431  14.783143
  145  N   8  S   1.554740  -1.199987   0.929857   5.669935 -10.130915
  146  N   8  X  -0.189139  -0.082695   0.006311  -0.020018  -0.052531
  147  N   8  Y   0.033021  -0.115328  -0.012492   0.022017   0.055284
  148  N   8  Z   0.004914  -0.004515   0.000823   0.009552  -0.021867
  149  N   8  X  -0.530510  -0.122965   0.163843  -0.017850  -0.040775
  150  N   8  Y   0.100226  -0.350178  -0.140761   0.070974   0.015865
  151  N   8  Z   0.000568  -0.034414   0.013201   0.064759  -0.107689
  152  N   8  X   1.037877  -0.121046  -0.053279  -1.215185   2.486234
  153  N   8  Y   0.390868  -1.064412  -0.020134   0.473232  -0.710029
  154  N   8  Z   0.120922  -0.081835  -0.036357   0.029307  -0.025841
  155  N   8 XX   0.229394  -0.347038   0.654675   1.819106  -2.889476
  156  N   8 YY   0.280653  -0.294038   0.675376   1.826588  -2.883321
  157  N   8 ZZ   0.282075  -0.321876   0.689353   1.860507  -2.922960
  158  N   8 XY   0.016440  -0.029405   0.008829   0.018688   0.016351
  159  N   8 XZ  -0.001644   0.008814  -0.000023  -0.002520   0.003906
  160  N   8 YZ  -0.004994   0.014168   0.001414  -0.001843  -0.003806
  161  H   9  S  -0.003725  -0.001518  -0.006518  -0.002402   0.029727
  162  H   9  S  -0.648229   0.135878   0.596468  -0.049602   0.165705
  163  H   9  S  -0.201884   0.787686  -3.716429  -0.676210  -1.900470
  164  H   9  X   0.009478  -0.011070   0.010643   0.027335   0.002627
  165  H   9  Y   0.000795   0.015277   0.014137   0.000027   0.010039
  166  H   9  Z   0.000751  -0.003029   0.000720  -0.001300   0.004594
  167  H  10  S  -0.006144  -0.016636   0.017664  -0.012605   0.010382
  168  H  10  S   0.554872  -0.210115  -0.687490   0.135731   0.024240
  169  H  10  S   1.323096  -1.629384   1.824156   0.847002   2.454596
  170  H  10  X   0.006025  -0.025076  -0.003631  -0.010127   0.012607
  171  H  10  Y   0.004909  -0.009537   0.033061   0.014513   0.025168
  172  H  10  Z   0.000192   0.001867   0.000053  -0.002135   0.003487
  173  H  11  S  -0.004593   0.009433   0.037959  -0.012406   0.032238
  174  H  11  S  -0.384362  -0.167997   1.956089  -0.517200   0.543657
  175  H  11  S  -0.226088  -0.146473   0.295571  -1.301356  -0.292407
  176  H  11  X  -0.004080  -0.007231   0.010243   0.014842   0.011436
  177  H  11  Y   0.000442  -0.003454   0.003937  -0.012868  -0.013439
  178  H  11  Z  -0.000512   0.000600   0.000479   0.000545  -0.000368
  179  H  12  S  -0.010937  -0.002390  -0.004175  -0.007612   0.036735
  180  H  12  S  -0.132415   0.938451  -0.054541  -0.496671   0.650974
  181  H  12  S  -0.430135   0.009220   0.120086   0.481976  -1.213806
  182  H  12  X  -0.014480  -0.016922   0.002847   0.005278  -0.016831
  183  H  12  Y   0.011543  -0.007312   0.007943   0.016392  -0.010370
  184  H  12  Z  -0.004596   0.022528   0.005374   0.006780  -0.016659
  185  H  13  S  -0.005418   0.012811  -0.008234  -0.018147   0.032498
  186  H  13  S  -0.070296  -0.600769  -0.162983  -0.458792   1.011054
  187  H  13  S   0.076363  -0.269715   0.366527   0.421985  -0.935266
  188  H  13  X  -0.020330   0.014554  -0.003916  -0.008164  -0.004304
  189  H  13  Y   0.007738  -0.010072  -0.012218  -0.011445   0.014236
  190  H  13  Z   0.006289  -0.021079  -0.000033   0.008494  -0.002518

                     81         82         83         84         85
                    1.1314     1.3357     1.3604     1.3778     1.3940
                     A          A          A          A          A   
    1  C   1  S   0.003361  -0.007676  -0.019231   0.004424  -0.010206
    2  C   1  S   0.003526  -0.018696  -0.046581   0.010328  -0.019640
    3  C   1  S   0.406504   0.482946   0.924112  -0.304948   0.298112
    4  C   1  S  -1.082472  -0.897344  -1.935194   0.632625  -0.595424
    5  C   1  S   4.931427  -4.089234  -0.122405   0.413897   1.153973
    6  C   1  X  -0.202051  -0.383867  -0.344586   0.105874   0.242323
    7  C   1  Y   0.016045   0.096115   0.059565  -0.118879  -0.145944
    8  C   1  Z   0.000964  -0.059217  -0.128473  -0.530986   0.028615
    9  C   1  X  -0.563075   1.481838   0.811426  -0.366868  -0.805030
   10  C   1  Y  -0.100894  -0.138867  -0.471615   0.404900   0.349504
   11  C   1  Z   0.003022   0.059390   0.147420   0.670425  -0.029343
   12  C   1  X  -4.595661   1.744974   1.509018  -0.393898   1.114390
   13  C   1  Y  -0.066373   0.271706  -0.939125   0.177953   0.151610
   14  C   1  Z   0.070998  -0.088175  -0.114115  -0.448025   0.022883
   15  C   1 XX   0.180663   0.151231   0.534284  -0.165296   0.183678
   16  C   1 YY   0.221944   0.247617   0.210113  -0.108908   0.081469
   17  C   1 ZZ   0.176771   0.270858   0.491877  -0.154801   0.160026
   18  C   1 XY   0.028855  -0.033250   0.026471  -0.005538  -0.027007
   19  C   1 XZ   0.003698  -0.014175   0.000091  -0.037019  -0.012971
   20  C   1 YZ   0.011859   0.040756   0.084490   0.331904  -0.003299
   21  C   2  S  -0.003488   0.000770   0.005932  -0.004445   0.009583
   22  C   2  S  -0.004398  -0.003543   0.014509  -0.011387   0.021453
   23  C   2  S   0.181518   0.536237  -0.015773   0.059511  -0.497823
   24  C   2  S  -0.263052  -1.388733  -0.030005  -0.080525   1.062605
   25  C   2  S  -1.046162   2.509813   1.917946  -1.161334  -0.870936
   26  C   2  X  -0.101580  -0.252431  -0.410681   0.095121   0.264618
   27  C   2  Y  -0.057508  -0.036605   0.554405  -0.112132   0.070152
   28  C   2  Z   0.012846  -0.038989  -0.066290  -0.325746   0.011200
   29  C   2  X   0.023901  -0.022060   0.699545  -0.000174  -0.402735
   30  C   2  Y   0.403055  -0.243418  -1.289194   0.339847   0.090514
   31  C   2  Z  -0.002585   0.024966   0.052821   0.238546  -0.015010
   32  C   2  X   3.775063  -4.060435  -1.095270   0.678645  -0.458634
   33  C   2  Y  -0.079253  -2.904293   1.156538   0.309852   0.656988
   34  C   2  Z  -0.060643  -0.006298  -0.024015   0.011267   0.005890
   35  C   2 XX   0.107487   0.185790   0.093602   0.005676  -0.124644
   36  C   2 YY   0.088487   0.286141  -0.058481   0.008549  -0.316874
   37  C   2 ZZ   0.097347   0.272852  -0.016659   0.034697  -0.251394
   38  C   2 XY  -0.016562   0.000568  -0.093387   0.044358  -0.040465
   39  C   2 XZ   0.004802  -0.006774   0.018173   0.025624  -0.012663
   40  C   2 YZ  -0.007666  -0.034157  -0.076628  -0.320947   0.000379
   41  C   3  S  -0.004499  -0.010663   0.015880  -0.000108  -0.006523
   42  C   3  S  -0.016598  -0.025274   0.041129  -0.000770  -0.011061
   43  C   3  S   0.906708   1.179821  -0.215824  -0.264900  -0.391664
   44  C   3  S  -2.199538  -2.433678   0.449674   0.568314   0.946194
   45  C   3  S   3.049276  -4.477409   0.291285   0.604270   2.060942
   46  C   3  X  -0.035175  -0.261223   0.520035  -0.129453   0.399236
   47  C   3  Y  -0.144286  -0.286743   0.201904   0.004380   0.145268
   48  C   3  Z   0.000173  -0.039195  -0.064784  -0.366488   0.018708
   49  C   3  X  -0.039843   0.897623  -1.176926   0.318887  -1.260267
   50  C   3  Y   0.262847   1.193398  -0.274784  -0.195447  -0.774496
   51  C   3  Z  -0.000908   0.052789   0.091302   0.524714  -0.033302
   52  C   3  X   0.200442   0.206119  -0.358660   0.058740   0.064024
   53  C   3  Y   2.091951   2.810387  -0.015389  -0.804176  -1.060326
   54  C   3  Z   0.042443  -0.023674  -0.027168  -0.173875   0.010216
   55  C   3 XX   0.420739   0.606468   0.134394  -0.168418  -0.261750
   56  C   3 YY   0.400991   0.490454  -0.169157  -0.099957  -0.127574
   57  C   3 ZZ   0.439812   0.615697  -0.131857  -0.138600  -0.204464
   58  C   3 XY  -0.023901  -0.072457  -0.120853   0.023355   0.024199
   59  C   3 XZ  -0.006825  -0.014135  -0.050669  -0.199868   0.008868
   60  C   3 YZ   0.002959  -0.012498  -0.009753  -0.066918  -0.011030
   61  N   4  S   0.011113   0.040968  -0.005492  -0.006571  -0.033791
   62  N   4  S   0.005659   0.004162  -0.039729   0.006896  -0.037250
   63  N   4  S   0.488479   2.174378   0.940877  -0.567635  -0.700733
   64  N   4  S  -1.195245  -5.673543  -2.004544   1.409669   2.236901
   65  N   4  S   0.071988   5.719193  -0.105689  -0.983725  -3.693360
   66  N   4  X  -0.006438   0.008261   0.184509  -0.046707  -0.003618
   67  N   4  Y  -0.058613  -0.104209   0.077698  -0.018253  -0.016173
   68  N   4  Z   0.001887  -0.001954  -0.004409  -0.033196   0.000669
   69  N   4  X  -0.058601   0.347863  -0.276891   0.029539  -0.027867
   70  N   4  Y   0.120959   0.072827  -0.096029   0.040820   0.143414
   71  N   4  Z  -0.000864  -0.005443  -0.020437  -0.091833   0.001443
   72  N   4  X   0.986897   2.563211   0.126090  -0.527511  -2.800336
   73  N   4  Y  -0.801632  -0.249197  -1.625989   0.602022   0.522015
   74  N   4  Z   0.009591   0.027357   0.002377  -0.031721  -0.031992
   75  N   4 XX   0.244637   1.051636   0.383211  -0.253576  -0.328277
   76  N   4 YY   0.237334   1.051643   0.485666  -0.281162  -0.379366
   77  N   4 ZZ   0.249451   1.055588   0.508732  -0.284108  -0.292350
   78  N   4 XY   0.008718   0.043348  -0.081000   0.018131  -0.063424
   79  N   4 XZ  -0.000114   0.007632   0.015212   0.074002  -0.000429
   80  N   4 YZ   0.003930   0.001370   0.010811   0.030289  -0.002144
   81  C   5  S  -0.000024  -0.002201   0.005895  -0.003865  -0.004120
   82  C   5  S   0.006602  -0.005752   0.005553  -0.004915   0.001223
   83  C   5  S   0.229021   1.137612   0.198400  -0.125224  -1.022842
   84  C   5  S  -0.401296  -2.505407  -0.614238   0.362603   2.458758
   85  C   5  S   1.919067  -0.094770  -0.982810   0.609886   3.604551
   86  C   5  X   0.164896   0.213858   0.059785  -0.027192  -0.350397
   87  C   5  Y   0.048087   0.179303   0.071820  -0.090038  -0.408405
   88  C   5  Z   0.005670  -0.054320  -0.092995  -0.497892   0.020859
   89  C   5  X   0.297985  -1.739399  -0.160139   0.232133   0.805444
   90  C   5  Y  -0.398339  -1.093085  -0.245982   0.318578   0.937046
   91  C   5  Z   0.003549   0.063765   0.124547   0.689046  -0.024340
   92  C   5  X   0.592631  -1.687214   0.875672  -0.009307  -0.360851
   93  C   5  Y   0.626453  -1.375259  -0.771301   0.154954  -0.430337
   94  C   5  Z  -0.018930  -0.046375  -0.033837  -0.243416   0.001121
   95  C   5 XX   0.168901   0.579143   0.014257  -0.046426  -0.476885
   96  C   5 YY   0.135630   0.532553   0.128376  -0.060044  -0.500560
   97  C   5 ZZ   0.095252   0.593690   0.101488  -0.062126  -0.477279
   98  C   5 XY  -0.006573   0.054316   0.026315  -0.009655   0.048206
   99  C   5 XZ   0.003316   0.015522   0.032826   0.144056  -0.005991
  100  C   5 YZ  -0.007779  -0.000027  -0.019678  -0.054529   0.004766
  101  N   6  S  -0.085101   0.034677   0.006542  -0.002895  -0.005994
  102  N   6  S   0.084507  -0.006010   0.022594   0.001972  -0.004218
  103  N   6  S  -7.227310   2.155860  -0.335493  -0.225349  -0.221724
  104  N   6  S  17.593133  -5.487916   0.617218   0.569365   0.636594
  105  N   6  S -10.324318   5.411545   0.476326  -0.606089  -1.382888
  106  N   6  X  -0.012452  -0.078722  -0.047220   0.003134  -0.013782
  107  N   6  Y  -0.098480   0.051759  -0.090934  -0.009464  -0.084487
  108  N   6  Z  -0.001454  -0.005755  -0.003343  -0.004394  -0.001108
  109  N   6  X   0.072780   0.027640  -0.093390   0.021024   0.207566
  110  N   6  Y  -0.289058   0.554205   0.121820  -0.090711  -0.239186
  111  N   6  Z  -0.000184  -0.024054  -0.027034  -0.112680   0.007844
  112  N   6  X  -0.928014   0.800656   0.391114   0.146119   0.206070
  113  N   6  Y  -1.820791   1.119828   0.720628  -0.231122  -0.310594
  114  N   6  Z   0.047914   0.016365   0.034078   0.074647   0.008367
  115  N   6 XX  -3.448618   1.067726  -0.151170  -0.108070  -0.163602
  116  N   6 YY  -3.495855   1.030791  -0.156811  -0.107947  -0.076671
  117  N   6 ZZ  -3.542138   1.045618  -0.185211  -0.110946  -0.087883
  118  N   6 XY   0.002862   0.019057   0.048988  -0.011853  -0.004814
  119  N   6 XZ  -0.003213  -0.008987  -0.023739  -0.092587   0.003962
  120  N   6 YZ  -0.002225   0.003126   0.000530   0.014925   0.001431
  121  O   7  S  -0.023280  -0.075605   0.010301   0.004550  -0.065523
  122  O   7  S  -0.004538   0.022034  -0.011505   0.002866   0.064073
  123  O   7  S  -1.015726  -4.271880   0.811721   0.144593  -4.884336
  124  O   7  S   2.466441  10.239808  -1.901551  -0.368798  11.445306
  125  O   7  S  -0.978293  -4.845348   0.742220   0.234333  -4.099917
  126  O   7  X   0.074941   0.007820   0.028748  -0.011059  -0.117915
  127  O   7  Y   0.029226  -0.001519   0.010176  -0.009439  -0.074359
  128  O   7  Z  -0.000173  -0.000057   0.000719   0.000386  -0.001555
  129  O   7  X   0.033182  -0.292543   0.034187   0.022944  -0.055658
  130  O   7  Y   0.033643  -0.224052   0.030218   0.003472  -0.052067
  131  O   7  Z  -0.001700  -0.007226  -0.008773  -0.048314   0.000173
  132  O   7  X  -0.497914  -0.451022  -0.038967   0.077550  -0.486348
  133  O   7  Y  -0.183791  -0.004142   0.084468  -0.001642  -0.466620
  134  O   7  Z   0.004760   0.012536   0.006361   0.031603   0.005542
  135  O   7 XX  -0.511534  -2.091933   0.386618   0.074410  -2.329541
  136  O   7 YY  -0.497879  -2.082207   0.400818   0.067814  -2.379455
  137  O   7 ZZ  -0.484825  -2.065830   0.395427   0.070222  -2.397850
  138  O   7 XY  -0.001411  -0.017133  -0.008953   0.007259   0.058563
  139  O   7 XZ   0.000174  -0.002029  -0.001922  -0.011477   0.000474
  140  O   7 YZ  -0.000353  -0.001834  -0.003877  -0.015481   0.000854
  141  N   8  S   0.012941  -0.013213  -0.016647   0.004667   0.000559
  142  N   8  S  -0.029100  -0.019145  -0.004272   0.003986   0.024149
  143  N   8  S   1.615549  -0.163503  -0.881517   0.151174  -0.661037
  144  N   8  S  -3.880909   0.583435   2.273518  -0.422599   1.515978
  145  N   8  S   2.278316  -0.978710  -1.938456   0.555742  -0.580069
  146  N   8  X  -0.081556  -0.032503  -0.020761   0.025078   0.036609
  147  N   8  Y   0.027527   0.023717  -0.048327   0.004324  -0.004643
  148  N   8  Z   0.005951   0.003697   0.000908   0.000446  -0.004682
  149  N   8  X  -0.010835   0.055052   0.051043  -0.083002  -0.112977
  150  N   8  Y   0.070301  -0.106535   0.073787  -0.041797   0.037969
  151  N   8  Z   0.026546  -0.032742  -0.038294  -0.055361   0.015681
  152  N   8  X  -0.171373   0.118268   0.427899  -0.017095  -0.090292
  153  N   8  Y  -0.618956  -0.265316  -0.382874   0.266317   0.025725
  154  N   8  Z  -0.045245   0.027154   0.000732   0.158969  -0.025887
  155  N   8 XX   0.744079  -0.113601  -0.475400   0.083599  -0.273790
  156  N   8 YY   0.788953  -0.061467  -0.397078   0.065525  -0.331023
  157  N   8 ZZ   0.813457  -0.070396  -0.438936   0.074562  -0.331903
  158  N   8 XY   0.009222   0.042312   0.005122  -0.033661  -0.030232
  159  N   8 XZ   0.009943   0.012774   0.019616   0.059216   0.006424
  160  N   8 YZ   0.010812   0.004628   0.015686   0.001270  -0.001191
  161  H   9  S  -0.001625  -0.044140   0.007545   0.000432   0.061688
  162  H   9  S  -0.015954   0.185394  -0.120326   0.002875   0.022922
  163  H   9  S  -1.943599   3.122096  -0.023415  -0.377451   0.006050
  164  H   9  X   0.014254   0.036030   0.066086  -0.016591  -0.027980
  165  H   9  Y   0.024190   0.026572  -0.073886   0.011708  -0.042708
  166  H   9  Z  -0.001206  -0.012497  -0.015582  -0.082971  -0.003497
  167  H  10  S  -0.017023   0.006833   0.054665  -0.012708  -0.017212
  168  H  10  S  -0.329144   0.079829  -0.031854   0.028964  -0.061958
  169  H  10  S  -1.505759  -1.604849  -0.312111   0.546466   0.496435
  170  H  10  X  -0.006952   0.008438  -0.090894   0.024498  -0.052287
  171  H  10  Y   0.021370   0.052262  -0.023922  -0.004496  -0.039843
  172  H  10  Z   0.002831  -0.001393   0.005869   0.013237  -0.006647
  173  H  11  S   0.028620   0.043201  -0.021969  -0.003877  -0.034144
  174  H  11  S   0.411392   0.178791   0.341629  -0.131601  -0.380674
  175  H  11  S   0.539481   0.743638   0.586261  -0.312123  -1.152526
  176  H  11  X  -0.017123  -0.047278  -0.037141   0.015088   0.026084
  177  H  11  Y   0.013634  -0.002269   0.013327  -0.004853  -0.015687
  178  H  11  Z   0.000806  -0.007914  -0.013821  -0.068839   0.001001
  179  H  12  S  -0.000715  -0.001021  -0.033968  -0.020853   0.032011
  180  H  12  S   0.075346   0.132427   0.239131  -0.085821   0.023218
  181  H  12  S   0.580968  -0.122599   0.030242  -0.084643  -0.049334
  182  H  12  X   0.006212  -0.041262  -0.006761  -0.020726   0.030160
  183  H  12  Y   0.009218   0.013488  -0.007107  -0.006394  -0.023636
  184  H  12  Z   0.021268   0.010540   0.013135   0.031690   0.008500
  185  H  13  S   0.011544  -0.017302   0.010299   0.013390   0.022318
  186  H  13  S  -0.348684  -0.002509   0.044243  -0.015266   0.053118
  187  H  13  S  -0.168703  -0.091490  -0.494332   0.172626  -0.082381
  188  H  13  X   0.006209  -0.018449  -0.029395   0.034120   0.015481
  189  H  13  Y  -0.018561   0.002998   0.033148  -0.006881  -0.012408
  190  H  13  Z  -0.009965  -0.006490  -0.017314   0.017403   0.002049

                     86         87         88         89         90
                    1.4095     1.4378     1.4607     1.4720     1.4956
                     A          A          A          A          A   
    1  C   1  S   0.000128   0.000188  -0.003522   0.000069  -0.001180
    2  C   1  S  -0.000197   0.000564   0.002743  -0.001896  -0.001398
    3  C   1  S   0.157794  -0.085921   0.395681   0.063009   0.078560
    4  C   1  S  -0.366052   0.198173  -0.598764  -0.208039  -0.156165
    5  C   1  S   0.299800  -0.129193  -2.446958   0.730750  -0.041809
    6  C   1  X  -0.008736   0.004093  -0.154394   0.032189  -0.038138
    7  C   1  Y   0.065191   0.028321   0.133605  -0.042593  -0.093798
    8  C   1  Z  -0.085867  -0.063505   0.124450   0.595249   0.724497
    9  C   1  X   0.046720  -0.011690   0.882932  -0.167332   0.165619
   10  C   1  Y  -0.196437  -0.096780  -0.160692   0.079537   0.326444
   11  C   1  Z   0.185060   0.098901  -0.198517  -0.849456  -0.972201
   12  C   1  X  -0.232450  -0.095458  -0.860471   0.339520   0.260749
   13  C   1  Y  -0.023709   0.044223  -0.116338  -0.034314   0.015078
   14  C   1  Z  -0.042656   0.281337   0.110774   0.436741   0.725614
   15  C   1 XX   0.070406  -0.035465   0.129997   0.044816   0.043479
   16  C   1 YY   0.083870  -0.042609   0.409625  -0.017023   0.046764
   17  C   1 ZZ   0.078906  -0.048815   0.174456   0.040765   0.036220
   18  C   1 XY   0.008180  -0.002874   0.040056  -0.010887  -0.011315
   19  C   1 XZ  -0.200128   0.143120  -0.024322  -0.148240   0.029910
   20  C   1 YZ  -0.178816  -0.199937   0.045634   0.062458   0.134785
   21  C   2  S   0.002286   0.001770   0.015072  -0.004842  -0.002985
   22  C   2  S   0.008181   0.003291   0.051343  -0.013716  -0.006969
   23  C   2  S  -0.139584  -0.060647  -0.671950   0.220511   0.178072
   24  C   2  S   0.330860   0.106183   1.588399  -0.481262  -0.363575
   25  C   2  S   0.424450   0.068025   3.755381  -0.811036  -0.188987
   26  C   2  X   0.038180   0.008081   0.392863  -0.093589  -0.011134
   27  C   2  Y  -0.013485   0.016718  -0.486532   0.093527  -0.044587
   28  C   2  Z  -0.050220  -0.140980  -0.091363  -0.025199   0.704793
   29  C   2  X  -0.251183   0.004689  -2.268094   0.486148  -0.004281
   30  C   2  Y   0.031777  -0.058428   1.477160  -0.288069   0.193984
   31  C   2  Z  -0.113562   0.177373   0.098529  -0.067931  -0.849282
   32  C   2  X   0.283163  -0.133260  -0.789479   0.261125  -0.100779
   33  C   2  Y  -0.008539  -0.162702  -1.691214   0.535085   0.099002
   34  C   2  Z   0.085024  -0.184918  -0.020742   0.185690   0.315919
   35  C   2 XX  -0.037513  -0.037221  -0.116578   0.069793   0.096225
   36  C   2 YY  -0.044789  -0.024353  -0.195523   0.076273   0.066276
   37  C   2 ZZ  -0.076872  -0.028455  -0.384471   0.120929   0.087624
   38  C   2 XY  -0.035220   0.001499  -0.248532   0.049742   0.002154
   39  C   2 XZ  -0.349420   0.303383   0.027924  -0.131166   0.061255
   40  C   2 YZ   0.132897   0.246898  -0.051372  -0.090130  -0.091266
   41  C   3  S  -0.001169  -0.001197  -0.007613   0.002463   0.001699
   42  C   3  S  -0.004555  -0.001793  -0.032455   0.008112   0.002960
   43  C   3  S   0.217867  -0.006870   0.998053  -0.180810  -0.082996
   44  C   3  S  -0.516845   0.042040  -2.398859   0.420504   0.158526
   45  C   3  S  -0.009686  -0.002986  -2.880808   0.614928  -0.101915
   46  C   3  X   0.097959   0.011767   0.754348  -0.147788   0.006613
   47  C   3  Y  -0.024746   0.007567  -0.219233   0.035078   0.000459
   48  C   3  Z  -0.295650  -0.673380  -0.157737  -0.903493   0.093679
   49  C   3  X  -0.342360  -0.013156  -2.965054   0.609988  -0.043428
   50  C   3  Y   0.170040  -0.037878   1.295753  -0.232726  -0.020566
   51  C   3  Z   0.310365   1.003926   0.188296   1.238904   0.003003
   52  C   3  X  -0.035052   0.049787   0.082462  -0.068948  -0.024375
   53  C   3  Y   0.334540   0.206303   2.585730  -0.745769  -0.273983
   54  C   3  Z  -0.079593  -0.562070  -0.160982  -0.789214  -0.078642
   55  C   3 XX   0.078981  -0.000874   0.268379  -0.041548  -0.042293
   56  C   3 YY   0.096480   0.001336   0.447879  -0.083534  -0.040701
   57  C   3 ZZ   0.120746  -0.006369   0.540864  -0.098728  -0.043619
   58  C   3 XY   0.017465  -0.005837   0.144831  -0.028620   0.003666
   59  C   3 XZ   0.357036  -0.016275  -0.070839  -0.018194  -0.075280
   60  C   3 YZ  -0.181997   0.422662  -0.016003  -0.115642   0.066445
   61  N   4  S   0.001996  -0.000159   0.017045  -0.003574  -0.000957
   62  N   4  S  -0.000800  -0.000885  -0.017248   0.003625  -0.003205
   63  N   4  S   0.116948   0.017431   1.274143  -0.262773   0.047361
   64  N   4  S  -0.306060  -0.038077  -3.273774   0.680681  -0.083330
   65  N   4  S   0.164401   0.048596   1.990485  -0.471126  -0.131995
   66  N   4  X   0.014064  -0.002991   0.107126  -0.016430   0.009902
   67  N   4  Y   0.011384   0.001469   0.046955  -0.011086  -0.005777
   68  N   4  Z  -0.020532  -0.011130  -0.001164  -0.001130  -0.051456
   69  N   4  X  -0.014037   0.003398  -0.130282   0.024095  -0.016584
   70  N   4  Y  -0.034503   0.003018  -0.284625   0.059571   0.005777
   71  N   4  Z  -0.057397  -0.089181  -0.014669  -0.077880  -0.068111
   72  N   4  X   0.269619  -0.140963   1.993121  -0.279554   0.079215
   73  N   4  Y  -0.337411   0.045833  -1.928207   0.350496   0.020556
   74  N   4  Z   0.015655   0.029187   0.051576   0.123145   0.154633
   75  N   4 XX   0.048566   0.008419   0.553790  -0.113226   0.024619
   76  N   4 YY   0.053799   0.008598   0.579354  -0.119514   0.017910
   77  N   4 ZZ   0.059736   0.007746   0.631796  -0.128845   0.027610
   78  N   4 XY  -0.008428  -0.002145  -0.066409   0.014631   0.002649
   79  N   4 XZ  -0.005801  -0.064347   0.017129   0.029980   0.021243
   80  N   4 YZ  -0.161200  -0.037782   0.030234   0.049060   0.015896
   81  C   5  S   0.002111   0.000520   0.011273  -0.002822  -0.000900
   82  C   5  S   0.002984   0.001393   0.014933  -0.004429  -0.001801
   83  C   5  S   0.011876  -0.076072   0.051427   0.061068   0.038721
   84  C   5  S  -0.065748   0.169649  -0.320499  -0.093347  -0.078950
   85  C   5  S  -0.374175   0.096249  -2.759848   0.514224  -0.006626
   86  C   5  X   0.016997  -0.024534   0.114441  -0.003862   0.046081
   87  C   5  Y   0.026465   0.004615   0.050346  -0.015276  -0.050992
   88  C   5  Z  -0.587617  -0.271538   0.109342   0.484438  -0.715013
   89  C   5  X  -0.057751   0.069312  -0.658619   0.059049  -0.139911
   90  C   5  Y  -0.108111  -0.010133  -0.532085   0.121986   0.118246
   91  C   5  Z   0.832666   0.377806  -0.153757  -0.681457   1.028710
   92  C   5  X   0.040218  -0.030150  -0.472483   0.103373  -0.019765
   93  C   5  Y   0.156815   0.029373   0.350404  -0.115822  -0.143801
   94  C   5  Z  -0.448290   0.089948   0.086794   0.297254  -0.756727
   95  C   5 XX   0.003832  -0.034631   0.007229   0.030012   0.014470
   96  C   5 YY   0.004968  -0.034916  -0.023224   0.036283   0.013869
   97  C   5 ZZ   0.000661  -0.039879   0.039770   0.031762   0.027802
   98  C   5 XY  -0.002493   0.000158  -0.008473   0.004158   0.000879
   99  C   5 XZ  -0.048341  -0.031821   0.031321   0.040015   0.088767
  100  C   5 YZ   0.258204   0.076129  -0.053460  -0.102381  -0.052760
  101  N   6  S  -0.002661  -0.001196   0.009338  -0.000653   0.004463
  102  N   6  S  -0.002178  -0.002756  -0.005687   0.003380   0.007661
  103  N   6  S  -0.071995   0.015841   0.718263  -0.141686   0.018586
  104  N   6  S   0.209441  -0.013881  -1.795901   0.333642  -0.126586
  105  N   6  S  -0.205764  -0.128348   2.134481  -0.302541   0.520259
  106  N   6  X   0.007075   0.002665  -0.001885  -0.001097  -0.009301
  107  N   6  Y   0.013821   0.001323   0.088073  -0.019352  -0.015107
  108  N   6  Z  -0.032119   0.008712   0.012504   0.012700  -0.019331
  109  N   6  X  -0.015001   0.022614  -0.055830  -0.015980   0.003679
  110  N   6  Y   0.014337  -0.013945   0.223166  -0.029588   0.043626
  111  N   6  Z  -0.105706  -0.003798   0.027607   0.114805   0.012261
  112  N   6  X  -0.226433  -0.083928  -0.176769   0.100642   0.228986
  113  N   6  Y  -0.076656  -0.031417   0.240284  -0.012514   0.113423
  114  N   6  Z   0.007313  -0.213397  -0.067109  -0.084535  -0.017125
  115  N   6 XX  -0.035055   0.002498   0.377908  -0.071276   0.018707
  116  N   6 YY  -0.033798   0.009222   0.326295  -0.064943   0.008862
  117  N   6 ZZ  -0.032623   0.010622   0.345196  -0.069916   0.000529
  118  N   6 XY  -0.000550   0.001520   0.000392  -0.002119   0.004003
  119  N   6 XZ   0.091410   0.029773  -0.019055  -0.006261  -0.052383
  120  N   6 YZ   0.040573  -0.008756   0.006213   0.020067   0.011876
  121  O   7  S   0.002287  -0.003329   0.006820   0.000254   0.001032
  122  O   7  S  -0.003302   0.002469  -0.013506   0.001431  -0.000763
  123  O   7  S   0.198633  -0.226571   0.687836  -0.025814   0.071171
  124  O   7  S  -0.462736   0.533971  -1.596892   0.057164  -0.166683
  125  O   7  S   0.174600  -0.180396   0.497577  -0.030614   0.019566
  126  O   7  X   0.006392  -0.004796   0.014664   0.000132   0.003016
  127  O   7  Y   0.007463  -0.000794   0.023217  -0.005221  -0.005524
  128  O   7  Z  -0.010024   0.014305   0.000413  -0.002745  -0.018432
  129  O   7  X  -0.000168  -0.000552  -0.053118   0.007908  -0.001677
  130  O   7  Y   0.010052   0.005063   0.019974  -0.012243  -0.017168
  131  O   7  Z  -0.073741  -0.005253   0.012766   0.049460  -0.101427
  132  O   7  X  -0.003454  -0.034725   0.238149  -0.028165   0.042393
  133  O   7  Y  -0.030272  -0.022975  -0.180387   0.054655   0.017214
  134  O   7  Z   0.107582  -0.130509  -0.005210   0.004479   0.172070
  135  O   7 XX   0.094498  -0.107200   0.314868  -0.011006   0.031378
  136  O   7 YY   0.098240  -0.109957   0.349408  -0.015979   0.035049
  137  O   7 ZZ   0.095834  -0.112284   0.332761  -0.010061   0.037427
  138  O   7 XY  -0.003354   0.001656  -0.011646   0.001335   0.000674
  139  O   7 XZ  -0.024990  -0.004909   0.003368   0.011150  -0.014413
  140  O   7 YZ   0.002163   0.004074  -0.002380  -0.001401  -0.013879
  141  N   8  S  -0.000571   0.000728   0.006638  -0.002198  -0.000310
  142  N   8  S  -0.003358   0.000806  -0.021453   0.003797   0.000473
  143  N   8  S   0.079352   0.006890   1.062458  -0.231987  -0.024606
  144  N   8  S  -0.166761  -0.035201  -2.507565   0.575424   0.075076
  145  N   8  S  -0.002670   0.056485   1.076599  -0.351681  -0.121460
  146  N   8  X  -0.007882   0.003649  -0.042403  -0.009062  -0.027652
  147  N   8  Y   0.009165  -0.003743   0.078666  -0.009907  -0.008133
  148  N   8  Z  -0.016323  -0.030474   0.020424   0.060683   0.063982
  149  N   8  X   0.039597   0.007797   0.173942  -0.018829   0.010849
  150  N   8  Y   0.020810   0.012240  -0.198917   0.031495  -0.046422
  151  N   8  Z  -0.006035   0.002614   0.020054   0.061801   0.067327
  152  N   8  X  -0.015937  -0.073769  -0.166462   0.128755   0.076996
  153  N   8  Y  -0.068250  -0.034861   0.842347  -0.160122   0.005321
  154  N   8  Z   0.022679  -0.120456   0.005387  -0.088200  -0.211504
  155  N   8 XX   0.044315   0.000795   0.501257  -0.106071  -0.019842
  156  N   8 YY   0.032214   0.006908   0.507838  -0.112027   0.000188
  157  N   8 ZZ   0.042132  -0.001647   0.546850  -0.114349  -0.011225
  158  N   8 XY   0.011156   0.013496   0.055317  -0.019259  -0.009113
  159  N   8 XZ   0.010085  -0.075789   0.003775   0.063162   0.016935
  160  N   8 YZ  -0.034290   0.026665  -0.041266  -0.020549   0.014775
  161  H   9  S   0.001535   0.004533  -0.020055   0.001364  -0.004889
  162  H   9  S   0.008834   0.007289   0.079150  -0.027488  -0.004629
  163  H   9  S  -0.210702   0.127078   0.692798  -0.260310   0.042269
  164  H   9  X  -0.003230  -0.002488  -0.051226   0.015208   0.001969
  165  H   9  Y  -0.001368  -0.000648   0.076267  -0.018320   0.007979
  166  H   9  Z  -0.105939   0.140889   0.000588  -0.073034   0.003106
  167  H  10  S  -0.000968  -0.000490  -0.021755   0.006165  -0.000739
  168  H  10  S  -0.061074   0.005735  -0.239435   0.044182   0.021691
  169  H  10  S  -0.208584  -0.133216  -1.332219   0.397455   0.179126
  170  H  10  X  -0.012597  -0.002458  -0.128762   0.028091  -0.002558
  171  H  10  Y   0.005728  -0.002631   0.049355  -0.007583   0.000542
  172  H  10  Z  -0.088983   0.198772  -0.009613  -0.052072   0.060837
  173  H  11  S   0.004007  -0.001966   0.002945   0.002577  -0.002890
  174  H  11  S   0.103273  -0.053565   0.656234  -0.083229   0.048633
  175  H  11  S   0.147140  -0.066620   1.050004  -0.160860   0.041230
  176  H  11  X  -0.000152   0.001211  -0.005455  -0.001076  -0.002173
  177  H  11  Y   0.001982  -0.000033   0.007795  -0.001688  -0.002608
  178  H  11  Z  -0.058746   0.001717  -0.005493  -0.013731  -0.030580
  179  H  12  S   0.016011   0.001280   0.021395   0.005216  -0.001424
  180  H  12  S  -0.022522   0.033544  -0.344055   0.039640   0.023181
  181  H  12  S   0.066780   0.057850   0.034921  -0.084647  -0.110694
  182  H  12  X   0.017171   0.000782   0.006966   0.007470  -0.003426
  183  H  12  Y  -0.008753   0.019574   0.013611  -0.024830   0.002004
  184  H  12  Z   0.002737  -0.047003  -0.021400   0.049664   0.030440
  185  H  13  S  -0.010460  -0.005556   0.008727   0.005984   0.021291
  186  H  13  S   0.012876   0.002066   0.117749  -0.017611  -0.030917
  187  H  13  S  -0.028142   0.012531   0.465557  -0.131564  -0.010972
  188  H  13  X  -0.008659  -0.020649  -0.007971   0.021987   0.024721
  189  H  13  Y   0.002511  -0.004153  -0.033400   0.009966  -0.002104
  190  H  13  Z   0.024182  -0.044532   0.058876   0.031672  -0.007775

                     91         92         93         94         95
                    1.5287     1.5502     1.5587     1.6088     1.6299
                     A          A          A          A          A   
    1  C   1  S   0.001229   0.001012   0.004484  -0.001532   0.033142
    2  C   1  S   0.005749   0.006707   0.013065  -0.004630   0.077557
    3  C   1  S  -0.405757  -0.490695  -0.712322   0.212205  -3.193984
    4  C   1  S   0.958096   1.152513   1.577157  -0.468117   6.660603
    5  C   1  S  -0.739522  -0.730811  -0.299220   0.102586  -0.397263
    6  C   1  X  -0.175646  -0.233208  -0.184122   0.048060  -0.207522
    7  C   1  Y  -0.371334  -0.649221  -0.335738   0.202182   0.103146
    8  C   1  Z  -0.582905   0.197258   0.145650  -0.042548   0.025439
    9  C   1  X   0.626557   0.794377   0.659328  -0.138082   0.872097
   10  C   1  Y   1.358629   2.391370   1.222193  -0.744858  -0.413392
   11  C   1  Z   1.024296  -0.391160  -0.237668   0.082191  -0.056480
   12  C   1  X   0.202185   0.293082   0.307041  -0.065273   0.132883
   13  C   1  Y   0.369213   0.740055   0.410670  -0.303993   0.121731
   14  C   1  Z  -1.005793   0.404182   0.374807  -0.122793   0.030615
   15  C   1 XX  -0.201768  -0.245170  -0.325880   0.104711  -1.627459
   16  C   1 YY  -0.170312  -0.217937  -0.337553   0.108715  -1.675834
   17  C   1 ZZ  -0.197937  -0.220360  -0.354388   0.085284  -1.334507
   18  C   1 XY  -0.009176  -0.007617  -0.014718   0.000863   0.030961
   19  C   1 XZ   0.058916  -0.177161   0.449058   0.222389  -0.026784
   20  C   1 YZ  -0.086531   0.147292  -0.153810   0.175186   0.019310
   21  C   2  S  -0.005427  -0.012370  -0.004662   0.003851   0.028397
   22  C   2  S  -0.015228  -0.035000  -0.015156   0.010996   0.070608
   23  C   2  S   0.286161   0.774826   0.228135  -0.234352  -3.554701
   24  C   2  S  -0.592290  -1.632418  -0.489601   0.490834   7.634274
   25  C   2  S  -0.915298  -2.016365  -1.320602   0.794354  -2.406083
   26  C   2  X   0.015028  -0.076561  -0.010627   0.057189   0.301560
   27  C   2  Y  -0.187597  -0.274390  -0.130181   0.078071   0.210214
   28  C   2  Z   0.857268  -0.417189  -0.316885   0.008296  -0.003421
   29  C   2  X  -0.177843   0.132993  -0.014479  -0.164433  -1.040184
   30  C   2  Y   0.851185   1.321319   0.668045  -0.382245  -0.673635
   31  C   2  Z  -1.399372   0.653313   0.506301  -0.165511   0.010470
   32  C   2  X  -0.032193   0.312205   0.088317  -0.196810   0.825753
   33  C   2  Y   0.016409   0.448342   0.145961  -0.194470   0.673445
   34  C   2  Z   1.185165  -0.557957  -0.583428   0.291003   0.006020
   35  C   2 XX   0.179334   0.432159   0.126123  -0.128857  -1.917720
   36  C   2 YY   0.048626   0.208141   0.018477  -0.057069  -1.808236
   37  C   2 ZZ   0.141557   0.378896   0.119606  -0.119028  -1.413231
   38  C   2 XY  -0.005855   0.003962   0.007151  -0.000308  -0.055514
   39  C   2 XZ  -0.095774  -0.027432  -0.008137  -0.271438  -0.000371
   40  C   2 YZ  -0.039512  -0.008171   0.193210  -0.068606  -0.019002
   41  C   3  S   0.006380   0.011816   0.007274  -0.003315   0.041819
   42  C   3  S   0.011017   0.023358   0.014646  -0.007220   0.091756
   43  C   3  S  -0.464330  -0.810286  -0.603063   0.240109  -3.391365
   44  C   3  S   0.907546   1.622968   1.224528  -0.492954   6.898359
   45  C   3  S  -0.146860   0.182681   0.158722  -0.165498  -0.688018
   46  C   3  X   0.053057  -0.000178  -0.011776   0.018094  -0.024218
   47  C   3  Y  -0.008552  -0.016383   0.012392   0.026303   0.215409
   48  C   3  Z  -0.281424   0.191286  -0.063930  -0.034436   0.008328
   49  C   3  X  -0.293555  -0.104253  -0.036644  -0.060030  -0.083993
   50  C   3  Y  -0.064868  -0.211607  -0.198369   0.037707  -0.398984
   51  C   3  Z   0.577417  -0.348255  -0.050566   0.040457  -0.011094
   52  C   3  X   0.107892   0.088157   0.138616  -0.025507   0.566837
   53  C   3  Y  -0.606487  -1.424160  -0.828781   0.517165  -1.387619
   54  C   3  Z  -0.605060   0.275812   0.321023  -0.225332   0.003743
   55  C   3 XX  -0.250252  -0.386604  -0.295786   0.090582  -1.781276
   56  C   3 YY  -0.235879  -0.406378  -0.308901   0.126260  -1.797203
   57  C   3 ZZ  -0.223352  -0.407820  -0.288408   0.131169  -1.349947
   58  C   3 XY   0.016583   0.000136   0.008573   0.003226   0.067908
   59  C   3 XZ   0.003686   0.166154   0.032297   0.360628  -0.012933
   60  C   3 YZ   0.008932   0.250369  -0.330735   0.250394   0.018007
   61  N   4  S  -0.002157  -0.004744  -0.003997   0.001255  -0.014738
   62  N   4  S  -0.008745  -0.014348  -0.009421   0.003921  -0.008974
   63  N   4  S   0.129581   0.176019   0.068375  -0.055399  -0.510396
   64  N   4  S  -0.250941  -0.282032  -0.066904   0.088781   1.308343
   65  N   4  S  -0.311179  -0.750795  -0.541521   0.232003  -1.506013
   66  N   4  X   0.015874   0.025482   0.003616  -0.008825  -0.005645
   67  N   4  Y  -0.015271  -0.043323  -0.022994   0.022219   0.060527
   68  N   4  Z  -0.014654   0.059349   0.007151   0.188031  -0.005989
   69  N   4  X  -0.048425  -0.094675  -0.041761   0.026898   0.178041
   70  N   4  Y  -0.003257   0.048193   0.041705  -0.034171  -0.006196
   71  N   4  Z  -0.018141   0.020398  -0.022286  -0.104076   0.006290
   72  N   4  X   0.027836   0.090482  -0.196777  -0.057159  -0.710179
   73  N   4  Y   0.027386   0.167764   0.224904  -0.061781   0.734366
   74  N   4  Z   0.038588  -0.002942  -0.024463   0.114595  -0.006180
   75  N   4 XX   0.056673   0.088964   0.031005  -0.023563  -0.288425
   76  N   4 YY   0.052789   0.068946   0.024397  -0.022286  -0.263915
   77  N   4 ZZ   0.072084   0.100226   0.045583  -0.037334  -0.189731
   78  N   4 XY   0.006278   0.023535   0.013259  -0.016079   0.019844
   79  N   4 XZ   0.001688  -0.128731   0.083889  -0.257610  -0.001860
   80  N   4 YZ   0.012678  -0.071195   0.064805   0.076347  -0.006907
   81  C   5  S  -0.000337  -0.002176   0.000720  -0.000306   0.038747
   82  C   5  S   0.000191  -0.001814   0.003229  -0.002041   0.096322
   83  C   5  S  -0.055500  -0.065822  -0.224718   0.122145  -3.348416
   84  C   5  S   0.127817   0.188614   0.494180  -0.280293   7.055274
   85  C   5  S  -0.115000  -0.229983   0.102327   0.164559   1.017921
   86  C   5  X   0.075476   0.146384   0.055455  -0.044746   0.317530
   87  C   5  Y  -0.101989  -0.224413  -0.128456   0.077025   0.114035
   88  C   5  Z   0.288060   0.043996  -0.162071  -0.040470   0.008275
   89  C   5  X  -0.232008  -0.436435  -0.134371   0.137780  -1.035013
   90  C   5  Y   0.243429   0.568698   0.377237  -0.202535  -0.070290
   91  C   5  Z  -0.434686  -0.081559   0.246255   0.051697  -0.020074
   92  C   5  X  -0.027167  -0.031399   0.045109   0.009940   0.630826
   93  C   5  Y  -0.328645  -0.613420  -0.317872   0.188868   0.452916
   94  C   5  Z   0.367229  -0.100953  -0.158155   0.021370  -0.007392
   95  C   5 XX  -0.030832  -0.033763  -0.117047   0.057514  -1.566493
   96  C   5 YY  -0.027545  -0.030658  -0.113273   0.054656  -1.659553
   97  C   5 ZZ  -0.016642  -0.011504  -0.087885   0.055034  -1.520070
   98  C   5 XY  -0.008316  -0.011485  -0.002236   0.004934   0.024062
   99  C   5 XZ  -0.037660  -0.092887   0.156401   0.055460  -0.003687
  100  C   5 YZ   0.018615   0.118290  -0.216617  -0.349841   0.023642
  101  N   6  S   0.011602   0.018858   0.009260  -0.005203  -0.005570
  102  N   6  S   0.025646   0.046333   0.025033  -0.013810   0.015861
  103  N   6  S  -0.126282  -0.349617  -0.235614   0.126721  -0.744313
  104  N   6  S   0.052331   0.409326   0.335565  -0.176518   1.614930
  105  N   6  S   1.403314   2.167281   1.080644  -0.585756  -0.178535
  106  N   6  X  -0.038285  -0.053456  -0.031934   0.006416   0.005601
  107  N   6  Y  -0.051803  -0.098720  -0.058805   0.033124   0.036357
  108  N   6  Z  -0.038482  -0.002396   0.023408   0.008896   0.003985
  109  N   6  X   0.120435   0.175118   0.128873  -0.046398   0.085519
  110  N   6  Y   0.122502   0.169809   0.105319  -0.032349   0.261536
  111  N   6  Z  -0.059522   0.023567   0.032217   0.024131  -0.000778
  112  N   6  X   0.643848   0.968544   0.485012  -0.190410  -0.204172
  113  N   6  Y   0.279864   0.441301   0.200297  -0.107820  -0.325760
  114  N   6  Z   0.141383   0.062615  -0.103160  -0.018566   0.006447
  115  N   6 XX  -0.030853  -0.123217  -0.088765   0.054955  -0.332663
  116  N   6 YY  -0.056935  -0.156797  -0.103962   0.051200  -0.383840
  117  N   6 ZZ  -0.092097  -0.223071  -0.145108   0.076751  -0.352126
  118  N   6 XY   0.034138   0.049054   0.031522  -0.015144   0.001407
  119  N   6 XZ   0.033269   0.033652  -0.110832  -0.150965   0.004725
  120  N   6 YZ  -0.016223   0.014061  -0.061615  -0.046784   0.003827
  121  O   7  S   0.002724   0.006328   0.001620  -0.001858  -0.013572
  122  O   7  S  -0.002289  -0.003876  -0.000458   0.001221  -0.011279
  123  O   7  S   0.195895   0.413258   0.095647  -0.122900  -0.369342
  124  O   7  S  -0.462261  -0.980911  -0.232304   0.293281   0.971694
  125  O   7  S   0.120667   0.292780   0.088109  -0.096527  -1.210189
  126  O   7  X   0.007764   0.014047   0.006686  -0.005159   0.072180
  127  O   7  Y  -0.011903  -0.026469  -0.015979   0.009392   0.014635
  128  O   7  Z   0.009652   0.002791  -0.002452   0.003924   0.001674
  129  O   7  X  -0.000724   0.004505   0.017023  -0.002415  -0.130739
  130  O   7  Y  -0.024089  -0.059018  -0.023980   0.021840  -0.118740
  131  O   7  Z   0.045812  -0.004072  -0.021921  -0.018810   0.001439
  132  O   7  X   0.113053   0.201478   0.067563  -0.049687  -0.619431
  133  O   7  Y   0.018997   0.089119   0.033108  -0.042102  -0.381681
  134  O   7  Z  -0.102837   0.047355   0.041905  -0.075166   0.005230
  135  O   7 XX   0.087435   0.188018   0.042693  -0.056712  -0.215701
  136  O   7 YY   0.098645   0.204523   0.048284  -0.060333  -0.170711
  137  O   7 ZZ   0.099856   0.209681   0.050272  -0.061708  -0.153594
  138  O   7 XY   0.002921   0.005746   0.006055  -0.001417  -0.021198
  139  O   7 XZ   0.007099  -0.005028   0.003380   0.026064  -0.002409
  140  O   7 YZ   0.006197   0.007976  -0.018126  -0.010924   0.000488
  141  N   8  S   0.000350   0.002362  -0.001575  -0.001018   0.001215
  142  N   8  S  -0.000942   0.000138  -0.001087  -0.001448   0.000704
  143  N   8  S   0.040618   0.116984  -0.063271  -0.012713  -0.062091
  144  N   8  S  -0.108110  -0.308507   0.159416   0.050069   0.034890
  145  N   8  S   0.114545   0.377404  -0.213281  -0.158663  -0.587664
  146  N   8  X  -0.015379  -0.033807  -0.016264   0.017208   0.039998
  147  N   8  Y  -0.056301  -0.079506  -0.052405   0.037452  -0.035159
  148  N   8  Z  -0.073445   0.081207  -0.118601  -0.045257   0.015076
  149  N   8  X  -0.052852  -0.107981  -0.010421   0.029407   0.120141
  150  N   8  Y  -0.130418  -0.203186  -0.123762   0.011187  -0.065209
  151  N   8  Z  -0.073107   0.009578   0.048084   0.011247  -0.025094
  152  N   8  X  -0.191563  -0.492777  -0.179844   0.262600   0.206747
  153  N   8  Y  -0.332676  -0.788673  -0.586402   0.399937   0.047654
  154  N   8  Z   0.156899  -0.120828  -0.076046   0.038416  -0.022056
  155  N   8 XX  -0.024332  -0.000016  -0.081248   0.000202  -0.118248
  156  N   8 YY   0.052846   0.092095   0.012305  -0.006470  -0.022851
  157  N   8 ZZ   0.026391   0.074041  -0.027284  -0.012292   0.001531
  158  N   8 XY  -0.040385  -0.084712  -0.017116   0.025251   0.030203
  159  N   8 XZ  -0.032922   0.135709  -0.136280  -0.061265   0.014337
  160  N   8 YZ   0.077834   0.054791   0.149017   0.038505  -0.012862
  161  H   9  S  -0.017899  -0.032782  -0.015741   0.011783  -0.051115
  162  H   9  S   0.037739  -0.014830   0.064781   0.026487   0.839719
  163  H   9  S   0.049966  -0.260385  -0.043469   0.154057  -0.597882
  164  H   9  X  -0.004427   0.015708  -0.002106  -0.013050  -0.086577
  165  H   9  Y   0.036178   0.050496   0.029877  -0.013788  -0.025321
  166  H   9  Z  -0.083104  -0.012613   0.040634  -0.187601  -0.002469
  167  H  10  S  -0.020199  -0.033115  -0.023318   0.015804  -0.049749
  168  H  10  S   0.057368   0.105005   0.088354  -0.022967   0.255423
  169  H  10  S   0.478802   0.997148   0.598716  -0.350251   1.207935
  170  H  10  X  -0.011287  -0.006604   0.001744  -0.003520   0.019519
  171  H  10  Y   0.001859   0.005760  -0.003066  -0.006519  -0.025755
  172  H  10  Z   0.041174   0.101818  -0.191389   0.103156   0.009578
  173  H  11  S  -0.023325  -0.035884  -0.028941   0.013169  -0.104388
  174  H  11  S   0.097580   0.178192   0.037675  -0.065610   0.189632
  175  H  11  S   0.090859   0.136031  -0.015707  -0.047676  -0.179467
  176  H  11  X   0.000056  -0.009991   0.001990   0.002016   0.056056
  177  H  11  Y  -0.005938  -0.012013  -0.007310   0.006840   0.002623
  178  H  11  Z  -0.010248   0.094384  -0.026539   0.296784  -0.002649
  179  H  12  S  -0.052889  -0.049508  -0.046329   0.000355  -0.019221
  180  H  12  S   0.246818   0.417624   0.334377  -0.155586   0.091776
  181  H  12  S   0.046953   0.240110   0.103802  -0.162532  -0.111591
  182  H  12  X  -0.048377  -0.059877  -0.042699  -0.005645  -0.039535
  183  H  12  Y   0.049194   0.012242   0.066581   0.010879   0.016285
  184  H  12  Z   0.065165   0.186699   0.004237  -0.055045   0.000104
  185  H  13  S   0.033049   0.059913   0.024212  -0.008111   0.005178
  186  H  13  S  -0.249400  -0.508083  -0.254957   0.178162   0.088207
  187  H  13  S  -0.030084  -0.159786  -0.160614   0.101970   0.108770
  188  H  13  X   0.039309   0.093220   0.016909  -0.020456  -0.037905
  189  H  13  Y  -0.003179   0.006519  -0.009481  -0.014210   0.024841
  190  H  13  Z  -0.123750  -0.067312  -0.175335  -0.020282   0.012264

                     96         97         98         99        100
                    1.6695     1.6883     1.7017     1.7239     1.7652
                     A          A          A          A          A   
    1  C   1  S   0.008176   0.009127   0.032641   0.003002   0.022079
    2  C   1  S   0.019996   0.023177   0.087566   0.007434   0.054025
    3  C   1  S  -1.008750  -0.976389  -4.038551  -0.277829  -0.927405
    4  C   1  S   2.254213   2.114371   8.840407   0.593362   1.742883
    5  C   1  S  -1.687576  -0.578065  -1.444094  -0.071878  -0.283843
    6  C   1  X  -0.136987  -0.035663  -0.067303  -0.011582   0.430033
    7  C   1  Y  -0.238043  -0.164209  -0.024566  -0.015969  -0.231721
    8  C   1  Z   0.073022  -0.171533   0.034329  -0.052962  -0.009999
    9  C   1  X   0.429477   0.015722  -0.244002   0.016242  -1.280031
   10  C   1  Y   1.237274   0.610709  -0.280453   0.042464   0.854635
   11  C   1  Z  -0.146370   0.345508  -0.069754   0.165759   0.027680
   12  C   1  X   0.828067   0.393018   1.742281   0.147684  -1.278360
   13  C   1  Y   2.057043   0.621862  -0.325707   0.072245   0.068369
   14  C   1  Z  -0.015147   0.143548  -0.072922  -0.083308  -0.001228
   15  C   1 XX  -0.443733  -0.470886  -1.982676  -0.134368  -0.262561
   16  C   1 YY  -0.497958  -0.483824  -1.903014  -0.135840  -0.586489
   17  C   1 ZZ  -0.512379  -0.440879  -1.883014  -0.125397  -0.377388
   18  C   1 XY   0.043329   0.018293   0.001024  -0.002893  -0.011158
   19  C   1 XZ   0.049275  -0.425188   0.092983  -0.103135   0.076026
   20  C   1 YZ   0.057291  -0.231228   0.049923  -0.003442   0.003153
   21  C   2  S  -0.003233  -0.000279   0.012576  -0.000256  -0.021114
   22  C   2  S  -0.008673  -0.001683   0.026362  -0.000645  -0.049666
   23  C   2  S   0.063590  -0.177935  -1.343227  -0.039646   1.994236
   24  C   2  S  -0.093976   0.412637   2.876250   0.095823  -4.244378
   25  C   2  S  -1.458266  -1.024308  -1.048509  -0.149092   0.504347
   26  C   2  X   0.104287  -0.043962  -0.222565  -0.006749   0.052398
   27  C   2  Y  -0.097133  -0.071362  -0.115528  -0.005940  -0.078657
   28  C   2  Z  -0.018559   0.020757   0.024327   0.055180   0.000964
   29  C   2  X  -0.417134   0.098004   0.551553  -0.005116   0.048978
   30  C   2  Y   0.770491   0.340203   0.090133   0.019156   0.349397
   31  C   2  Z   0.033741   0.002097  -0.055702  -0.106665  -0.012888
   32  C   2  X  -0.745565  -0.179914  -1.864242  -0.060240   1.677583
   33  C   2  Y   0.010459   0.196849  -0.425612   0.059576   1.458713
   34  C   2  Z  -0.003156  -0.147370   0.124812   0.065879   0.034777
   35  C   2 XX   0.055581  -0.073407  -0.700224  -0.020454   1.114854
   36  C   2 YY  -0.036970  -0.139285  -0.667515  -0.026100   0.830983
   37  C   2 ZZ   0.041556  -0.073109  -0.631503  -0.016725   0.910161
   38  C   2 XY   0.025439  -0.038306  -0.245536  -0.016569  -0.009212
   39  C   2 XZ   0.002747   0.010612  -0.016675   0.005191  -0.005756
   40  C   2 YZ  -0.044974   0.207850  -0.077429   0.140718  -0.027700
   41  C   3  S  -0.004713   0.001689  -0.001372  -0.000350  -0.022661
   42  C   3  S  -0.008419   0.005321   0.004332  -0.000673  -0.059241
   43  C   3  S  -0.218280  -0.384865  -1.050575  -0.045945   2.814212
   44  C   3  S   0.506381   0.851502   2.526603   0.110638  -6.191190
   45  C   3  S   1.449740   0.247510  -0.976984   0.042915   1.616119
   46  C   3  X   0.001835  -0.025964  -0.106582  -0.012160   0.074679
   47  C   3  Y   0.086828  -0.080554  -0.431553  -0.028692  -0.179974
   48  C   3  Z  -0.000558   0.014838  -0.016360   0.070752  -0.005405
   49  C   3  X  -0.423812  -0.014632   0.115493   0.006072   0.012432
   50  C   3  Y  -0.350839   0.089207   0.731722   0.057632   0.580152
   51  C   3  Z  -0.004084  -0.045116   0.039661  -0.101273   0.013732
   52  C   3  X  -0.784131  -0.147302   0.209584  -0.038243  -0.761666
   53  C   3  Y   0.311585  -0.642432  -1.773768  -0.172099  -1.951245
   54  C   3  Z  -0.007577   0.095698  -0.075168  -0.051316  -0.025760
   55  C   3 XX  -0.202582  -0.161116  -0.317879  -0.017978   1.485420
   56  C   3 YY  -0.092200  -0.215275  -0.668051  -0.032462   1.311262
   57  C   3 ZZ  -0.048509  -0.180690  -0.516945  -0.020055   1.226261
   58  C   3 XY  -0.057092  -0.022406  -0.068701  -0.007844   0.054663
   59  C   3 XZ   0.005327  -0.113130   0.025324   0.101763   0.016979
   60  C   3 YZ  -0.000811  -0.038478   0.016133   0.092669   0.005451
   61  N   4  S   0.006939   0.000422  -0.000484  -0.000073   0.004368
   62  N   4  S   0.039680   0.006028   0.000961   0.001416   0.002168
   63  N   4  S  -0.897555  -0.166778  -0.037955  -0.046683   0.177824
   64  N   4  S   1.768394   0.351383   0.121163   0.105477  -0.475730
   65  N   4  S   1.116728   0.006069  -0.486324  -0.021021   0.679796
   66  N   4  X  -0.161750  -0.047338  -0.144550  -0.019243   0.142144
   67  N   4  Y   0.156482  -0.012359  -0.223020  -0.010721   0.032417
   68  N   4  Z  -0.030089   0.136663  -0.027100   0.041353  -0.004413
   69  N   4  X   0.195813   0.056436   0.091626   0.027407  -0.016992
   70  N   4  Y  -0.486561  -0.010754   0.416373   0.014738   0.003261
   71  N   4  Z   0.028975  -0.132312   0.020799  -0.013608   0.004967
   72  N   4  X  -2.398685  -0.528355  -0.875676  -0.145293   0.911231
   73  N   4  Y  -1.490987  -0.307012  -0.037706  -0.069384  -1.052139
   74  N   4  Z  -0.016397  -0.048862   0.006256   0.096542   0.022453
   75  N   4 XX  -0.515906  -0.097770  -0.022281  -0.025558   0.037539
   76  N   4 YY  -0.351493  -0.060195  -0.007063  -0.019123   0.127546
   77  N   4 ZZ  -0.468059  -0.088290  -0.022025  -0.023016   0.084414
   78  N   4 XY  -0.090272   0.000628   0.051664   0.000522   0.093943
   79  N   4 XZ   0.011677  -0.045359  -0.004927   0.040761  -0.004634
   80  N   4 YZ  -0.043700   0.242843  -0.038827  -0.042930  -0.010419
   81  C   5  S   0.000343   0.007101   0.028524   0.001337   0.047327
   82  C   5  S  -0.000815   0.017937   0.068396   0.003117   0.131241
   83  C   5  S   0.233040  -0.617084  -2.186902  -0.077904  -6.057555
   84  C   5  S  -0.593450   1.290491   4.468141   0.148690  13.442109
   85  C   5  S   2.777133   0.208069  -0.859903   0.054448  -3.827794
   86  C   5  X  -0.627510  -0.145775  -0.512984  -0.053726   0.402897
   87  C   5  Y   0.820217   0.080403  -0.312753   0.006287   0.348236
   88  C   5  Z   0.011491  -0.234278   0.024969   0.189802   0.006263
   89  C   5  X   2.382713   0.568411   1.876962   0.193906  -1.307586
   90  C   5  Y  -2.676533  -0.303757   0.984414  -0.025529  -1.310442
   91  C   5  Z  -0.006233   0.492457  -0.051926  -0.376414  -0.015064
   92  C   5  X   1.556340   0.381117   0.416646   0.103510  -0.546180
   93  C   5  Y  -1.632167  -0.551861  -0.559116  -0.100235  -0.996976
   94  C   5  Z   0.020270  -0.026647   0.022236   0.117188   0.006906
   95  C   5 XX   0.016990  -0.328420  -1.115461  -0.060996  -3.017878
   96  C   5 YY   0.224644  -0.275328  -1.021823  -0.027883  -2.850409
   97  C   5 ZZ   0.087129  -0.271394  -0.985086  -0.022013  -2.726485
   98  C   5 XY   0.069056   0.026199   0.025886   0.015193   0.045897
   99  C   5 XZ  -0.024774  -0.019138  -0.046422   0.812364   0.002097
  100  C   5 YZ   0.091866  -0.529490   0.074407   0.182324   0.016200
  101  N   6  S  -0.013489   0.000481   0.002236  -0.000524  -0.002108
  102  N   6  S  -0.040553  -0.000521   0.002449  -0.000675   0.002036
  103  N   6  S   0.516283   0.037234  -0.037200  -0.008002  -0.161681
  104  N   6  S  -0.830808  -0.099479  -0.034383   0.023853   0.321166
  105  N   6  S  -1.705398  -0.156162  -0.818843  -0.113206  -0.249691
  106  N   6  X  -0.158458  -0.035239  -0.118985  -0.010375   0.243914
  107  N   6  Y   0.083761  -0.017331  -0.106789  -0.009676  -0.047514
  108  N   6  Z   0.040357  -0.236769   0.075702  -0.248320   0.032324
  109  N   6  X   0.531237   0.111612   0.115808   0.020050  -0.325638
  110  N   6  Y  -0.208959  -0.081783  -0.315873  -0.016573  -0.136589
  111  N   6  Z   0.006540   0.032109  -0.016180   0.106515  -0.015604
  112  N   6  X   3.865394   0.881677   0.055550   0.149819   0.556242
  113  N   6  Y  -0.093731  -0.005461  -0.240365  -0.021092   0.215687
  114  N   6  Z   0.088908  -0.329322   0.065952  -0.088440   0.013054
  115  N   6 XX   0.212620  -0.002856  -0.119315  -0.009004  -0.149928
  116  N   6 YY   0.254972   0.036577   0.039735   0.006054  -0.037788
  117  N   6 ZZ   0.299009   0.017832  -0.010311  -0.008553  -0.049254
  118  N   6 XY   0.146636   0.036702   0.013520   0.002081   0.016980
  119  N   6 XZ   0.001041   0.029952  -0.006733  -0.146089  -0.014949
  120  N   6 YZ  -0.023568   0.138913  -0.042329   0.204989  -0.017901
  121  O   7  S  -0.006355   0.001365   0.017489   0.001313  -0.017261
  122  O   7  S   0.010517   0.001753   0.010925   0.000979  -0.020517
  123  O   7  S  -0.570775   0.025391   0.581109   0.039526  -0.309920
  124  O   7  S   1.337667  -0.082926  -1.563607  -0.106614   0.858215
  125  O   7  S  -0.359749   0.160729   1.802331   0.123267  -1.527903
  126  O   7  X  -0.062695  -0.011018  -0.032377  -0.004931  -0.013159
  127  O   7  Y   0.091981   0.013608   0.000152   0.005661   0.040018
  128  O   7  Z   0.006408  -0.083970   0.006348   0.167627   0.004547
  129  O   7  X  -0.058189   0.007801   0.209050   0.009720  -0.261797
  130  O   7  Y   0.257785   0.043391   0.112989   0.015572  -0.130640
  131  O   7  Z   0.003259  -0.068236   0.004536   0.130841   0.000993
  132  O   7  X  -0.321035  -0.028682   0.290136   0.007183  -0.332593
  133  O   7  Y   0.162809   0.102815   0.352061   0.031574  -0.030742
  134  O   7  Z   0.007882  -0.057634  -0.006918   0.076086  -0.002533
  135  O   7 XX  -0.223662   0.027234   0.339137   0.026609  -0.171907
  136  O   7 YY  -0.311567   0.001318   0.258992   0.014198  -0.172190
  137  O   7 ZZ  -0.285362   0.011339   0.257290   0.017506  -0.111179
  138  O   7 XY  -0.016128   0.000429   0.036100   0.001258  -0.063700
  139  O   7 XZ  -0.007318   0.060999  -0.003470  -0.104397  -0.002725
  140  O   7 YZ   0.003545  -0.001709   0.005566  -0.082339  -0.000300
  141  N   8  S  -0.002482  -0.000746  -0.009111  -0.001377   0.009768
  142  N   8  S  -0.004160   0.000251  -0.003991  -0.002196   0.007166
  143  N   8  S  -0.061923  -0.064741  -0.446025  -0.000250   0.417577
  144  N   8  S   0.169834   0.147495   1.139994   0.028592  -1.150346
  145  N   8  S   0.047153   0.039732  -1.164646  -0.104859   1.797465
  146  N   8  X   0.004868  -0.005716   0.088287  -0.006354  -0.099258
  147  N   8  Y  -0.048207  -0.042931   0.037063  -0.000659   0.022605
  148  N   8  Z   0.008966   0.039162  -0.006155  -0.034660   0.005850
  149  N   8  X  -0.097264  -0.041330  -0.088120   0.012931   0.047320
  150  N   8  Y  -0.086748   0.038253   0.018984  -0.000502  -0.015536
  151  N   8  Z  -0.010924  -0.024968  -0.021400   0.022071   0.020263
  152  N   8  X   0.298177  -0.114092   0.385252   0.018959  -0.693404
  153  N   8  Y  -0.224985  -0.283602   0.048310  -0.015548   0.389126
  154  N   8  Z   0.053098  -0.077027   0.027099   0.007915  -0.007539
  155  N   8 XX  -0.066792  -0.024837  -0.183262   0.006456   0.265145
  156  N   8 YY  -0.006925  -0.042178  -0.253196  -0.005545   0.149099
  157  N   8 ZZ  -0.038170  -0.033370  -0.234275   0.002659   0.221239
  158  N   8 XY  -0.035811  -0.010880   0.093397  -0.001170  -0.092596
  159  N   8 XZ   0.006711   0.075808  -0.051207   0.019335  -0.054337
  160  N   8 YZ   0.040062  -0.102161  -0.054104  -0.034061  -0.049628
  161  H   9  S   0.013976  -0.027203  -0.162587  -0.011716   0.020316
  162  H   9  S   0.110852   0.053596   0.260461   0.039679  -0.157699
  163  H   9  S   0.471154   0.070839   1.280663   0.010897  -1.432882
  164  H   9  X  -0.051968   0.011256   0.082622   0.002888   0.037710
  165  H   9  Y   0.063632   0.015474  -0.001673  -0.001086  -0.064956
  166  H   9  Z  -0.014618   0.101150  -0.038115   0.042702  -0.017200
  167  H  10  S   0.005295  -0.033035  -0.153402  -0.009657  -0.041189
  168  H  10  S  -0.005116  -0.005972   0.046646  -0.008557  -0.041651
  169  H  10  S  -0.334437   0.424533   1.305152   0.110782   1.064220
  170  H  10  X  -0.023487  -0.007256  -0.052911  -0.002828   0.039817
  171  H  10  Y  -0.023679   0.020062   0.104438   0.006613   0.050516
  172  H  10  Z   0.003652  -0.041487   0.014180   0.030508   0.005402
  173  H  11  S   0.041991  -0.014973  -0.065913  -0.001793  -0.053704
  174  H  11  S  -0.700945  -0.069128  -0.053279  -0.021636   0.448534
  175  H  11  S  -0.385057  -0.045241  -0.111307  -0.020963   0.365895
  176  H  11  X   0.051811   0.004820   0.001050   0.003032  -0.070480
  177  H  11  Y  -0.037047  -0.013662  -0.016991  -0.003258  -0.044728
  178  H  11  Z  -0.029541   0.137828  -0.014619   0.010164  -0.000553
  179  H  12  S  -0.068967   0.004227   0.045669  -0.003107  -0.070961
  180  H  12  S   0.130048   0.095243   0.010315   0.014390  -0.023349
  181  H  12  S  -0.318761   0.047112  -0.220276  -0.024381   0.290298
  182  H  12  X  -0.039022   0.020440  -0.001802   0.011699   0.109659
  183  H  12  Y   0.009440  -0.026070  -0.055187  -0.011175  -0.037677
  184  H  12  Z   0.043860   0.021786  -0.130027   0.002293  -0.076039
  185  H  13  S   0.001269  -0.004218  -0.045950  -0.003496  -0.016087
  186  H  13  S  -0.112057  -0.070786   0.313680   0.017813  -0.125663
  187  H  13  S   0.023310  -0.072387  -0.262856  -0.014010   0.276331
  188  H  13  X   0.003063  -0.007494  -0.100246   0.002487   0.018964
  189  H  13  Y   0.028626   0.031261   0.009124   0.004790  -0.013900
  190  H  13  Z  -0.054947   0.075174   0.074302   0.039666   0.073133

                    101        102        103        104        105
                    1.8018     1.8269     1.8574     1.8741     1.8911
                     A          A          A          A          A   
    1  C   1  S  -0.015250  -0.020533   0.007265   0.027735   0.038252
    2  C   1  S  -0.036582  -0.058830   0.024604   0.086778   0.125031
    3  C   1  S   1.465389   2.475163  -0.741396  -3.549185  -6.841540
    4  C   1  S  -3.152108  -5.591953   1.594822   7.847415  15.637049
    5  C   1  S   3.221236   3.197135   0.942765  -1.459748  -7.305442
    6  C   1  X  -0.300845  -0.085833   0.056683   0.038982  -0.275353
    7  C   1  Y   0.087917  -0.073955  -0.274862   0.303500  -0.012074
    8  C   1  Z  -0.006650   0.006151   0.006164  -0.008669   0.019537
    9  C   1  X   0.442368  -0.227419  -0.515887  -0.440024   1.080982
   10  C   1  Y  -0.016991   0.177542   1.235390  -0.905031   0.172477
   11  C   1  Z   0.006320  -0.012367  -0.013997   0.020472  -0.054247
   12  C   1  X  -2.110083  -0.183130   0.712206   0.168532   0.549649
   13  C   1  Y  -0.898488   0.471920   1.768784  -1.143181  -1.630296
   14  C   1  Z  -0.015457  -0.029328  -0.014555   0.012482   0.001326
   15  C   1 XX   0.689029   1.260727  -0.288764  -1.649971  -3.427323
   16  C   1 YY   0.917233   1.276997  -0.288772  -1.612289  -3.372623
   17  C   1 ZZ   0.511506   0.935473  -0.419949  -1.685382  -2.861059
   18  C   1 XY   0.019561   0.066712  -0.045903  -0.185400   0.160828
   19  C   1 XZ  -0.031827   0.008112   0.045691  -0.037417   0.008909
   20  C   1 YZ  -0.000652  -0.000550  -0.012468   0.019259  -0.003657
   21  C   2  S  -0.031527   0.015101   0.042569   0.063696  -0.009911
   22  C   2  S  -0.089364   0.036336   0.104108   0.162295  -0.017476
   23  C   2  S   3.491179  -1.270280  -3.873289  -5.444746   0.529024
   24  C   2  S  -7.604128   2.688629   8.415660  11.741478  -1.029016
   25  C   2  S  -0.573271  -1.565284  -5.217537  -2.621574   0.713371
   26  C   2  X  -0.180614  -0.262900  -0.384779  -0.391390   0.048549
   27  C   2  Y  -0.082912  -0.064526  -0.388888  -0.287291   0.034415
   28  C   2  Z  -0.004536  -0.004353  -0.005360   0.008882  -0.000779
   29  C   2  X   1.082741   1.032069   1.784508   1.603585  -0.681229
   30  C   2  Y   0.495944   0.242687   1.814064   0.987092   0.232530
   31  C   2  Z   0.016779   0.009056   0.014554  -0.019254   0.003814
   32  C   2  X   1.391403  -0.336543  -0.727438  -1.419678   1.232929
   33  C   2  Y  -0.488531   0.832069  -0.615509  -1.711988  -2.970398
   34  C   2  Z  -0.002562   0.014370   0.026707  -0.002813   0.023105
   35  C   2 XX   1.491392  -0.411123  -1.785748  -2.393961   0.393139
   36  C   2 YY   1.860252  -0.509672  -1.868192  -2.517812   0.144994
   37  C   2 ZZ   1.539739  -0.858882  -1.862878  -2.761756   0.236474
   38  C   2 XY  -0.028968   0.221421   0.201706   0.309543   0.077012
   39  C   2 XZ  -0.004703  -0.006332  -0.015393   0.010824  -0.002868
   40  C   2 YZ  -0.004602  -0.028117  -0.052371   0.046639  -0.028113
   41  C   3  S  -0.024048   0.064896  -0.006865  -0.021949  -0.038375
   42  C   3  S  -0.056486   0.172463  -0.008676  -0.049266  -0.118951
   43  C   3  S   2.390358  -6.337069  -0.174327   1.830092   5.944603
   44  C   3  S  -5.227859  13.756972   0.458823  -3.989111 -13.456922
   45  C   3  S   3.997497  -2.399794   1.359571   1.898962   5.033703
   46  C   3  X  -0.155175  -0.028326   0.044193   0.094741   0.026096
   47  C   3  Y   0.673573  -0.382380   0.477800   0.104134   0.019282
   48  C   3  Z  -0.004171  -0.001573  -0.005709   0.000294   0.000723
   49  C   3  X   0.609230   0.088198  -0.023650  -0.286239  -0.246290
   50  C   3  Y  -2.810211   1.031964  -2.234185  -0.697796   0.518239
   51  C   3  Z   0.015279   0.003702   0.018022   0.001401  -0.005476
   52  C   3  X   0.820297  -0.551719   0.523381   0.644633   1.629357
   53  C   3  Y   0.037217  -2.213615   1.530147  -0.095994  -0.388008
   54  C   3  Z   0.019715  -0.010056  -0.022603   0.011706   0.010895
   55  C   3 XX   1.256615  -3.172788   0.057611   0.956168   2.635393
   56  C   3 YY   1.033747  -2.511155  -0.356507   0.984781   3.265259
   57  C   3 ZZ   1.148307  -3.224959   0.090251   0.723601   2.473882
   58  C   3 XY   0.098563  -0.098359   0.072718  -0.051131  -0.135943
   59  C   3 XZ  -0.002544   0.005925   0.009687   0.001823   0.002827
   60  C   3 YZ  -0.001171  -0.000211   0.009297  -0.008673   0.002193
   61  N   4  S  -0.004490  -0.002842  -0.003454  -0.004234  -0.002768
   62  N   4  S  -0.018309  -0.007155  -0.019744  -0.018725   0.010528
   63  N   4  S   0.298041   0.077001   0.425765   0.372883  -0.594300
   64  N   4  S  -0.483326  -0.145675  -0.820402  -0.706060   1.340226
   65  N   4  S  -1.421035  -0.460525  -0.863050  -0.612572  -0.184281
   66  N   4  X  -0.054977  -0.068905   0.072288   0.007916  -0.075352
   67  N   4  Y   0.140103   0.054232   0.080876  -0.036718   0.023117
   68  N   4  Z   0.001197  -0.003636  -0.003998   0.003593  -0.005063
   69  N   4  X  -0.388352   0.138686  -0.430038  -0.132663   0.381189
   70  N   4  Y  -0.120167  -0.004074  -0.339076   0.096034   0.059073
   71  N   4  Z  -0.005606   0.004278   0.002349  -0.006807   0.009297
   72  N   4  X  -1.179932  -0.670618  -0.027435  -0.302984  -0.227709
   73  N   4  Y   1.783625  -0.216116   0.714793  -0.029818   0.071271
   74  N   4  Z  -0.028005  -0.005891  -0.003231   0.000181  -0.003521
   75  N   4 XX   0.215610   0.085176   0.157875   0.160985  -0.252714
   76  N   4 YY   0.006824   0.011497   0.228301   0.202650  -0.345706
   77  N   4 ZZ   0.198843   0.013107   0.247110   0.189575  -0.311009
   78  N   4 XY  -0.028191  -0.020836   0.020100   0.007158  -0.038951
   79  N   4 XZ   0.001512  -0.001424  -0.007769   0.004615  -0.003815
   80  N   4 YZ   0.002061  -0.006979  -0.009463   0.006938  -0.004397
   81  C   5  S   0.045918   0.029216  -0.031337   0.021737  -0.009026
   82  C   5  S   0.126318   0.078976  -0.082021   0.058966  -0.028275
   83  C   5  S  -5.948092  -3.994366   3.207979  -2.455564   1.222725
   84  C   5  S  13.113076   8.841311  -6.970174   5.374386  -2.722744
   85  C   5  S  -2.570661  -2.778785   3.983286  -1.377920  -0.155147
   86  C   5  X  -0.130468   0.036336   0.106625  -0.035117   0.035126
   87  C   5  Y  -0.093856  -0.000860   0.069742   0.043712  -0.125401
   88  C   5  Z   0.003094   0.006811   0.004682  -0.005144   0.005440
   89  C   5  X   0.427890   0.155760  -0.343028   0.415470  -0.223339
   90  C   5  Y   0.795963   0.202930  -0.216217   0.071004   0.429620
   91  C   5  Z  -0.007161  -0.013671  -0.010767   0.012612  -0.016621
   92  C   5  X  -1.409579  -0.449268   0.615032  -0.256648   0.085864
   93  C   5  Y   0.746989  -0.329984   0.097278   0.209619   0.027709
   94  C   5  Z  -0.007551   0.012432   0.013727  -0.013464  -0.002772
   95  C   5 XX  -2.836323  -1.981813   1.621993  -1.171605   0.604708
   96  C   5 YY  -3.075517  -1.938560   1.552788  -1.188013   0.471897
   97  C   5 ZZ  -2.565209  -1.798366   1.382821  -1.107758   0.626038
   98  C   5 XY   0.015330  -0.068509   0.031854  -0.106334  -0.019990
   99  C   5 XZ  -0.002994   0.003968   0.008897   0.001251  -0.004722
  100  C   5 YZ   0.004307   0.011274   0.008055  -0.009265   0.007157
  101  N   6  S  -0.002340   0.002343   0.002914  -0.003873   0.004336
  102  N   6  S  -0.000137  -0.020712   0.009467  -0.015002  -0.007027
  103  N   6  S  -0.080643   0.765234  -0.121293   0.237621   0.559875
  104  N   6  S   0.276711  -1.663802   0.280079  -0.502348  -1.437658
  105  N   6  S  -0.874643   0.068752  -0.225227  -0.945444   1.978213
  106  N   6  X  -0.066204   0.006145   0.067621  -0.091210  -0.021298
  107  N   6  Y  -0.043377   0.045277  -0.008177   0.020345   0.012267
  108  N   6  Z  -0.004203   0.019329   0.043921  -0.037754   0.023466
  109  N   6  X   0.228659   0.041457  -0.144913   0.147935  -0.078425
  110  N   6  Y  -0.074490  -0.189524  -0.026038  -0.184898   0.075553
  111  N   6  Z   0.001705  -0.012249  -0.037034   0.037756  -0.020954
  112  N   6  X  -1.452753  -0.365601   0.923871  -0.745396  -0.133851
  113  N   6  Y  -0.260949  -0.098747  -0.321975  -0.204847   0.677034
  114  N   6  Z  -0.004054   0.011924   0.029935  -0.023821   0.011020
  115  N   6 XX  -0.029584   0.406367  -0.051235   0.115162   0.296081
  116  N   6 YY  -0.044080   0.338111  -0.018765   0.075335   0.227924
  117  N   6 ZZ  -0.027416   0.366653  -0.098560   0.152709   0.324561
  118  N   6 XY   0.030353   0.042489   0.000527  -0.060065   0.006259
  119  N   6 XZ   0.001858  -0.007566  -0.015736   0.012034  -0.005131
  120  N   6 YZ   0.006794  -0.004200  -0.016943   0.013598  -0.007250
  121  O   7  S  -0.003072  -0.008347  -0.005493  -0.002568   0.004482
  122  O   7  S   0.002059  -0.005436  -0.000463  -0.000606   0.002069
  123  O   7  S  -0.178815  -0.230423  -0.261519  -0.092748   0.160047
  124  O   7  S   0.358235   0.546058   0.730394   0.183489  -0.418304
  125  O   7  S  -0.008664  -0.078861  -0.804085   0.171734   0.405624
  126  O   7  X  -0.025352   0.001893   0.007636  -0.008275   0.022937
  127  O   7  Y  -0.030615  -0.025770  -0.003351   0.014055  -0.016682
  128  O   7  Z   0.000265   0.004894   0.005968  -0.003939   0.001557
  129  O   7  X   0.000723   0.052785  -0.064521   0.069726   0.064444
  130  O   7  Y  -0.013718   0.034588  -0.041234   0.035740  -0.010641
  131  O   7  Z   0.000833   0.002175   0.000908  -0.000218   0.000315
  132  O   7  X   0.231209   0.009410  -0.258743  -0.004493   0.111118
  133  O   7  Y  -0.122509  -0.037487  -0.067429  -0.017124   0.008972
  134  O   7  Z  -0.001793  -0.006113  -0.006611   0.005110   0.002709
  135  O   7 XX  -0.101689  -0.116295  -0.133001  -0.040696   0.065469
  136  O   7 YY  -0.071934  -0.094578  -0.126693  -0.041808   0.089155
  137  O   7 ZZ  -0.071896  -0.110538  -0.121968  -0.045143   0.074450
  138  O   7 XY   0.031233   0.003055  -0.004281  -0.002631   0.014793
  139  O   7 XZ   0.000037  -0.001728  -0.002162   0.001103  -0.000666
  140  O   7 YZ   0.000237  -0.000574  -0.000760  -0.000268   0.000216
  141  N   8  S   0.001532  -0.001360  -0.001174  -0.001434  -0.002250
  142  N   8  S   0.002765   0.008886   0.008834   0.000036  -0.002064
  143  N   8  S  -0.146690  -0.450491  -0.331080  -0.143974  -0.109376
  144  N   8  S   0.308066   1.056428   0.764279   0.324774   0.139235
  145  N   8  S  -0.254016  -0.301379  -0.031101  -0.471835  -0.091301
  146  N   8  X   0.015054   0.037572  -0.070000  -0.034459  -0.065729
  147  N   8  Y   0.000697  -0.139165  -0.231766   0.136433  -0.153661
  148  N   8  Z   0.012824   0.005512  -0.011241   0.000751  -0.045500
  149  N   8  X   0.038861  -0.138143   0.073448   0.218938   0.201852
  150  N   8  Y  -0.058337   0.352258   0.513266  -0.222116   0.225986
  151  N   8  Z  -0.014830   0.000122   0.029257  -0.010852   0.037665
  152  N   8  X   0.320637   0.120966  -0.495542   0.299915   0.077894
  153  N   8  Y  -0.147644  -0.653635  -1.262755   1.021896  -0.883888
  154  N   8  Z   0.001935   0.012970  -0.033276   0.016382   0.005103
  155  N   8 XX  -0.118709  -0.194857  -0.063659  -0.080491  -0.137587
  156  N   8 YY  -0.051271  -0.198205  -0.203047  -0.085957  -0.037916
  157  N   8 ZZ  -0.092537  -0.295211  -0.212041  -0.065187  -0.012187
  158  N   8 XY   0.052478   0.056264   0.051682  -0.059080   0.062059
  159  N   8 XZ  -0.001105  -0.047255  -0.096768   0.099974  -0.033468
  160  N   8 YZ  -0.028915  -0.080193  -0.174474   0.169592  -0.103489
  161  H   9  S  -0.012766   0.117992   0.184218   0.218775   0.064261
  162  H   9  S  -0.175928  -0.812016  -1.327535  -1.686711  -0.030727
  163  H   9  S  -0.545877   0.460816   1.283750   2.533622   0.459379
  164  H   9  X   0.001899   0.003370   0.060635   0.086830  -0.062769
  165  H   9  Y   0.082326   0.059531   0.115693   0.021853   0.066381
  166  H   9  Z   0.001003  -0.011787  -0.026306   0.020866  -0.014071
  167  H  10  S  -0.098699   0.258936  -0.210033  -0.041119   0.167659
  168  H  10  S   1.283567  -1.439599   1.354434   0.272300  -0.846053
  169  H  10  S  -0.560122   2.344047  -1.638391   0.004950   0.760964
  170  H  10  X  -0.037903   0.000270  -0.005709  -0.027778   0.006676
  171  H  10  Y  -0.125206   0.046617  -0.070161  -0.031165  -0.062469
  172  H  10  Z   0.000664   0.005540   0.010042  -0.010331   0.006910
  173  H  11  S   0.038129  -0.021749  -0.033880  -0.024339   0.026091
  174  H  11  S  -0.520015   0.086633   0.019730   0.046966  -0.076781
  175  H  11  S  -0.812882  -0.435017   0.078911  -0.048303   0.280482
  176  H  11  X   0.002985   0.087110  -0.066389  -0.011511   0.068341
  177  H  11  Y  -0.102078  -0.012768  -0.047589   0.020676   0.038038
  178  H  11  Z  -0.000197   0.001178   0.003484  -0.003088   0.004266
  179  H  12  S  -0.000642   0.043072   0.055286  -0.042443   0.004134
  180  H  12  S   0.023946  -0.011389   0.071173  -0.104265   0.167222
  181  H  12  S   0.181632   0.194510   0.333171  -0.432230  -0.205208
  182  H  12  X  -0.030815   0.049999   0.161973  -0.065751   0.010847
  183  H  12  Y   0.036680   0.020436   0.034329  -0.055133   0.124160
  184  H  12  Z  -0.040589  -0.141875  -0.259062   0.234076  -0.123319
  185  H  13  S   0.027788  -0.005021  -0.079290  -0.038716  -0.006828
  186  H  13  S  -0.064978  -0.046092  -0.033207   0.384642  -0.101085
  187  H  13  S  -0.044079  -0.248150  -0.404909   0.253817  -0.664695
  188  H  13  X   0.015127  -0.071544  -0.070163   0.166335  -0.050096
  189  H  13  Y   0.005158   0.076915   0.120205  -0.073906   0.117060
  190  H  13  Z   0.027721   0.099745   0.233465  -0.222107   0.146586

                    106        107        108        109        110
                    1.9176     1.9516     1.9795     2.0037     2.0561
                     A          A          A          A          A   
    1  C   1  S   0.008842   0.056948  -0.012031  -0.011799   0.000193
    2  C   1  S   0.010576   0.171439  -0.009296  -0.061838   0.001031
    3  C   1  S  -1.418447  -7.467149  -1.016712   2.853261   0.071356
    4  C   1  S   3.029360  16.705381   2.848291  -6.740528  -0.151422
    5  C   1  S   0.349236  -6.776541  -2.839286   3.512110   0.274135
    6  C   1  X   0.310254  -0.054327   0.398077  -0.091081   0.006203
    7  C   1  Y  -0.163162   0.038703   0.030015  -0.287812  -0.036997
    8  C   1  Z   0.040035  -0.011185  -0.003949   0.006775  -0.019283
    9  C   1  X  -1.378061  -0.006026  -1.921775   0.715863  -0.242859
   10  C   1  Y   0.307443   0.130333   0.478312   0.346302   0.124815
   11  C   1  Z  -0.064760   0.020217   0.042681  -0.020862   0.067318
   12  C   1  X   0.717656   1.096188  -0.336290  -0.792890  -0.001688
   13  C   1  Y  -0.991418  -1.537792  -0.441297  -0.008273   0.571932
   14  C   1  Z  -0.121210   0.015425  -0.096396   0.025810   0.214419
   15  C   1 XX  -0.904304  -3.515340  -0.794296   1.292956   0.090725
   16  C   1 YY  -0.510675  -3.365174  -0.512932   1.251784   0.017914
   17  C   1 ZZ  -0.813912  -3.567301  -0.072110   1.250520   0.017068
   18  C   1 XY   0.296544  -0.137363   0.067272  -0.073750   0.161221
   19  C   1 XZ  -0.066794   0.009456   0.001443   0.001967   0.024785
   20  C   1 YZ   0.020312  -0.003348   0.013899  -0.005027  -0.010933
   21  C   2  S   0.013696  -0.033106  -0.019524   0.037266   0.005503
   22  C   2  S   0.010117  -0.119847  -0.047338   0.119309   0.019625
   23  C   2  S   0.093462   5.977206   2.160998  -5.896606  -1.111999
   24  C   2  S  -0.591005 -13.811599  -4.694908  13.386879   2.538461
   25  C   2  S   0.218757   5.773937   1.129832  -5.386336  -1.963760
   26  C   2  X   0.100666  -0.011133  -0.400785   0.095749  -0.023259
   27  C   2  Y   0.161505   0.126808  -0.274661   0.298109  -0.083587
   28  C   2  Z   0.002143   0.007064   0.011784  -0.004180   0.038768
   29  C   2  X   0.355298   0.681119   1.749493  -1.339098   0.128387
   30  C   2  Y  -0.036575   0.325135   0.957624  -0.837142   0.275971
   31  C   2  Z   0.001262  -0.008013  -0.034605   0.005393  -0.093584
   32  C   2  X   0.458873  -2.900304  -1.697195   3.185492   0.398484
   33  C   2  Y  -0.559025  -2.843696  -2.263719   1.651404   0.223141
   34  C   2  Z   0.051286  -0.018436   0.054840   0.009977  -0.183653
   35  C   2 XX   0.038065   2.822964   1.051923  -2.936029  -0.546101
   36  C   2 YY   0.108794   2.945304   0.974398  -2.782429  -0.518412
   37  C   2 ZZ  -0.202537   2.519628   1.120127  -2.573509  -0.508404
   38  C   2 XY  -0.041342  -0.065376   0.085856  -0.160369  -0.101798
   39  C   2 XZ  -0.006388   0.008015  -0.001905  -0.002926   0.081350
   40  C   2 YZ  -0.002496   0.002391   0.022013  -0.004976   0.010591
   41  C   3  S  -0.007391   0.045573   0.020314  -0.005743   0.002028
   42  C   3  S  -0.022999   0.137634   0.077938  -0.036923  -0.001783
   43  C   3  S   0.783050  -5.466662  -2.769537   2.956160   0.244330
   44  C   3  S  -1.830361  12.199442   6.445663  -7.058330  -0.721516
   45  C   3  S   1.788320  -4.961568  -2.855158   2.827286   1.234076
   46  C   3  X   0.030272   0.084544   0.140099   0.055307  -0.077824
   47  C   3  Y   0.127000   0.121812  -0.047632  -0.218211   0.124803
   48  C   3  Z  -0.000659  -0.000364  -0.005619   0.001391  -0.089172
   49  C   3  X   0.043851  -0.145818   0.073918  -0.721914   0.077479
   50  C   3  Y  -0.565475  -1.049800  -0.452766   1.246147  -0.389797
   51  C   3  Z   0.001161   0.006116   0.021207  -0.013749   0.221692
   52  C   3  X   0.251618   1.066431   1.068871   1.507406   0.187331
   53  C   3  Y   0.110357   2.116627   1.553174  -2.558444  -0.316293
   54  C   3  Z  -0.007122   0.002847  -0.017924   0.028924   0.317030
   55  C   3 XX   0.611137  -2.396581  -1.330025   1.527033   0.094401
   56  C   3 YY   0.306190  -2.506011  -1.232177   1.598254   0.173924
   57  C   3 ZZ   0.143602  -2.712586  -1.121566   1.052611   0.023333
   58  C   3 XY   0.040950   0.077603  -0.005838   0.375534  -0.014320
   59  C   3 XZ   0.000003   0.008017   0.003825  -0.000492  -0.089920
   60  C   3 YZ  -0.002668  -0.000872  -0.004781   0.002414  -0.131345
   61  N   4  S   0.004312   0.003940  -0.001958  -0.002143   0.002966
   62  N   4  S  -0.006845  -0.018542   0.013145  -0.007013   0.002575
   63  N   4  S   0.379574   0.634032  -0.570339   0.137799   0.032011
   64  N   4  S  -0.763193  -1.481076   1.096731  -0.239677  -0.078290
   65  N   4  S  -0.809504   0.161700   0.802652   0.366800  -0.430749
   66  N   4  X  -0.003254   0.067887   0.098726   0.130688  -0.071378
   67  N   4  Y   0.018187   0.223580   0.146506   0.202894   0.065178
   68  N   4  Z   0.002556   0.001798   0.000784  -0.007627  -0.703583
   69  N   4  X  -0.126843  -0.577908  -0.285993  -0.360332   0.127040
   70  N   4  Y   0.069344  -0.814145  -0.783548  -1.009271  -0.013557
   71  N   4  Z  -0.006404  -0.004053   0.000070   0.011253   0.873159
   72  N   4  X   0.049656   0.179879   0.574890   0.947757  -0.292612
   73  N   4  Y   0.074839   2.076087   1.520539   0.993327   0.139062
   74  N   4  Z   0.001973  -0.008612  -0.002337  -0.003649  -1.022851
   75  N   4 XX   0.132384   0.297569  -0.235339   0.254632   0.037616
   76  N   4 YY   0.302526   0.268665  -0.445853  -0.059467   0.015855
   77  N   4 ZZ   0.099962   0.300153  -0.180212   0.015299  -0.027389
   78  N   4 XY   0.071822   0.067013  -0.023895   0.131019  -0.028035
   79  N   4 XZ   0.004738  -0.001259   0.002465   0.000089  -0.203308
   80  N   4 YZ   0.001509   0.000774   0.004140   0.003651   0.102546
   81  C   5  S   0.012298  -0.017709  -0.023364  -0.009521  -0.002871
   82  C   5  S   0.029678  -0.049377  -0.052436  -0.027489  -0.008943
   83  C   5  S  -0.919639   1.965969   1.598021   0.201901   0.019488
   84  C   5  S   1.910205  -4.449149  -3.280579  -0.279047  -0.021733
   85  C   5  S   1.559127   4.324949   1.972380  -0.476182   0.754702
   86  C   5  X   0.116638  -0.005672   0.042208  -0.129600   0.081902
   87  C   5  Y   0.066750   0.111217   0.154318   0.205056  -0.033465
   88  C   5  Z   0.003183  -0.000729  -0.002100  -0.004061  -0.072438
   89  C   5  X  -0.306549   0.030315  -0.266412   0.661454  -0.367837
   90  C   5  Y  -0.275333  -0.371441  -0.658857  -0.864650   0.145898
   91  C   5  Z  -0.007161   0.003496   0.005012   0.016600   0.171085
   92  C   5  X   0.071830  -0.054398  -0.375228  -0.442818   0.150371
   93  C   5  Y   0.273514   0.993194   0.641860   0.289054  -0.230319
   94  C   5  Z   0.028472  -0.018032   0.017132  -0.006646   0.328248
   95  C   5 XX  -0.328285   1.272264   0.816353   0.307103  -0.045668
   96  C   5 YY  -0.216413   0.849760   0.447712  -0.279863   0.086485
   97  C   5 ZZ  -0.732199   0.650260   1.010012   0.156842  -0.056650
   98  C   5 XY  -0.141918  -0.000628   0.258017  -0.128878   0.039553
   99  C   5 XZ   0.019417   0.002069   0.005118   0.005605   0.037998
  100  C   5 YZ  -0.003765  -0.004526   0.001280   0.004079   0.166681
  101  N   6  S   0.004199   0.008585  -0.012031   0.000068   0.001988
  102  N   6  S  -0.015532   0.002158  -0.013082   0.014422  -0.008019
  103  N   6  S   0.589993   0.289391  -0.206640  -0.440345   0.354413
  104  N   6  S  -1.240132  -0.761843   0.594645   1.028874  -0.791078
  105  N   6  S  -1.004859  -0.087643  -0.803347  -0.510183   0.206548
  106  N   6  X   0.029984   0.024169   0.104472  -0.120353   0.102917
  107  N   6  Y   0.027064   0.018053  -0.108535  -0.079331   0.027777
  108  N   6  Z  -0.027615  -0.003434  -0.013771   0.007068   0.167064
  109  N   6  X  -0.088332   0.086809  -0.394955   0.818501  -0.428660
  110  N   6  Y  -0.332102  -0.243746   0.044425   0.221643  -0.087295
  111  N   6  Z   0.027325   0.008874   0.008992  -0.004569  -0.190327
  112  N   6  X   0.215437  -0.006451   0.677994  -0.441961   0.683889
  113  N   6  Y  -0.207657   0.038643  -0.502570  -0.108578   0.024417
  114  N   6  Z   0.016314  -0.000913  -0.000209  -0.002158  -0.134535
  115  N   6 XX   0.375646   0.156471  -0.216508  -0.207832   0.181275
  116  N   6 YY   0.230548   0.154864  -0.090638  -0.158214   0.166287
  117  N   6 ZZ   0.218484   0.079337   0.027851  -0.272951   0.165251
  118  N   6 XY  -0.014477  -0.062703  -0.033263  -0.024472   0.047902
  119  N   6 XZ   0.010818   0.003023  -0.000227  -0.002194   0.013118
  120  N   6 YZ   0.019058  -0.003885   0.005770  -0.001827   0.036503
  121  O   7  S  -0.013456  -0.010604   0.005754   0.003151  -0.003154
  122  O   7  S  -0.006157  -0.005407   0.001530  -0.007192  -0.001856
  123  O   7  S  -0.479631  -0.385209   0.189641   0.356702  -0.104819
  124  O   7  S   1.271325   1.101845  -0.445216  -0.835580   0.290475
  125  O   7  S  -1.154036  -1.155985  -0.283745   0.494078  -0.384108
  126  O   7  X  -0.024243  -0.025116  -0.022477  -0.016191  -0.003341
  127  O   7  Y  -0.002108   0.011813   0.046962   0.055340  -0.025927
  128  O   7  Z   0.005662  -0.002687   0.002211  -0.000150   0.042381
  129  O   7  X  -0.071555  -0.117442  -0.163425   0.033671  -0.029345
  130  O   7  Y  -0.036166  -0.065513  -0.076644   0.019645  -0.015010
  131  O   7  Z   0.002281  -0.000807   0.000094   0.000223  -0.003516
  132  O   7  X  -0.310422  -0.297625   0.078714   0.103029  -0.064349
  133  O   7  Y  -0.238478  -0.200802  -0.039062   0.231126  -0.071256
  134  O   7  Z  -0.014306   0.004728  -0.009291  -0.001358  -0.088108
  135  O   7 XX  -0.233519  -0.197781   0.067899   0.163870  -0.054667
  136  O   7 YY  -0.213847  -0.167975   0.057182   0.172594  -0.047130
  137  O   7 ZZ  -0.240308  -0.194673   0.129489   0.183399  -0.049301
  138  O   7 XY  -0.025139   0.006328   0.011209   0.019690  -0.004695
  139  O   7 XZ  -0.001153   0.000498  -0.000698  -0.000783  -0.021607
  140  O   7 YZ  -0.002078   0.000054  -0.000087  -0.000016  -0.011754
  141  N   8  S  -0.005722  -0.009902   0.002742  -0.000367  -0.005515
  142  N   8  S   0.017054  -0.050882   0.032353   0.004618  -0.005423
  143  N   8  S  -0.980354   1.037584  -0.823578  -0.198022  -0.040817
  144  N   8  S   2.253656  -2.108817   1.634892   0.438449   0.171028
  145  N   8  S  -0.100521  -0.160457   1.754995  -0.397867  -0.011877
  146  N   8  X   0.419681  -0.112714   0.206735   0.042748   0.057949
  147  N   8  Y  -0.169433   0.150817   0.034131   0.021065   0.141151
  148  N   8  Z   0.020937   0.055342  -0.001538  -0.035627  -0.308451
  149  N   8  X  -1.176991   0.383680  -0.917072  -0.136110  -0.214167
  150  N   8  Y   0.526937  -0.428105   0.197242  -0.097134  -0.287514
  151  N   8  Z  -0.052206  -0.088790   0.001724   0.039367   0.374058
  152  N   8  X   1.618705  -0.475111   0.630756   0.233501   0.158083
  153  N   8  Y  -0.470791   0.370586   0.447113  -0.035895   0.414701
  154  N   8  Z   0.245187  -0.016133   0.168414  -0.038292  -0.292793
  155  N   8 XX  -0.554130   0.555399  -0.434770  -0.090768  -0.005319
  156  N   8 YY  -0.332834   0.426447  -0.387753  -0.091677  -0.055605
  157  N   8 ZZ  -0.595411   0.540237  -0.380311  -0.120412   0.039951
  158  N   8 XY   0.117542  -0.054569   0.089771  -0.016909  -0.012578
  159  N   8 XZ   0.018709  -0.010780   0.025645  -0.005190   0.060353
  160  N   8 YZ   0.069111  -0.011592   0.071937  -0.012583  -0.011680
  161  H   9  S  -0.004954  -0.160715   0.078632  -0.085622  -0.069978
  162  H   9  S  -0.185767  -0.006171  -0.952456   0.959130   0.105330
  163  H   9  S   0.143264   1.999120   1.919016  -2.377763  -0.273825
  164  H   9  X  -0.038489  -0.029250   0.082025   0.015907   0.017432
  165  H   9  Y   0.018980  -0.028673  -0.011011   0.001161   0.007340
  166  H   9  Z   0.008108   0.000620   0.007967  -0.003528   0.032137
  167  H  10  S  -0.145121   0.090364   0.098686   0.025762   0.007949
  168  H  10  S   0.336092   0.138204  -0.022736  -0.729977   0.049189
  169  H  10  S  -0.261652  -0.724693  -0.546059   1.811031   0.134907
  170  H  10  X   0.019751  -0.071623  -0.049422   0.005980  -0.031602
  171  H  10  Y  -0.003852  -0.017741  -0.001790  -0.034089  -0.036163
  172  H  10  Z  -0.002364  -0.002292  -0.008229   0.000425  -0.126997
  173  H  11  S  -0.129500  -0.097203   0.090748   0.032377  -0.007673
  174  H  11  S   0.300917  -0.043059  -0.274392  -0.037130   0.023650
  175  H  11  S  -0.061567  -0.305810   0.108666   0.434409  -0.048192
  176  H  11  X  -0.006372  -0.045535  -0.079311  -0.137438   0.047033
  177  H  11  Y   0.023339  -0.148062  -0.185027  -0.285051   0.001160
  178  H  11  Z  -0.005126   0.001017  -0.001854   0.005051   0.477756
  179  H  12  S   0.124967  -0.154576   0.137728  -0.017542  -0.028583
  180  H  12  S  -0.232086   0.404494  -0.470446   0.100521   0.085157
  181  H  12  S  -0.782454   0.048620  -0.313707  -0.126055  -0.273225
  182  H  12  X  -0.287519   0.036559  -0.172042   0.007816   0.055699
  183  H  12  Y   0.108851  -0.117053   0.000641  -0.038545  -0.202155
  184  H  12  Z   0.014029  -0.019553   0.072405  -0.001647   0.128327
  185  H  13  S   0.126943  -0.117565   0.086492   0.021274  -0.017599
  186  H  13  S  -0.131768   0.250718  -0.152630  -0.059050   0.030950
  187  H  13  S  -0.638992  -0.201005  -0.003332   0.075532   0.317444
  188  H  13  X  -0.221232   0.104523  -0.237655   0.007433  -0.130347
  189  H  13  Y   0.116136  -0.050845  -0.037453  -0.018682  -0.105483
  190  H  13  Z  -0.107136  -0.010339  -0.079668   0.014576   0.066769

                    111        112        113        114        115
                    2.0598     2.0754     2.1494     2.1631     2.1819
                     A          A          A          A          A   
    1  C   1  S   0.000721   0.005000   0.008710   0.007905  -0.006768
    2  C   1  S   0.002861   0.015553   0.038262   0.035813  -0.001035
    3  C   1  S   0.100270  -0.393941  -1.365602  -0.998669  -0.193844
    4  C   1  S  -0.214480   0.853902   3.028737   2.240973   0.646507
    5  C   1  S   0.487374  -0.001195  -1.542797  -1.190604   0.770986
    6  C   1  X   0.013034  -0.037600  -0.216404   0.053515   0.180320
    7  C   1  Y  -0.063689  -0.042207   0.001645   0.071012   0.308184
    8  C   1  Z  -0.014424   0.004109  -0.000712  -0.059593   0.108534
    9  C   1  X  -0.419024   0.089914   1.254069  -0.349461  -1.365469
   10  C   1  Y   0.175587   0.029584   0.206223  -0.457711  -0.803129
   11  C   1  Z   0.056056  -0.021032  -0.033566   0.147433  -0.399321
   12  C   1  X   0.095706   0.288945  -0.320744  -0.487621   0.034721
   13  C   1  Y   0.994544   0.410609   0.189889   0.380738   1.027136
   14  C   1  Z   0.086183  -0.464004   0.000882  -0.172637   0.222434
   15  C   1 XX   0.156808  -0.031102  -0.401470  -0.355963   0.087222
   16  C   1 YY   0.012927  -0.243310  -0.710591  -0.419240  -0.177412
   17  C   1 ZZ   0.017931  -0.227669  -0.713414  -0.483120  -0.048039
   18  C   1 XY   0.282030   0.099491  -0.053656  -0.031100   0.244520
   19  C   1 XZ   0.065245  -0.087004  -0.027888  -0.029620   0.023524
   20  C   1 YZ   0.058593  -0.058328   0.011785   0.136918  -0.374674
   21  C   2  S   0.011356   0.006358  -0.005556  -0.000675  -0.003461
   22  C   2  S   0.041135   0.029012  -0.014596   0.003137   0.006219
   23  C   2  S  -2.292754  -1.751712   0.819083  -0.402815  -1.007381
   24  C   2  S   5.247988   4.104416  -1.856425   0.951135   2.579357
   25  C   2  S  -3.779041  -2.669242   1.331007  -0.513059  -2.439215
   26  C   2  X  -0.035982   0.004809   0.049525   0.070993  -0.123911
   27  C   2  Y  -0.142678  -0.076362   0.013665  -0.046358  -0.325846
   28  C   2  Z   0.040364  -0.048425   0.001911   0.045495  -0.171613
   29  C   2  X   0.168115  -0.173625  -0.591964  -0.027956   0.887548
   30  C   2  Y   0.453254   0.227333   0.142545  -0.023604   0.454093
   31  C   2  Z  -0.116526   0.128543  -0.005819  -0.205808   0.696288
   32  C   2  X   0.749943   0.642700   0.224571   0.119332  -0.033022
   33  C   2  Y   0.411118   0.098190  -0.282645   0.392941   0.007802
   34  C   2  Z   0.197397   0.066478   0.001148   0.132553  -0.284538
   35  C   2 XX  -1.127299  -0.865446   0.532674  -0.229650  -0.517517
   36  C   2 YY  -1.074366  -0.842561   0.352015  -0.218098  -0.549445
   37  C   2 ZZ  -1.031500  -0.735254   0.300854  -0.121180  -0.285093
   38  C   2 XY  -0.190056  -0.096197   0.186124  -0.198195  -0.130512
   39  C   2 XZ  -0.015479  -0.036327   0.006815   0.039967  -0.177249
   40  C   2 YZ   0.082929  -0.100821  -0.002686   0.057558  -0.191129
   41  C   3  S   0.001925  -0.007104  -0.001831   0.008024   0.011292
   42  C   3  S  -0.008646  -0.030830  -0.008213   0.017037   0.035805
   43  C   3  S   0.693539   1.470049   0.442107  -0.582075  -1.364151
   44  C   3  S  -1.867735  -3.463817  -1.012866   1.156414   2.997617
   45  C   3  S   2.373825   2.058726  -0.305853  -0.233032  -0.054260
   46  C   3  X  -0.135805  -0.059102  -0.000344  -0.086059  -0.057270
   47  C   3  Y   0.207717   0.079239  -0.030011   0.076432   0.043915
   48  C   3  Z   0.031231   0.006252   0.001668  -0.030996   0.099192
   49  C   3  X   0.116070  -0.006403  -0.169308   0.075566   0.224163
   50  C   3  Y  -0.616464  -0.112481   0.293311  -0.274919  -0.515595
   51  C   3  Z  -0.064882  -0.030905  -0.003956   0.113253  -0.386479
   52  C   3  X   0.418945   0.446381  -0.337981   0.298499   0.578103
   53  C   3  Y  -0.712422  -0.713130   0.446211  -0.187834  -0.120048
   54  C   3  Z  -0.269587   0.066880  -0.004824  -0.057640   0.159464
   55  C   3 XX   0.278570   0.608046   0.172596  -0.249815  -0.559313
   56  C   3 YY   0.446905   0.791528   0.141292  -0.223456  -0.588422
   57  C   3 ZZ   0.158182   0.604534   0.292266  -0.390805  -0.739637
   58  C   3 XY  -0.024236  -0.025446   0.028428   0.012084   0.022592
   59  C   3 XZ   0.091255  -0.045299   0.005402   0.073561  -0.258537
   60  C   3 YZ   0.079239  -0.016833   0.000204  -0.025746   0.089087
   61  N   4  S   0.004709  -0.000813  -0.003889   0.007562   0.011759
   62  N   4  S   0.003335  -0.004121  -0.005040   0.008764   0.013427
   63  N   4  S   0.073881   0.070535  -0.052175   0.086194   0.137153
   64  N   4  S  -0.164872  -0.095975   0.139969  -0.293335  -0.459082
   65  N   4  S  -0.756108  -0.405484   0.264889  -0.017283  -0.341250
   66  N   4  X  -0.145235  -0.079747   0.057850  -0.030747  -0.061680
   67  N   4  Y   0.127854   0.060067  -0.044506   0.104357   0.185369
   68  N   4  Z   0.416901  -0.052963   0.008351  -0.002906  -0.008479
   69  N   4  X   0.263565   0.241292  -0.070611   0.006144  -0.039492
   70  N   4  Y  -0.048905  -0.013266   0.036788  -0.126125  -0.195956
   71  N   4  Z  -0.520488   0.068299  -0.010387   0.005548   0.005124
   72  N   4  X  -0.534977  -0.265706   0.277542  -0.112760  -0.251744
   73  N   4  Y   0.262458   0.077741  -0.362233   0.490554   0.946271
   74  N   4  Z   0.655050  -0.140512   0.020790  -0.009224   0.001799
   75  N   4 XX   0.071663   0.066050  -0.079659   0.097376   0.162036
   76  N   4 YY   0.029781   0.016051  -0.018580   0.025107   0.019710
   77  N   4 ZZ  -0.026654   0.016956   0.027985  -0.024367  -0.028486
   78  N   4 XY  -0.043237  -0.032996   0.049756  -0.031950  -0.029148
   79  N   4 XZ   0.131535  -0.020261  -0.000791  -0.002322   0.025932
   80  N   4 YZ  -0.068929   0.019196  -0.003249  -0.014418   0.047111
   81  C   5  S  -0.005930  -0.008755  -0.004665  -0.001486   0.005444
   82  C   5  S  -0.018259  -0.025313  -0.016054  -0.003209   0.015916
   83  C   5  S   0.115250   0.576234   0.776766  -0.239305  -0.913884
   84  C   5  S  -0.210322  -1.204443  -1.736884   0.524025   1.884845
   85  C   5  S   1.310475   0.527468  -0.504007   1.063345   1.802964
   86  C   5  X   0.143323   0.109622  -0.068229   0.066337  -0.017085
   87  C   5  Y  -0.060257  -0.055998   0.006286   0.007615  -0.106142
   88  C   5  Z   0.039353   0.000745   0.004781   0.015464  -0.035947
   89  C   5  X  -0.650480  -0.533967   0.311073  -0.376598  -0.070895
   90  C   5  Y   0.263514   0.240974   0.002506  -0.030433   0.264115
   91  C   5  Z  -0.097739  -0.008399  -0.010582  -0.039283   0.082443
   92  C   5  X   0.300615   0.248345  -0.048383   0.113620   0.219736
   93  C   5  Y  -0.437138  -0.300416  -0.059991  -0.107311  -0.085003
   94  C   5  Z  -0.263844   0.192642  -0.017691   0.051184  -0.043566
   95  C   5 XX  -0.043877   0.191722   0.395801  -0.155873  -0.313245
   96  C   5 YY   0.175115   0.298311   0.300285  -0.011491  -0.319380
   97  C   5 ZZ  -0.047942   0.268066   0.389492  -0.207962  -0.684734
   98  C   5 XY   0.076377   0.076183  -0.051369   0.110105   0.133892
   99  C   5 XZ  -0.040750   0.036972  -0.006907  -0.017873   0.069969
  100  C   5 YZ  -0.124735   0.030978   0.001417  -0.009447   0.027558
  101  N   6  S   0.003608   0.000902   0.007798  -0.001172   0.008257
  102  N   6  S  -0.013879  -0.006736   0.029248  -0.005547   0.000595
  103  N   6  S   0.622411   0.280149  -0.600706   0.130113   0.310595
  104  N   6  S  -1.395996  -0.640052   1.123958  -0.258174  -0.693121
  105  N   6  S   0.401955   0.568977   0.768577  -0.381930  -1.443494
  106  N   6  X   0.185578   0.130851  -0.057577   0.076196   0.022742
  107  N   6  Y   0.046760   0.010895   0.045944   0.001605   0.146645
  108  N   6  Z  -0.021892  -0.104443   0.001585   0.023133  -0.084862
  109  N   6  X  -0.776820  -0.529365   0.294745  -0.486335  -0.545147
  110  N   6  Y  -0.147412  -0.007162  -0.021510  -0.039607  -0.632685
  111  N   6  Z   0.036718   0.100071  -0.005133  -0.026771   0.107531
  112  N   6  X   1.200152   0.537967  -0.166928   0.722830   0.371935
  113  N   6  Y   0.058090   0.161902   0.372364  -0.064246  -0.251000
  114  N   6  Z   0.058861  -0.013186   0.023049   0.035463  -0.053196
  115  N   6 XX   0.314818   0.118526  -0.321475   0.041371   0.150191
  116  N   6 YY   0.292260   0.159798  -0.254807   0.091681   0.213411
  117  N   6 ZZ   0.293020   0.134771  -0.351840   0.064505   0.041438
  118  N   6 XY   0.084650   0.054265  -0.019475   0.028647   0.005413
  119  N   6 XZ  -0.042938   0.049000  -0.003861  -0.019864   0.075121
  120  N   6 YZ  -0.050270   0.041298  -0.002027  -0.001660  -0.008956
  121  O   7  S  -0.005063  -0.000835   0.001753  -0.001847  -0.001628
  122  O   7  S  -0.003257  -0.001766  -0.000853  -0.001795  -0.006024
  123  O   7  S  -0.161527   0.001788   0.117523  -0.060882   0.071377
  124  O   7  S   0.453332   0.023233  -0.295433   0.190219  -0.058762
  125  O   7  S  -0.634120  -0.214318   0.440730  -0.505243  -0.561224
  126  O   7  X  -0.002213   0.014393   0.020680  -0.026660  -0.013484
  127  O   7  Y  -0.046302  -0.030012   0.022671  -0.004627  -0.031024
  128  O   7  Z  -0.043249   0.035199  -0.001630   0.004011   0.013907
  129  O   7  X  -0.049596  -0.027902   0.063690  -0.084440  -0.152697
  130  O   7  Y  -0.026978  -0.023904   0.023164  -0.043221  -0.088791
  131  O   7  Z   0.002768  -0.002719   0.000228  -0.003327  -0.000618
  132  O   7  X  -0.111335  -0.042235   0.103889  -0.094588  -0.144901
  133  O   7  Y  -0.111626  -0.033424   0.096095  -0.080637  -0.017585
  134  O   7  Z   0.086853  -0.076197   0.007118  -0.015489   0.001428
  135  O   7 XX  -0.085802  -0.006409   0.060118  -0.025359   0.047817
  136  O   7 YY  -0.072346   0.001442   0.058379  -0.042525   0.036315
  137  O   7 ZZ  -0.074927   0.005756   0.053524  -0.025871   0.019805
  138  O   7 XY  -0.007411  -0.000637   0.010735  -0.012753  -0.000152
  139  O   7 XZ   0.016368  -0.005990   0.000496   0.004430  -0.014444
  140  O   7 YZ   0.009848  -0.005287   0.000719   0.002490  -0.009209
  141  N   8  S  -0.009230   0.000437   0.039606   0.033706  -0.002115
  142  N   8  S  -0.014284  -0.034125   0.161201   0.158906   0.011099
  143  N   8  S   0.074881   1.034411  -3.074560  -3.159229  -0.348622
  144  N   8  S  -0.024238  -2.247095   5.999818   6.269946   0.794889
  145  N   8  S  -0.004783   0.251381  -0.345003   0.273367   0.302695
  146  N   8  X   0.087824  -0.010653  -0.019068  -0.600054  -0.061233
  147  N   8  Y   0.246054   0.157819   0.588934  -0.257437   0.098623
  148  N   8  Z  -0.314243   0.846935  -0.115083  -0.041967  -0.094783
  149  N   8  X  -0.364498  -0.049890   0.349365   1.410960   0.021722
  150  N   8  Y  -0.509205  -0.442822  -1.687916   0.706872   0.041687
  151  N   8  Z   0.372332  -1.102410   0.183411   0.180890   0.172751
  152  N   8  X   0.312211   0.227464  -0.342463  -0.675609  -0.303793
  153  N   8  Y   0.776653   0.468192   0.127934   0.577576  -0.287291
  154  N   8  Z  -0.311140   0.921266  -0.046274   0.062826  -0.084797
  155  N   8 XX   0.068889   0.555784  -1.700576  -1.335203  -0.312581
  156  N   8 YY  -0.031760   0.497654  -1.096468  -1.521591   0.006384
  157  N   8 ZZ   0.128529   0.429035  -1.786386  -1.776818  -0.150920
  158  N   8 XY  -0.022231   0.000468  -0.027537   0.287423  -0.136931
  159  N   8 XZ   0.084004  -0.163428   0.001514   0.136028  -0.083427
  160  N   8 YZ  -0.020589   0.094066  -0.103965   0.129861  -0.007870
  161  H   9  S  -0.130228  -0.088489   0.131110  -0.120793  -0.013771
  162  H   9  S   0.235528   0.264938  -0.230921   0.355048  -0.190935
  163  H   9  S  -0.501894  -0.308551   0.092333  -0.624064   0.023671
  164  H   9  X   0.029516  -0.008271  -0.031102   0.082915   0.165074
  165  H   9  Y   0.018448   0.045011  -0.007826  -0.048328  -0.108504
  166  H   9  Z   0.004994  -0.023865   0.004908   0.092078  -0.272709
  167  H  10  S   0.025147   0.041182  -0.064732   0.054875  -0.005684
  168  H  10  S   0.037544  -0.111096   0.054070   0.002277   0.097214
  169  H  10  S   0.350461   0.443027  -0.311245   0.165458   0.107995
  170  H  10  X  -0.061814  -0.042515   0.075519  -0.079600  -0.063307
  171  H  10  Y  -0.065071  -0.042327   0.021454  -0.039197  -0.032973
  172  H  10  Z   0.055793   0.006317  -0.000967  -0.049121   0.172557
  173  H  11  S  -0.011133   0.006725  -0.037179   0.041817   0.029902
  174  H  11  S   0.043545   0.040301   0.124013  -0.143200  -0.157848
  175  H  11  S  -0.055147   0.067281   0.062206   0.013713  -0.039617
  176  H  11  X   0.095889   0.058426  -0.048698   0.030446   0.041008
  177  H  11  Y  -0.007818   0.005768  -0.003784  -0.046293  -0.098654
  178  H  11  Z  -0.305634   0.058250  -0.005302  -0.004594   0.004974
  179  H  12  S  -0.067943  -0.094180   0.085016   0.815527  -0.071558
  180  H  12  S   0.176649   0.208105   0.221840  -2.464955   0.251604
  181  H  12  S  -0.574513  -0.592141  -0.093610   1.295213  -0.007879
  182  H  12  X   0.093123   0.025711   0.006747   0.179357  -0.027466
  183  H  12  Y  -0.357723  -0.215886  -0.153262   0.148673   0.231390
  184  H  12  Z   0.163173  -0.267495  -0.116648   0.048736   0.025554
  185  H  13  S  -0.038362  -0.056653   0.791911   0.125882   0.219454
  186  H  13  S   0.087943   0.029688  -2.356018   0.092579  -0.586120
  187  H  13  S   0.566299   0.277545   1.216410   0.266607   0.293027
  188  H  13  X  -0.233490  -0.185252  -0.135045   0.077942   0.215642
  189  H  13  Y  -0.178255  -0.099282  -0.240461   0.036423   0.060755
  190  H  13  Z   0.093023  -0.352403   0.038110  -0.111854  -0.013123

                    116        117        118        119        120
                    2.1906     2.2160     2.2961     2.3129     2.3374
                     A          A          A          A          A   
    1  C   1  S  -0.007706   0.007560   0.008816   0.026005  -0.011221
    2  C   1  S  -0.013384   0.028215   0.024414   0.082023  -0.016200
    3  C   1  S   0.297044  -1.336269  -1.036005  -3.686471   0.427502
    4  C   1  S  -0.512980   3.055375   2.197677   7.943820  -0.585324
    5  C   1  S   0.894851  -1.648230  -0.412012  -1.882016  -0.532630
    6  C   1  X   0.140809  -0.066810   0.267411  -0.072968  -0.246212
    7  C   1  Y   0.197573  -0.083181  -0.156852   0.210899   0.274596
    8  C   1  Z  -0.139216  -0.001359   0.002803   0.027742  -0.019389
    9  C   1  X  -0.996245   0.268961  -1.286433  -0.022813   0.799000
   10  C   1  Y  -0.415569   0.427249   0.865451  -1.365150  -0.798388
   11  C   1  Z   0.536888   0.006237  -0.010355  -0.046748   0.127851
   12  C   1  X   0.049997   0.753421  -0.352733  -0.311312   0.015486
   13  C   1  Y   0.763397   0.297774   0.328210  -1.032665  -0.881969
   14  C   1  Z  -0.253196  -0.018036   0.039766  -0.145521  -0.429450
   15  C   1 XX   0.232549  -0.661900  -0.523657  -1.246011   0.219412
   16  C   1 YY   0.061634  -0.637986  -0.376168  -1.734313   0.127159
   17  C   1 ZZ   0.180978  -0.556283  -0.588511  -2.210856   0.374357
   18  C   1 XY   0.186780  -0.028041  -0.098076   0.054490   0.065398
   19  C   1 XZ  -0.016283   0.001405   0.004351  -0.145170  -0.083045
   20  C   1 YZ   0.443725   0.008357  -0.010189   0.081129   0.047864
   21  C   2  S  -0.001145   0.001937  -0.010417  -0.002253  -0.020720
   22  C   2  S   0.007780  -0.000358  -0.021593  -0.002114  -0.043018
   23  C   2  S  -0.854703   0.020600   0.467640  -0.256978   1.419155
   24  C   2  S   2.156928  -0.138779  -0.596802   0.646587  -2.771906
   25  C   2  S  -1.972296  -1.139021  -2.534627   0.737092   2.834978
   26  C   2  X  -0.110883   0.042337  -0.580801   0.082186  -0.084223
   27  C   2  Y  -0.216761   0.008971   0.178903   0.077699  -0.151389
   28  C   2  Z   0.205721   0.005430  -0.010309   0.002943   0.000775
   29  C   2  X   0.664024   0.117067   1.770261  -0.314148  -0.279817
   30  C   2  Y   0.320331   0.114944   0.360303  -0.551349   0.135371
   31  C   2  Z  -0.852367  -0.018403   0.037536   0.007076   0.000066
   32  C   2  X   0.057482  -0.372492   0.245617   0.423810  -0.660574
   33  C   2  Y  -0.045357  -0.292413  -0.406641  -0.841639  -0.429720
   34  C   2  Z   0.289938   0.011621  -0.021472   0.115434   0.195490
   35  C   2 XX  -0.451910   0.017180  -0.100203  -0.075166   0.734966
   36  C   2 YY  -0.461399   0.010305   0.234090  -0.160577   0.591055
   37  C   2 ZZ  -0.241948  -0.042259   0.583229  -0.129605   0.817849
   38  C   2 XY  -0.061500   0.027914  -0.067164  -0.003742   0.201170
   39  C   2 XZ   0.237801   0.008221  -0.009330  -0.114649  -0.153611
   40  C   2 YZ   0.220577  -0.000880   0.004619   0.083614   0.111251
   41  C   3  S   0.004898   0.007253  -0.020793  -0.011185   0.004957
   42  C   3  S   0.017668   0.033185  -0.036264  -0.038885   0.019588
   43  C   3  S  -0.674930  -1.346457   1.070634   1.518715  -0.688938
   44  C   3  S   1.508606   2.970024  -1.806385  -3.293877   1.604601
   45  C   3  S   0.224879   0.349948   2.946776   0.170214  -1.676990
   46  C   3  X  -0.009120  -0.052722   0.337114  -0.091141   0.289770
   47  C   3  Y   0.002649   0.103453  -0.133699  -0.157491  -0.009659
   48  C   3  Z  -0.127811  -0.003583   0.005656   0.031106   0.049276
   49  C   3  X   0.132236  -0.027224  -0.348270   0.381907  -1.100342
   50  C   3  Y  -0.261960  -0.925020  -0.486539   0.685451  -0.041204
   51  C   3  Z   0.510852   0.016455  -0.011973  -0.152083  -0.243874
   52  C   3  X   0.386640   0.823890   0.500785   0.772807  -0.218551
   53  C   3  Y  -0.082640  -0.579568  -0.104562  -0.307289   0.483683
   54  C   3  Z  -0.142093   0.004373   0.016894  -0.020648  -0.024833
   55  C   3 XX  -0.279104  -0.569947   0.224774   0.577114  -0.242678
   56  C   3 YY  -0.280694  -0.599929   0.740100   0.695555  -0.321583
   57  C   3 ZZ  -0.355403  -0.641035   0.761095   0.826010  -0.340686
   58  C   3 XY   0.011161   0.125004  -0.003669  -0.104496   0.260103
   59  C   3 XZ   0.345781   0.010388  -0.012285  -0.054581  -0.038626
   60  C   3 YZ  -0.125720  -0.002935   0.002182   0.040074   0.043837
   61  N   4  S   0.006347   0.026852  -0.003780  -0.010916   0.018153
   62  N   4  S   0.005659   0.120656  -0.033886  -0.010273   0.016590
   63  N   4  S   0.126044  -2.301899   1.046289  -0.187562   0.334696
   64  N   4  S  -0.359492   4.627393  -2.112649   0.560983  -1.000136
   65  N   4  S  -0.214194  -0.511329  -0.267316   0.584875  -0.721619
   66  N   4  X  -0.049630   0.630106   0.038635   0.195171  -0.020785
   67  N   4  Y   0.117480  -0.314963   0.024942  -0.006393   0.104869
   68  N   4  Z   0.000700   0.010976  -0.004880  -0.025393  -0.084794
   69  N   4  X   0.012725  -1.576506  -0.138364   0.007344  -0.420093
   70  N   4  Y  -0.124583   0.706679   0.017857   0.067056  -0.072737
   71  N   4  Z   0.004896  -0.024965   0.006232   0.045454   0.140900
   72  N   4  X  -0.149335  -1.361048  -0.801956   0.326084   0.586254
   73  N   4  Y   0.534389   0.525068  -0.539171   0.590788   0.228204
   74  N   4  Z  -0.049981  -0.016876  -0.010345   0.110178   0.105401
   75  N   4 XX   0.115841  -0.736823   0.561522  -0.028859   0.136894
   76  N   4 YY   0.031879  -1.141726   0.523557  -0.192307   0.237565
   77  N   4 ZZ   0.010372  -1.482460   0.519822  -0.003337   0.035827
   78  N   4 XY  -0.009683  -0.318127  -0.053845  -0.028833   0.119623
   79  N   4 XZ  -0.036003   0.010576   0.002242   0.038898   0.066155
   80  N   4 YZ  -0.069047  -0.007935   0.000731   0.027747   0.033783
   81  C   5  S   0.004280   0.012391   0.016499  -0.016439   0.016777
   82  C   5  S   0.013036   0.046421   0.059703  -0.036987   0.035011
   83  C   5  S  -0.644987  -1.540458  -2.512495   0.875852  -1.265602
   84  C   5  S   1.337974   3.274373   5.456076  -1.715780   2.429612
   85  C   5  S   1.012089   1.141162  -0.171850   0.136691  -0.194414
   86  C   5  X  -0.018959  -0.048439  -0.026803   0.138448  -0.236376
   87  C   5  Y  -0.075948   0.009382   0.119512   0.000613  -0.227199
   88  C   5  Z   0.042200   0.000052  -0.003680   0.017670   0.022268
   89  C   5  X  -0.010985   0.482640   0.096026  -0.971039   0.814875
   90  C   5  Y   0.151710   0.191862  -0.656443   0.110786   0.828129
   91  C   5  Z  -0.099618   0.003582   0.012485  -0.030801  -0.023250
   92  C   5  X   0.149769   0.888709   0.241817   0.090427  -0.601646
   93  C   5  Y  -0.061583  -0.357176  -0.294493  -0.048786   0.296753
   94  C   5  Z   0.069668   0.014940  -0.000224  -0.189067  -0.216125
   95  C   5 XX  -0.196953  -0.646223  -0.890661   0.439613  -0.617515
   96  C   5 YY  -0.244283  -0.551748  -1.058622   0.286180  -0.406167
   97  C   5 ZZ  -0.474271  -0.870811  -1.513176   0.517063  -0.857586
   98  C   5 XY   0.075733   0.061385  -0.105873   0.381658  -0.029193
   99  C   5 XZ  -0.078732   0.001930   0.009252   0.006351   0.053293
  100  C   5 YZ  -0.032148  -0.004710  -0.005791  -0.024768  -0.077443
  101  N   6  S   0.005774   0.000791   0.013816   0.004851   0.004811
  102  N   6  S   0.003089  -0.006835   0.034337   0.031250  -0.001139
  103  N   6  S   0.122619   0.321004  -0.422229  -0.905234   0.296076
  104  N   6  S  -0.272814  -0.715809   0.712832   1.861745  -0.726067
  105  N   6  S  -1.019398  -0.001988  -1.077199  -0.713729   0.199248
  106  N   6  X  -0.006389  -0.017947   0.003978   0.081738   0.125964
  107  N   6  Y   0.116584  -0.092692  -0.182973   0.116498  -0.049507
  108  N   6  Z   0.079237   0.000786  -0.012953   0.354159   0.547171
  109  N   6  X  -0.257853   0.300731   0.377521  -1.027781  -0.088746
  110  N   6  Y  -0.463419   0.048173  -0.130322  -0.417674   0.023524
  111  N   6  Z  -0.090900   0.001640   0.026787  -0.564888  -0.881860
  112  N   6  X   0.093543   0.669194   0.319611  -0.169776  -0.171802
  113  N   6  Y  -0.170054   0.033345  -0.130390   0.471794   0.004455
  114  N   6  Z   0.057661   0.002969  -0.010068   0.453257   0.680933
  115  N   6 XX   0.061562   0.176854  -0.234822  -0.588482   0.148816
  116  N   6 YY   0.106754   0.124091  -0.117938  -0.133032   0.117122
  117  N   6 ZZ  -0.026316   0.189654  -0.317346  -0.675918   0.157568
  118  N   6 XY  -0.006933  -0.000943  -0.069337   0.032490   0.062040
  119  N   6 XZ  -0.089054  -0.002218   0.003634  -0.024373  -0.041969
  120  N   6 YZ  -0.002571  -0.000085  -0.006759   0.118833   0.140907
  121  O   7  S  -0.000412   0.000958  -0.000311   0.006914  -0.000431
  122  O   7  S  -0.004028   0.011239   0.011427  -0.007391  -0.006719
  123  O   7  S   0.081690  -0.317439  -0.388018   0.475687   0.196993
  124  O   7  S  -0.122642   0.664677   0.863761  -1.069366  -0.431105
  125  O   7  S  -0.323140  -0.120270  -0.792322  -0.174988   0.543916
  126  O   7  X  -0.004138   0.010893  -0.076519   0.061796  -0.023927
  127  O   7  Y  -0.022019  -0.044154  -0.079188  -0.001551   0.053820
  128  O   7  Z  -0.012748   0.000297  -0.000782  -0.032742  -0.031679
  129  O   7  X  -0.108081  -0.077058  -0.136974  -0.289915   0.099121
  130  O   7  Y  -0.064340   0.046188  -0.032728  -0.179735   0.015605
  131  O   7  Z  -0.002069  -0.001008  -0.000325   0.024745   0.028649
  132  O   7  X  -0.094598  -0.147610  -0.235098   0.021910   0.279978
  133  O   7  Y   0.010980  -0.125226  -0.100250   0.038805   0.034752
  134  O   7  Z  -0.006127  -0.001631   0.001399   0.041383   0.035510
  135  O   7 XX   0.048197  -0.158894  -0.205746   0.216402   0.142609
  136  O   7 YY   0.043020  -0.130377  -0.141282   0.190888   0.101369
  137  O   7 ZZ   0.027824  -0.195407  -0.238238   0.257432   0.058072
  138  O   7 XY   0.001064  -0.010244  -0.027803   0.020504   0.007307
  139  O   7 XZ   0.016877   0.000847  -0.000228   0.008846   0.016579
  140  O   7 YZ   0.009942  -0.000555  -0.001715  -0.004195  -0.016183
  141  N   8  S  -0.008364  -0.001782   0.001091   0.013855  -0.000684
  142  N   8  S  -0.038149  -0.006473   0.016665  -0.013778   0.003108
  143  N   8  S   0.799518   0.071014  -0.498164   0.940999  -0.171318
  144  N   8  S  -1.589180  -0.132844   1.019930  -2.307067   0.398310
  145  N   8  S   0.455672  -0.081791   0.952308   0.052479  -0.784749
  146  N   8  X   0.082640   0.022629  -0.048555   0.353518  -0.070260
  147  N   8  Y   0.140103   0.011013   0.120010  -0.189833  -0.161684
  148  N   8  Z   0.261079   0.025396  -0.073979  -0.237259   0.040488
  149  N   8  X  -0.362557  -0.060286  -0.191297  -0.043270   0.325846
  150  N   8  Y  -0.143946  -0.087891  -0.152809   0.219884   0.290200
  151  N   8  Z  -0.391879  -0.047623   0.124021   0.346348  -0.054164
  152  N   8  X  -0.150417   0.031005  -0.296573   0.434361   0.365521
  153  N   8  Y  -0.387337  -0.126258   0.015549   0.364180   0.384305
  154  N   8  Z   0.159601   0.034694  -0.042085  -0.089677   0.145989
  155  N   8 XX   0.255632   0.015646  -0.181710   0.490122  -0.099672
  156  N   8 YY   0.515814   0.037112  -0.221800   0.445945  -0.137683
  157  N   8 ZZ   0.425742   0.038961  -0.338457   0.306666  -0.023799
  158  N   8 XY  -0.177626  -0.002740  -0.013016   0.021014   0.038990
  159  N   8 XZ   0.026864  -0.008257  -0.006354   0.005424   0.001157
  160  N   8 YZ  -0.064744  -0.017205  -0.005166   0.079663   0.050939
  161  H   9  S   0.004162   0.115495  -0.184744  -0.036868   0.253211
  162  H   9  S  -0.172805  -0.079639  -0.091826   0.215099  -0.534146
  163  H   9  S   0.085356   0.335379  -0.005168   0.030525   0.614494
  164  H   9  X   0.096270   0.013282  -0.135120  -0.078946  -0.037538
  165  H   9  Y  -0.055948  -0.042866   0.349301   0.089374   0.067948
  166  H   9  Z   0.342278   0.008735  -0.018944   0.052462   0.043752
  167  H  10  S  -0.004994  -0.138543   0.356038   0.052370  -0.037029
  168  H  10  S   0.024075   0.503101  -0.600544  -0.248335   0.093711
  169  H  10  S   0.070689   0.259830   0.216562   0.453532  -0.265407
  170  H  10  X  -0.023012  -0.023106   0.137220  -0.107467   0.459253
  171  H  10  Y  -0.018841   0.025714   0.020949  -0.026514   0.075952
  172  H  10  Z  -0.226962  -0.005022   0.003879   0.071724   0.132765
  173  H  11  S  -0.003049   0.804304   0.024392   0.112639  -0.163227
  174  H  11  S  -0.032360  -2.906719  -0.176923  -0.343414   0.415938
  175  H  11  S  -0.025954   0.852343  -0.015930   0.354430  -0.082570
  176  H  11  X   0.028584  -0.097434   0.124482  -0.044279  -0.072257
  177  H  11  Y  -0.058475   0.081998   0.254794  -0.053007  -0.159148
  178  H  11  Z   0.006577  -0.000908  -0.000884  -0.051728  -0.079824
  179  H  12  S  -0.262338  -0.048516   0.004519  -0.083131   0.019533
  180  H  12  S   0.825899   0.170200  -0.043807  -0.011441  -0.321131
  181  H  12  S  -0.310121  -0.187007   0.121444  -0.245818  -0.045571
  182  H  12  X  -0.089292   0.015977  -0.062888  -0.123934   0.110969
  183  H  12  Y   0.164689  -0.064316   0.004962   0.057127  -0.099064
  184  H  12  Z  -0.111119  -0.014882  -0.009006  -0.045402   0.025201
  185  H  13  S   0.144911   0.004779   0.057047  -0.233408  -0.086826
  186  H  13  S  -0.510172  -0.043154  -0.357516   0.607743   0.547713
  187  H  13  S   0.168883  -0.070353   0.149685  -0.145300  -0.146662
  188  H  13  X   0.186662  -0.069193   0.033895   0.015261  -0.124227
  189  H  13  Y   0.072170  -0.011387  -0.019153   0.113398  -0.021938
  190  H  13  Z   0.107578  -0.001797   0.019194  -0.110925  -0.119487

                    121        122        123        124        125
                    2.3474     2.3716     2.3856     2.4224     2.4567
                     A          A          A          A          A   
    1  C   1  S   0.004654  -0.025197   0.001019  -0.002060   0.012754
    2  C   1  S   0.027655  -0.055097   0.004520  -0.012184   0.043840
    3  C   1  S  -1.418308   1.144543  -0.190030   1.017047  -1.364558
    4  C   1  S   3.264878  -2.228074   0.423175  -2.296870   2.944986
    5  C   1  S  -1.242756   1.673843  -0.221168  -0.365606  -0.758734
    6  C   1  X  -0.197815  -0.070545  -0.014518   0.015558   0.160052
    7  C   1  Y   0.282887   0.173946   0.006078  -0.355677   0.040409
    8  C   1  Z   0.031525  -0.014606  -0.069381  -0.025158  -0.044574
    9  C   1  X   0.489857  -0.040602  -0.008489  -0.103245  -0.895788
   10  C   1  Y  -1.225704   0.343230  -0.057076   0.962941  -0.598735
   11  C   1  Z  -0.215471   0.053354   0.291907   0.107456   0.222648
   12  C   1  X  -0.128864  -0.698814  -0.026002  -0.129628   0.466931
   13  C   1  Y  -1.238365  -0.308431  -0.238330  -1.109474  -0.103831
   14  C   1  Z   0.542267  -0.076858   0.157731  -0.157334  -0.301612
   15  C   1 XX  -0.442376   0.627534  -0.069409   0.263192  -0.545397
   16  C   1 YY  -0.690193   0.425994  -0.074901   0.544249  -0.536155
   17  C   1 ZZ  -0.787580   0.595873  -0.112297   0.647808  -0.749875
   18  C   1 XY   0.080629   0.036493   0.034937  -0.070717   0.282054
   19  C   1 XZ   0.078016   0.023396   0.066138   0.070148   0.058393
   20  C   1 YZ  -0.039808  -0.007327   0.222551  -0.072812  -0.008370
   21  C   2  S  -0.013037  -0.014849   0.000317   0.009031   0.000452
   22  C   2  S  -0.026111  -0.040079  -0.000084   0.009004   0.005643
   23  C   2  S   0.756141   1.204593   0.054938   0.115581  -0.046524
   24  C   2  S  -1.428873  -2.487233  -0.132029  -0.495231   0.123903
   25  C   2  S   2.388840  -0.018709   0.327721   1.154940   0.624434
   26  C   2  X  -0.012113   0.113793   0.001780  -0.135179  -0.059529
   27  C   2  Y  -0.037605  -0.335944   0.026130   0.304928   0.111738
   28  C   2  Z   0.019209   0.009990  -0.050157   0.006992   0.008377
   29  C   2  X  -0.340700  -0.330051  -0.064718   0.050641   0.086044
   30  C   2  Y  -0.243542   0.943886  -0.051670  -0.415003  -0.305823
   31  C   2  Z  -0.098534  -0.044099   0.178988  -0.011893   0.151003
   32  C   2  X  -0.222431   0.755417   0.085208   0.706566  -0.278767
   33  C   2  Y  -0.636966   0.174900   0.017847   1.557053  -0.048230
   34  C   2  Z  -0.153604   0.068403  -0.266283   0.070563   0.054988
   35  C   2 XX   0.421206   0.780009   0.051080   0.050956   0.020740
   36  C   2 YY   0.287465   0.251444   0.007377   0.077166  -0.003161
   37  C   2 ZZ   0.443537   0.647991   0.018311  -0.047201  -0.025729
   38  C   2 XY   0.136313  -0.011092   0.011642   0.067401  -0.019811
   39  C   2 XZ   0.253701   0.017891  -0.311524   0.045384   0.190202
   40  C   2 YZ  -0.206196  -0.017304   0.461233  -0.018087   0.252110
   41  C   3  S  -0.002164  -0.000001  -0.001243  -0.011552  -0.000936
   42  C   3  S  -0.006790  -0.012116  -0.004615  -0.035386   0.002304
   43  C   3  S   0.303930   1.056659   0.199105   0.930312   0.073903
   44  C   3  S  -0.594781  -2.453810  -0.439683  -2.037929  -0.013673
   45  C   3  S  -1.024689   1.059318   0.036677   0.808408  -0.557891
   46  C   3  X   0.149977  -0.234552   0.014590   0.159489  -0.008445
   47  C   3  Y  -0.081250   0.004884  -0.016261  -0.082709  -0.085398
   48  C   3  Z  -0.078073  -0.007361   0.066987   0.000168   0.015398
   49  C   3  X  -0.553984   0.416747  -0.044071  -0.241706  -0.015376
   50  C   3  Y   0.321167   0.110086   0.092560   0.573680   0.302378
   51  C   3  Z   0.419443   0.032484  -0.580970   0.035790   0.063624
   52  C   3  X   0.186482  -0.536185  -0.040623  -0.864739   0.060546
   53  C   3  Y   0.077865  -0.286432  -0.159039  -2.083218  -0.102587
   54  C   3  Z  -0.069969  -0.037838   0.414966  -0.046565   0.018691
   55  C   3 XX   0.133522   0.337488   0.084555   0.429313  -0.016796
   56  C   3 YY   0.128122   0.499775   0.086687   0.358213   0.016087
   57  C   3 ZZ   0.182214   0.603163   0.102725   0.434682   0.166729
   58  C   3 XY   0.119039  -0.176649  -0.004711  -0.019766   0.006864
   59  C   3 XZ   0.076440   0.018090  -0.076073   0.011565  -0.052848
   60  C   3 YZ  -0.055739  -0.001418   0.068879   0.013869   0.447226
   61  N   4  S   0.006545  -0.015364  -0.000464   0.002060  -0.004877
   62  N   4  S   0.004533   0.003502   0.001929   0.012639  -0.000517
   63  N   4  S   0.175037  -0.850491  -0.081999  -0.353762  -0.233166
   64  N   4  S  -0.477539   2.024004   0.185116   0.725720   0.606353
   65  N   4  S  -0.209890   0.345510  -0.022720   0.000798  -0.139301
   66  N   4  X   0.075578   0.194914   0.024915  -0.243900   0.070355
   67  N   4  Y   0.061528  -0.018452  -0.017017  -0.059879  -0.005815
   68  N   4  Z   0.178823   0.002863  -0.711196   0.048168  -0.122336
   69  N   4  X  -0.260707  -0.213939  -0.020705   0.754405  -0.082115
   70  N   4  Y   0.001766   0.080003   0.041631   0.080030   0.004366
   71  N   4  Z  -0.311276  -0.001845   1.255959  -0.080693   0.267044
   72  N   4  X   0.550328  -0.218076   0.021603  -0.565833  -0.121691
   73  N   4  Y   0.410828  -0.612539  -0.041264  -0.939290   0.282380
   74  N   4  Z  -0.086629   0.002601  -0.708025   0.065153  -0.086210
   75  N   4 XX   0.099098  -0.445426  -0.040096  -0.146644  -0.094440
   76  N   4 YY   0.092611  -0.450803  -0.040581  -0.189330  -0.168437
   77  N   4 ZZ   0.039234  -0.288284  -0.037226  -0.221938  -0.058319
   78  N   4 XY   0.065485   0.087776   0.000037  -0.132139   0.006223
   79  N   4 XZ  -0.111268  -0.004689   0.141609  -0.002260  -0.031160
   80  N   4 YZ  -0.060949  -0.005389   0.046013   0.001899   0.054506
   81  C   5  S   0.003887   0.019238   0.000365   0.010815  -0.004875
   82  C   5  S   0.008282   0.067892   0.003396   0.058941  -0.023378
   83  C   5  S  -0.495152  -2.536867  -0.118931  -2.073662   1.094732
   84  C   5  S   0.967193   5.537714   0.279980   4.806560  -2.465316
   85  C   5  S  -0.123297  -1.807780  -0.172507  -2.654656   0.828705
   86  C   5  X  -0.082794  -0.238804   0.003877   0.200717  -0.104029
   87  C   5  Y  -0.147787   0.206484  -0.005617  -0.020421  -0.004581
   88  C   5  Z  -0.032933  -0.005790   0.039647  -0.002419   0.000023
   89  C   5  X   0.029391   1.554189  -0.057574  -1.212980   0.671189
   90  C   5  Y   0.590948  -0.949522   0.001317  -0.552607   0.386880
   91  C   5  Z   0.037467   0.031277  -0.235462   0.028264  -0.017440
   92  C   5  X  -0.370512  -0.338741   0.000994   0.251213   0.123059
   93  C   5  Y   0.139325  -0.245616  -0.092599  -1.189849   0.001095
   94  C   5  Z   0.312667   0.021445   0.481584  -0.038878  -0.003974
   95  C   5 XX  -0.236735  -0.658761  -0.028046  -0.663084   0.407780
   96  C   5 YY  -0.155679  -1.417559  -0.063189  -0.974550   0.415119
   97  C   5 ZZ  -0.351187  -1.378326  -0.053083  -0.994581   0.652520
   98  C   5 XY   0.183519  -0.442023   0.050115   0.376711  -0.135947
   99  C   5 XZ  -0.067704   0.030145  -0.079871   0.033524   0.021345
  100  C   5 YZ   0.111940  -0.018237  -0.155717  -0.002529  -0.046436
  101  N   6  S   0.005071   0.022271   0.000808  -0.008854   0.012212
  102  N   6  S   0.014641  -0.006467   0.001754  -0.016274   0.006171
  103  N   6  S  -0.281302   1.407243  -0.035079   0.051002   0.377729
  104  N   6  S   0.509399  -3.221684   0.068075   0.051851  -1.004444
  105  N   6  S  -0.250220  -0.797644  -0.051771   0.604485  -0.567766
  106  N   6  X   0.116563  -0.081351  -0.000268  -0.137049   0.039089
  107  N   6  Y   0.045476   0.149181   0.071730   0.846979  -0.025943
  108  N   6  Z  -0.774618   0.021381  -0.464734   0.125155   0.173463
  109  N   6  X  -0.577689   1.058406  -0.063906   0.362493  -0.525899
  110  N   6  Y  -0.209834  -0.795354  -0.148928  -1.206693  -0.307289
  111  N   6  Z   1.265084  -0.017650   0.805653  -0.221245  -0.297987
  112  N   6  X  -0.131410  -0.297085   0.027507  -0.044853   0.223546
  113  N   6  Y   0.270030   0.276284   0.159886   1.603552  -0.119417
  114  N   6  Z  -0.995449  -0.000771  -0.722073   0.150944   0.243031
  115  N   6 XX  -0.204252   0.716712  -0.025817   0.040259   0.257687
  116  N   6 YY  -0.007328   0.916783   0.023002   0.282556   0.064668
  117  N   6 ZZ  -0.243168   0.399843  -0.057181  -0.215486   0.174202
  118  N   6 XY   0.061416  -0.133184   0.001317  -0.068617   0.045540
  119  N   6 XZ   0.065059   0.001727  -0.123079   0.017391  -0.020475
  120  N   6 YZ  -0.195339  -0.019909  -0.271893   0.015384   0.048327
  121  O   7  S   0.003503   0.000451   0.001532   0.014899  -0.006001
  122  O   7  S  -0.008411   0.009867  -0.001182   0.003508  -0.008809
  123  O   7  S   0.391174  -0.272978   0.097604   0.519973   0.006921
  124  O   7  S  -0.872899   0.526509  -0.225509  -1.275878   0.048088
  125  O   7  S   0.257997   0.307194   0.012063  -0.549611   0.529273
  126  O   7  X   0.013854  -0.052921   0.008201   0.023828   0.069914
  127  O   7  Y   0.042606  -0.008824   0.006823  -0.024807  -0.019627
  128  O   7  Z   0.050260   0.007431   0.065995  -0.004473   0.002071
  129  O   7  X  -0.094865   0.114402  -0.052831  -0.565717   0.203589
  130  O   7  Y  -0.092492   0.023946  -0.036722  -0.322237   0.154512
  131  O   7  Z  -0.043904  -0.004369  -0.071605   0.006402   0.001015
  132  O   7  X   0.208355   0.004758   0.024615  -0.007126   0.072479
  133  O   7  Y   0.043338   0.253310   0.025848   0.135118   0.057831
  134  O   7  Z  -0.057244  -0.012863  -0.044535  -0.003690  -0.004985
  135  O   7 XX   0.216008  -0.178575   0.047073   0.231175  -0.013581
  136  O   7 YY   0.168482  -0.051276   0.040592   0.213181   0.028435
  137  O   7 ZZ   0.180874  -0.178027   0.050169   0.263038   0.021041
  138  O   7 XY   0.014358   0.010278   0.003637   0.002484   0.027959
  139  O   7 XZ  -0.024218   0.000607   0.022643  -0.000071   0.009894
  140  O   7 YZ   0.024395  -0.004770   0.000250  -0.005871  -0.011547
  141  N   8  S   0.007516  -0.005909   0.000751  -0.006888  -0.002582
  142  N   8  S   0.014271  -0.042836   0.000744   0.006837   0.016217
  143  N   8  S  -0.183665   1.096714  -0.011973  -0.494520  -0.649033
  144  N   8  S   0.269717  -2.206366   0.020961   1.204595   1.450069
  145  N   8  S  -0.721531   0.259027  -0.042844   0.121360  -0.185946
  146  N   8  X   0.123676  -0.001017   0.023426  -0.102667  -0.121709
  147  N   8  Y  -0.225895  -0.249737  -0.017065   0.066324  -0.044756
  148  N   8  Z  -0.077184   0.060846   0.174093   0.153020   0.221064
  149  N   8  X   0.150210  -0.054885  -0.075768  -0.138067   0.140401
  150  N   8  Y   0.356537   0.450658   0.012955  -0.182393   0.296129
  151  N   8  Z   0.102235  -0.105435  -0.315432  -0.272352  -0.406281
  152  N   8  X   0.594715   0.415969   0.105133  -0.081723  -0.020581
  153  N   8  Y   0.578651   0.283824   0.121863   0.513738   0.114047
  154  N   8  Z  -0.170181   0.092144   0.081872   0.132275   0.221683
  155  N   8 XX  -0.085128   0.540426   0.000873  -0.211227  -0.340774
  156  N   8 YY  -0.153942   0.503334  -0.021788  -0.316449  -0.284815
  157  N   8 ZZ  -0.101114   0.602386  -0.008525  -0.136702  -0.313981
  158  N   8 XY   0.055854   0.065302   0.011564   0.073688  -0.024809
  159  N   8 XZ   0.081581   0.035979   0.120175   0.007432   0.070062
  160  N   8 YZ   0.018459   0.012028  -0.016786   0.001429  -0.005419
  161  H   9  S   0.150411  -0.036782   0.024307   0.064731   0.083940
  162  H   9  S  -0.260316  -0.031183  -0.038313  -0.169131  -0.139922
  163  H   9  S   0.415874  -0.312159  -0.019470  -0.761091   0.128986
  164  H   9  X  -0.073077   0.086451  -0.020069  -0.080520  -0.019478
  165  H   9  Y   0.094614  -0.164299   0.014229  -0.022630   0.055843
  166  H   9  Z  -0.025803   0.004567  -0.081598  -0.055658  -0.562881
  167  H  10  S  -0.005471   0.001217  -0.015330  -0.261848  -0.025849
  168  H  10  S  -0.049914  -0.023332  -0.004496   0.161962  -0.042239
  169  H  10  S   0.096000   0.153014   0.105912   1.091843   0.079606
  170  H  10  X   0.272159  -0.180194   0.036892   0.131215   0.022890
  171  H  10  Y   0.038481  -0.042430   0.007857   0.047198   0.026045
  172  H  10  Z  -0.228329  -0.013179   0.326125  -0.045751  -0.634764
  173  H  11  S  -0.058919  -0.018604   0.002839   0.016999   0.073818
  174  H  11  S   0.124867  -0.157344  -0.014265   0.216501  -0.206848
  175  H  11  S   0.112177  -0.151783   0.035071  -0.013198  -0.017299
  176  H  11  X  -0.076723  -0.047206  -0.010387   0.099915  -0.034099
  177  H  11  Y  -0.143277   0.163439  -0.026325  -0.115273  -0.022777
  178  H  11  Z   0.129875  -0.003898  -0.249176   0.012642  -0.198171
  179  H  12  S   0.017874   0.118878   0.021429   0.124867   0.025137
  180  H  12  S  -0.316132  -0.415876  -0.014883  -0.200388  -0.186639
  181  H  12  S  -0.205187  -0.128027  -0.066880   0.105994  -0.007117
  182  H  12  X   0.014306   0.123825  -0.020559  -0.016675   0.049457
  183  H  12  Y  -0.077011  -0.175449  -0.026066  -0.034908  -0.029728
  184  H  12  Z   0.076664   0.058768   0.010824   0.077291   0.135451
  185  H  13  S  -0.145591  -0.048124  -0.000692   0.041313   0.013560
  186  H  13  S   0.733981   0.493671   0.078417  -0.050634   0.148232
  187  H  13  S  -0.132265  -0.041896   0.003298   0.164996  -0.044742
  188  H  13  X  -0.068961  -0.227608   0.022326   0.037388   0.007260
  189  H  13  Y   0.033418  -0.020779   0.014000  -0.113687   0.044973
  190  H  13  Z  -0.013446  -0.042316   0.116328   0.080274   0.079116

                    126        127        128        129        130
                    2.4595     2.4872     2.4944     2.5170     2.5574
                     A          A          A          A          A   
    1  C   1  S   0.025193  -0.002071  -0.003892  -0.005772  -0.013090
    2  C   1  S   0.083149   0.013033  -0.014474  -0.016337  -0.053537
    3  C   1  S  -2.273423  -0.977090   0.224287  -0.011141   1.668766
    4  C   1  S   4.868454   2.430020  -0.523597  -0.092736  -3.919364
    5  C   1  S  -1.635416  -0.347289   0.487748   1.382861   2.090806
    6  C   1  X   0.342857   0.156399  -0.064459  -0.023153   0.218886
    7  C   1  Y  -0.010625   0.146865   0.042219   0.108066   0.016551
    8  C   1  Z  -0.022444  -0.004353  -0.008271  -0.087499   0.028591
    9  C   1  X  -1.885816  -1.172211   0.401658   0.336157  -0.814308
   10  C   1  Y  -1.015687  -0.034233  -0.048330  -0.326974  -0.270956
   11  C   1  Z   0.060530   0.017991  -0.055895   0.469757  -0.165990
   12  C   1  X   0.858663   0.430797  -0.110785   0.132720  -0.265315
   13  C   1  Y  -0.367047   1.028445  -0.052151  -0.267994   0.603915
   14  C   1  Z  -0.012718  -0.011307   0.007450  -0.451701   0.180709
   15  C   1 XX  -0.956352  -0.284795   0.107336   0.021678   0.641417
   16  C   1 YY  -0.858536  -0.491904   0.076433   0.068324   0.877849
   17  C   1 ZZ  -1.194863  -0.471265   0.052162  -0.226245   0.638670
   18  C   1 XY   0.535348   0.144468  -0.114190   0.050981   0.315753
   19  C   1 XZ   0.038694   0.009061  -0.025312   0.295801  -0.120039
   20  C   1 YZ  -0.116009  -0.023226  -0.349309  -0.150561   0.094929
   21  C   2  S   0.001432  -0.002707   0.000924   0.009178   0.013580
   22  C   2  S   0.011536  -0.007763   0.001340   0.022367   0.034801
   23  C   2  S  -0.067335   0.223591  -0.176241  -0.765027  -1.364085
   24  C   2  S   0.185582  -0.534398   0.361013   1.559499   2.888752
   25  C   2  S   1.560899  -0.729490  -0.316906  -0.612324  -0.108384
   26  C   2  X  -0.171928  -0.012941   0.055942   0.125048   0.146700
   27  C   2  Y   0.293003  -0.245753  -0.050964  -0.023152   0.022078
   28  C   2  Z   0.003427   0.002254  -0.027336   0.032245  -0.008982
   29  C   2  X   0.184825   0.864101  -0.034617  -0.237576  -0.503621
   30  C   2  Y  -0.785140   1.030741   0.042169  -0.011777  -0.201656
   31  C   2  Z  -0.142389  -0.009045  -0.012301  -0.101877   0.029474
   32  C   2  X  -0.565531  -0.950646   0.178883   0.677622   0.647782
   33  C   2  Y   0.341548  -0.573643  -0.284383  -0.371424   1.280855
   34  C   2  Z   0.051526   0.011888  -0.052498   0.179766  -0.071997
   35  C   2 XX   0.038941   0.101650  -0.112813  -0.293330  -0.524409
   36  C   2 YY   0.031909   0.035377  -0.070045  -0.400935  -0.677473
   37  C   2 ZZ  -0.052754   0.146635  -0.095423  -0.417077  -0.754185
   38  C   2 XY  -0.009074  -0.206155  -0.003195  -0.054024  -0.115981
   39  C   2 XZ  -0.005841   0.003739   0.399937  -0.008658  -0.075013
   40  C   2 YZ  -0.223210  -0.025103  -0.472037   0.085378  -0.003574
   41  C   3  S  -0.005896   0.019393   0.000648   0.002193   0.001244
   42  C   3  S  -0.004936   0.062710  -0.002628  -0.008293  -0.014764
   43  C   3  S   0.369848  -2.289708   0.027171   0.524267   0.301548
   44  C   3  S  -0.447142   4.841417  -0.156545  -1.387695  -0.944331
   45  C   3  S  -1.341873   1.573924   0.369957   0.796895  -0.064397
   46  C   3  X   0.017811   0.210920  -0.020904  -0.130347  -0.035490
   47  C   3  Y  -0.232439   0.423293   0.048541   0.054658   0.032327
   48  C   3  Z  -0.006277  -0.000375   0.040000  -0.018153  -0.000775
   49  C   3  X  -0.049748  -0.855737   0.091281   0.304177   0.046934
   50  C   3  Y   0.908510  -1.956333  -0.178935  -0.083268   0.554847
   51  C   3  Z   0.004499   0.004371   0.003073   0.042714  -0.013508
   52  C   3  X  -0.078962  -0.545281   0.143738   0.218381  -1.113618
   53  C   3  Y  -0.720419   1.774482   0.296521   0.225747  -0.530475
   54  C   3  Z  -0.033976  -0.027056   0.118869  -0.097974   0.027595
   55  C   3 XX   0.063869  -0.984222   0.025052   0.223197   0.130475
   56  C   3 YY   0.096266  -0.880529   0.026868   0.240739   0.033843
   57  C   3 ZZ   0.481536  -1.317006  -0.055946   0.181327   0.034087
   58  C   3 XY   0.041021  -0.003918  -0.022762  -0.122544  -0.203540
   59  C   3 XZ   0.132724   0.012552   0.542471  -0.067972  -0.041313
   60  C   3 YZ  -0.242178  -0.032660  -0.019091  -0.183245   0.092007
   61  N   4  S  -0.008140  -0.002459   0.000591  -0.006321  -0.011794
   62  N   4  S   0.003147  -0.001815  -0.002588  -0.001692   0.051783
   63  N   4  S  -0.552260   0.049695   0.125524  -0.234862  -2.442117
   64  N   4  S   1.360673  -0.012400  -0.290540   0.607104   5.381378
   65  N   4  S  -0.132705  -1.285677   0.051666  -0.180436  -0.800285
   66  N   4  X   0.046390   0.037693   0.008417   0.112722  -0.198816
   67  N   4  Y   0.041972  -0.680940  -0.021729  -0.032226  -0.277845
   68  N   4  Z  -0.004999   0.024492  -0.540419   0.263789  -0.052129
   69  N   4  X   0.119921  -0.725836  -0.029355  -0.112289   0.829484
   70  N   4  Y  -0.083668   0.818481   0.038580   0.118826   0.246890
   71  N   4  Z   0.000019  -0.053245   1.074153  -0.530786   0.115794
   72  N   4  X  -0.341246  -1.399514   0.258471   0.696234   0.536367
   73  N   4  Y   0.454496  -1.285489  -0.035293   0.063158  -1.025608
   74  N   4  Z  -0.009286   0.016472  -0.417368   0.241417  -0.049745
   75  N   4 XX  -0.218840  -0.052424   0.044194  -0.152425  -1.275421
   76  N   4 YY  -0.408515   0.188844   0.089411  -0.071719  -1.224051
   77  N   4 ZZ  -0.163050  -0.007178   0.051652  -0.086330  -1.125038
   78  N   4 XY  -0.017324  -0.027749   0.007235   0.037325  -0.075081
   79  N   4 XZ   0.013802   0.002459  -0.010874   0.048065  -0.033915
   80  N   4 YZ  -0.082514  -0.007524  -0.280286   0.066644   0.003850
   81  C   5  S  -0.005231  -0.017286  -0.000547   0.000330   0.008502
   82  C   5  S  -0.030219  -0.041821   0.002678   0.007984   0.050859
   83  C   5  S   1.598381   2.043189  -0.243362  -0.472240  -2.023962
   84  C   5  S  -3.621717  -4.175316   0.579142   1.068833   4.649760
   85  C   5  S   0.977010   1.096960  -0.080486   0.310027  -1.340800
   86  C   5  X  -0.185905   0.017843   0.075043   0.072155   0.136993
   87  C   5  Y  -0.034434   0.239872   0.014827   0.054002   0.209813
   88  C   5  Z   0.003436  -0.004139   0.062385  -0.036538   0.007650
   89  C   5  X   1.195130   0.925955  -0.607797  -1.067450  -2.176047
   90  C   5  Y   0.680031  -0.103685  -0.197891  -0.374343  -1.417007
   91  C   5  Z  -0.001510   0.023141  -0.258200   0.187912  -0.061605
   92  C   5  X   0.214754   0.987152  -0.069494  -0.142868  -0.061808
   93  C   5  Y  -0.242438  -0.187866   0.207439   0.432351   0.146113
   94  C   5  Z   0.034664  -0.006265   0.129425  -0.093651   0.029579
   95  C   5 XX   0.609554   0.837297  -0.076989  -0.078500  -0.289449
   96  C   5 YY   0.550700   0.798970  -0.073958  -0.186245  -1.170806
   97  C   5 ZZ   0.995391   1.409441  -0.167185  -0.356577  -1.160756
   98  C   5 XY  -0.245684  -0.217710   0.164697   0.348351   0.610730
   99  C   5 XZ   0.036559   0.006309   0.109680   0.083995  -0.048507
  100  C   5 YZ  -0.058785   0.003920  -0.467868   0.110860   0.014878
  101  N   6  S   0.022927   0.001137  -0.004550   0.002083   0.010615
  102  N   6  S   0.004446  -0.052073   0.011663   0.044940   0.034436
  103  N   6  S   0.941376   1.788308  -0.604476  -1.373520  -0.531692
  104  N   6  S  -2.384559  -3.731316   1.349411   2.875646   0.937416
  105  N   6  S  -0.929042  -0.862492   0.109892  -0.224543   0.167016
  106  N   6  X   0.073444  -0.169676  -0.061298  -0.122250  -0.205681
  107  N   6  Y   0.123661   0.171946  -0.112467  -0.337662  -0.400579
  108  N   6  Z   0.017035   0.016349   0.104169   0.240242  -0.096448
  109  N   6  X  -0.946576   0.034021   0.121991  -0.053294  -0.044863
  110  N   6  Y  -0.864181  -0.704600   0.360662   0.686061   0.688240
  111  N   6  Z  -0.023261  -0.026102  -0.236073  -0.418322   0.179162
  112  N   6  X   0.405184   0.394484  -0.248981  -0.284007  -0.424609
  113  N   6  Y   0.065903  -0.136352  -0.116397  -0.381296  -0.385018
  114  N   6  Z  -0.034989   0.028426   0.087384   0.241633  -0.113184
  115  N   6 XX   0.637720   0.863735  -0.357081  -0.769530  -0.238225
  116  N   6 YY   0.223751   0.993791  -0.243940  -0.622241  -0.371708
  117  N   6 ZZ   0.415202   0.795267  -0.274483  -0.655985  -0.207665
  118  N   6 XY   0.078228  -0.037228  -0.026603  -0.039189  -0.104974
  119  N   6 XZ   0.009042   0.010357   0.044036   0.036149  -0.043461
  120  N   6 YZ  -0.044712  -0.000460   0.044424  -0.096858   0.025929
  121  O   7  S  -0.009513  -0.012032   0.004188   0.009405   0.023613
  122  O   7  S  -0.015284  -0.020150   0.003620   0.004029   0.010294
  123  O   7  S   0.051900   0.082714   0.068236   0.275711   0.713970
  124  O   7  S  -0.021206   0.012949  -0.177210  -0.658098  -1.735067
  125  O   7  S   0.988603   0.465202  -0.402335  -0.744515  -1.517417
  126  O   7  X   0.139588   0.064470  -0.030380  -0.022485   0.056743
  127  O   7  Y  -0.060227   0.044100   0.026789   0.063311   0.003975
  128  O   7  Z   0.016057  -0.002603   0.014556   0.009787   0.000440
  129  O   7  X   0.328920   0.283768  -0.171483  -0.403448  -1.040318
  130  O   7  Y   0.275435   0.155533  -0.131942  -0.304263  -0.629050
  131  O   7  Z  -0.013771   0.004500  -0.030166   0.004417  -0.008462
  132  O   7  X   0.155549  -0.166247  -0.055437  -0.065043  -0.139541
  133  O   7  Y   0.156923  -0.066487  -0.067287  -0.081193  -0.040048
  134  O   7  Z  -0.004487  -0.001077   0.026992  -0.033100   0.009730
  135  O   7 XX  -0.016396   0.019023   0.048032   0.158032   0.304328
  136  O   7 YY   0.079494   0.056077   0.003341   0.078784   0.328341
  137  O   7 ZZ   0.055044   0.101250   0.031583   0.132109   0.333845
  138  O   7 XY   0.055505   0.017734  -0.008748   0.007457   0.083052
  139  O   7 XZ   0.004892  -0.001402   0.079422  -0.026129   0.000405
  140  O   7 YZ  -0.012643  -0.001240  -0.078913  -0.001954   0.012506
  141  N   8  S  -0.010633  -0.005984   0.005897   0.007530  -0.011064
  142  N   8  S   0.016414  -0.041316   0.026996   0.083069  -0.004605
  143  N   8  S  -1.014102   1.075600  -0.592957  -2.340326  -0.393633
  144  N   8  S   2.351982  -2.183561   1.198556   5.011387   0.965540
  145  N   8  S  -0.069853   0.784657  -0.479321  -1.714244   0.252534
  146  N   8  X  -0.315969  -0.002663   0.101671   0.111732  -0.289521
  147  N   8  Y  -0.082410   0.059741  -0.038558  -0.039262  -0.034997
  148  N   8  Z   0.090454   0.000338   0.067329   0.595222  -0.216262
  149  N   8  X   0.371421  -0.101154  -0.074373  -0.170305   0.289259
  150  N   8  Y   0.605129  -0.031974   0.028015   0.058762   0.414682
  151  N   8  Z  -0.138090   0.004255  -0.156680  -1.232572   0.508911
  152  N   8  X  -0.195474  -0.262154   0.168196   0.628277  -0.390255
  153  N   8  Y   0.426243   0.009926  -0.222742  -0.342248  -0.003482
  154  N   8  Z   0.052990   0.008224   0.011569   0.452279  -0.183090
  155  N   8 XX  -0.531202   0.556313  -0.319975  -1.228633  -0.217490
  156  N   8 YY  -0.446397   0.559456  -0.291755  -1.152584  -0.154725
  157  N   8 ZZ  -0.449556   0.511233  -0.287839  -1.088838  -0.163109
  158  N   8 XY  -0.054909   0.001417   0.006540   0.034152  -0.081841
  159  N   8 XZ  -0.006817   0.009406   0.002048   0.125634  -0.099270
  160  N   8 YZ   0.008587   0.010685  -0.071447  -0.064036   0.006303
  161  H   9  S   0.200935  -0.417343  -0.059478   0.022044   0.165867
  162  H   9  S  -0.324336   0.147362   0.097777   0.031424  -0.108381
  163  H   9  S   0.139812   0.519656   0.010113  -0.135758  -0.668661
  164  H   9  X  -0.045279  -0.018358  -0.000498  -0.054292  -0.063292
  165  H   9  Y   0.084081   0.117990   0.005365   0.075215   0.041320
  166  H   9  Z   0.281176   0.016923  -0.037930  -0.035823   0.068767
  167  H  10  S  -0.134087   0.148995   0.069007   0.158521  -0.066190
  168  H  10  S  -0.047583   0.197086  -0.049631  -0.183264  -0.024049
  169  H  10  S   0.427674  -1.312188  -0.132708  -0.022776   0.175127
  170  H  10  X  -0.000158   0.443481  -0.005465   0.050158   0.199482
  171  H  10  Y   0.068954   0.049462  -0.021878  -0.034822   0.016506
  172  H  10  Z   0.328169   0.039770   0.049159   0.177804  -0.094936
  173  H  11  S   0.151378   0.011621  -0.041355  -0.059782  -0.085707
  174  H  11  S  -0.305687  -0.550447   0.108537   0.165588   0.682751
  175  H  11  S  -0.090913  -0.096385   0.076499   0.207182   0.031808
  176  H  11  X  -0.024259  -0.118919   0.001172  -0.073800  -0.009086
  177  H  11  Y  -0.055005  -0.031756   0.010894  -0.002668  -0.062986
  178  H  11  Z   0.067444   0.017316  -0.297064   0.203354  -0.063346
  179  H  12  S  -0.013552   0.084740   0.027957   0.127623  -0.137390
  180  H  12  S  -0.424465  -0.084908   0.086719   0.110846  -0.153841
  181  H  12  S   0.045634   0.015931  -0.028280  -0.271265   0.213734
  182  H  12  X   0.151438  -0.015838  -0.020620  -0.033473   0.195664
  183  H  12  Y  -0.048392   0.043596  -0.017504  -0.071339  -0.043796
  184  H  12  Z   0.192705  -0.014648   0.130358   0.392129  -0.094271
  185  H  13  S   0.005932  -0.001531   0.032577   0.121404  -0.004787
  186  H  13  S   0.318312  -0.086666  -0.023177  -0.000322   0.060570
  187  H  13  S   0.001914   0.152962  -0.079865  -0.173860   0.152690
  188  H  13  X  -0.035028   0.052002  -0.003119   0.047405  -0.078427
  189  H  13  Y   0.031941   0.015985   0.012981   0.031610  -0.004654
  190  H  13  Z  -0.012993   0.023001   0.019948   0.416461  -0.229103

                    131        132        133        134        135
                    2.5976     2.6473     2.6843     2.7158     2.7468
                     A          A          A          A          A   
    1  C   1  S   0.016030   0.001658   0.003900   0.011402   0.000713
    2  C   1  S   0.038640  -0.000496   0.014181   0.026118   0.020558
    3  C   1  S  -1.768800   0.434723  -0.225656   0.218365  -1.157692
    4  C   1  S   3.799389  -0.939547   0.461894  -0.679591   2.504045
    5  C   1  S  -1.898205  -0.584545   0.303852   0.958678   0.458193
    6  C   1  X   0.023375  -0.222640  -0.104478  -0.029214  -0.052067
    7  C   1  Y   0.160990  -0.108214  -0.055556  -0.158602   0.079456
    8  C   1  Z  -0.022984  -0.000245  -0.016087   0.012042   0.037198
    9  C   1  X  -0.126616   0.919794   0.491904  -0.054280   0.475906
   10  C   1  Y  -1.040537   0.372474  -0.052224  -0.445675   0.138928
   11  C   1  Z   0.143211   0.028420   0.017561  -0.039669  -0.310641
   12  C   1  X   0.551439   0.672353   0.527642  -0.161591   1.895356
   13  C   1  Y  -0.078801   1.211395  -0.027217  -0.526711  -0.524614
   14  C   1  Z  -0.044031  -0.090221   0.125662  -0.061634   0.061566
   15  C   1 XX  -0.560880   0.229081  -0.071455   0.061071  -0.429827
   16  C   1 YY  -1.068416   0.156580  -0.100335   0.122019  -0.459118
   17  C   1 ZZ  -0.952742   0.274215  -0.102860   0.184541  -0.728758
   18  C   1 XY  -0.233976  -0.091679  -0.053371   0.122052  -0.001799
   19  C   1 XZ   0.050025   0.042820  -0.008147  -0.037547   0.071555
   20  C   1 YZ  -0.003571  -0.022114  -0.169832   0.086508   0.148892
   21  C   2  S  -0.030656   0.001479   0.002043   0.006665  -0.008542
   22  C   2  S  -0.064362   0.011093   0.011328   0.029166  -0.012162
   23  C   2  S   0.885012  -0.412571  -0.181665  -0.180963   0.072549
   24  C   2  S  -1.475401   0.985623   0.387288   0.362008  -0.064668
   25  C   2  S   2.384674   0.229520   0.029958   0.235635   1.163927
   26  C   2  X  -0.138301   0.037566  -0.016602  -0.008092  -0.100164
   27  C   2  Y  -0.054634   0.014630   0.022333   0.037827   0.057797
   28  C   2  Z   0.006206   0.006104  -0.004309   0.000401  -0.025231
   29  C   2  X  -0.037943  -0.653101  -0.117182   0.058360  -0.618019
   30  C   2  Y  -0.185534   0.123639   0.027300  -0.263610   0.546296
   31  C   2  Z  -0.036629  -0.022808   0.023559  -0.006363   0.074032
   32  C   2  X  -1.918611  -0.737209   0.098341   1.327121  -0.988038
   33  C   2  Y  -0.917313   1.453967   0.134301   0.239521  -0.329543
   34  C   2  Z   0.005816   0.076160  -0.200584   0.074833  -0.040713
   35  C   2 XX   0.258031  -0.136239  -0.107259  -0.361117   0.300996
   36  C   2 YY   0.650065  -0.196822   0.035892   0.383453  -0.073134
   37  C   2 ZZ   0.389156  -0.176951  -0.112493  -0.083666  -0.057886
   38  C   2 XY   0.121974   0.014609  -0.013199   0.015272  -0.118972
   39  C   2 XZ  -0.018894   0.141795  -0.578559   0.145525  -0.002559
   40  C   2 YZ   0.053518   0.023826  -0.289465   0.101041   0.011111
   41  C   3  S  -0.009291   0.000571   0.001076  -0.002682   0.006560
   42  C   3  S  -0.016276  -0.002137   0.003133   0.002973   0.002109
   43  C   3  S  -0.744071  -0.426766   0.106370   0.822371   0.038029
   44  C   3  S   1.898482   0.822120  -0.307958  -1.864423  -0.250052
   45  C   3  S  -1.866681  -0.454993   0.881137   3.089195  -0.859033
   46  C   3  X   0.375740   0.129086   0.027388   0.073676   0.011503
   47  C   3  Y  -0.073177   0.017886   0.053452   0.115258   0.019023
   48  C   3  Z  -0.000508   0.004358  -0.010912   0.000620  -0.003430
   49  C   3  X  -1.088959  -0.703152  -0.353701  -0.551237  -0.921856
   50  C   3  Y   0.389548   0.367112  -0.242692  -0.765972   0.243115
   51  C   3  Z  -0.001212   0.003170  -0.029862   0.010960  -0.036328
   52  C   3  X  -0.063922  -1.391835  -0.205457  -0.213123  -0.152767
   53  C   3  Y   1.055980  -0.861455   0.088344   0.616485   0.147542
   54  C   3  Z  -0.018293  -0.070338   0.184103  -0.058446   0.013027
   55  C   3 XX  -0.329941  -0.166076   0.079152   0.547818  -0.190872
   56  C   3 YY  -0.328523  -0.237601   0.087279   0.476421   0.034695
   57  C   3 ZZ  -0.469038  -0.332423   0.015063   0.377258   0.060830
   58  C   3 XY   0.363991   0.098239   0.137443   0.391199   0.183837
   59  C   3 XZ  -0.028134   0.070756  -0.209941   0.035444  -0.031881
   60  C   3 YZ  -0.000630  -0.103365   0.424357  -0.111217  -0.057584
   61  N   4  S   0.011776  -0.002374   0.001405   0.007794  -0.001955
   62  N   4  S  -0.004353   0.053729  -0.003677   0.001072  -0.041965
   63  N   4  S   0.555108  -2.094737   0.215884   0.554887   1.197534
   64  N   4  S  -1.457344   4.495340  -0.465440  -1.249285  -2.533059
   65  N   4  S   0.663976  -0.774124  -0.198387  -0.492082   0.338669
   66  N   4  X  -0.478752  -0.302841  -0.006166   0.122870  -0.133106
   67  N   4  Y  -0.151964  -0.343312  -0.118654  -0.240933  -0.014603
   68  N   4  Z   0.035650   0.024703  -0.099669   0.031869  -0.065417
   69  N   4  X   0.845646   0.600151  -0.224209  -0.940249   0.259644
   70  N   4  Y  -0.240920   0.173668   0.086406   0.234665  -0.132736
   71  N   4  Z  -0.073062  -0.055168   0.250958  -0.088537   0.135919
   72  N   4  X  -0.429848  -0.745004  -0.236574  -0.133651  -0.229866
   73  N   4  Y  -0.742981  -1.603665  -0.624771  -1.236633  -0.493335
   74  N   4  Z   0.029619   0.051619  -0.207336   0.057752  -0.061974
   75  N   4 XX   0.293580  -1.074404   0.083604   0.179165   0.624636
   76  N   4 YY   0.170012  -1.132517   0.120220   0.373616   0.521585
   77  N   4 ZZ   0.229128  -0.958488   0.119831   0.308543   0.602974
   78  N   4 XY  -0.142514  -0.084374   0.011752   0.092905  -0.035404
   79  N   4 XZ   0.009638   0.045488  -0.200063   0.048635  -0.073986
   80  N   4 YZ   0.013128  -0.014255   0.072489  -0.031602  -0.028174
   81  C   5  S  -0.011452  -0.002502  -0.002050   0.004905  -0.012106
   82  C   5  S  -0.032118  -0.009167  -0.009592   0.017601  -0.043644
   83  C   5  S   0.824673  -0.323361   0.379553   0.281689   1.066162
   84  C   5  S  -1.662018   0.628271  -0.896795  -0.646702  -2.391436
   85  C   5  S  -0.249509   0.564615   0.533803  -0.524015   1.638893
   86  C   5  X   0.175917  -0.248900  -0.104675  -0.146844   0.003327
   87  C   5  Y   0.091427   0.301981   0.077028   0.029290   0.140188
   88  C   5  Z  -0.006915  -0.005664  -0.030014   0.010664   0.040178
   89  C   5  X  -0.717337   0.357131   0.352766   0.431974   0.116934
   90  C   5  Y  -0.567652  -1.040613  -0.157293  -0.029283  -0.392379
   91  C   5  Z   0.037482   0.026834   0.111013  -0.053411  -0.270320
   92  C   5  X   0.470416   0.721236   0.334746   0.127788   0.753232
   93  C   5  Y   0.196684  -1.251352  -0.374746  -0.336900  -0.202592
   94  C   5  Z  -0.009566   0.005906   0.060039   0.013074   0.135166
   95  C   5 XX   0.414824   0.200150   0.179842   0.163968   0.390541
   96  C   5 YY   0.276636  -0.461401   0.147599   0.149379   0.499579
   97  C   5 ZZ   0.439242  -0.333644   0.171477   0.256205   0.436105
   98  C   5 XY  -0.004418  -0.064773   0.001358   0.232874  -0.133836
   99  C   5 XZ   0.013034   0.029423   0.085625  -0.060637  -0.252653
  100  C   5 YZ   0.027839  -0.020668  -0.018916   0.025342   0.061034
  101  N   6  S  -0.000012   0.006237   0.001451   0.000435   0.011767
  102  N   6  S   0.002100   0.007855   0.020532   0.010406   0.102247
  103  N   6  S  -0.061789   0.072590  -0.601281  -0.285616  -2.792064
  104  N   6  S   0.088145  -0.261729   1.273021   0.648837   5.759524
  105  N   6  S   0.069136   0.423053  -0.358566  -0.871328  -0.968345
  106  N   6  X  -0.210944   0.829430   0.220587   0.089533  -0.064649
  107  N   6  Y  -0.066299  -0.128438   0.014387   0.147453  -0.114643
  108  N   6  Z   0.041321   0.031191   0.038274  -0.035994  -0.277088
  109  N   6  X   0.194786  -1.031215  -0.326490  -0.373223   0.105078
  110  N   6  Y   0.166617   0.249661  -0.010281  -0.362304   0.226810
  111  N   6  Z  -0.065598  -0.060284  -0.067340   0.071114   0.537432
  112  N   6  X  -0.656379   2.737411   0.797622   0.227886   0.626463
  113  N   6  Y  -0.105148   0.156716   0.108014   0.346007  -0.146641
  114  N   6  Z   0.003558   0.057760  -0.127621   0.021271  -0.136413
  115  N   6 XX  -0.016031   0.030549  -0.346952  -0.188767  -1.447077
  116  N   6 YY  -0.122653   0.021698  -0.222030   0.015160  -1.333391
  117  N   6 ZZ   0.049512   0.038652  -0.324710  -0.239077  -1.405987
  118  N   6 XY  -0.064879   0.198319   0.054022   0.034305  -0.024111
  119  N   6 XZ  -0.030790   0.052336  -0.024251  -0.047876  -0.133480
  120  N   6 YZ  -0.080445   0.014022  -0.202809   0.075873   0.553192
  121  O   7  S  -0.000033   0.003573  -0.001660   0.000085  -0.004304
  122  O   7  S   0.004994   0.002244  -0.005442  -0.022186   0.006981
  123  O   7  S  -0.139717   0.086112   0.077088   0.619521  -0.388312
  124  O   7  S   0.324443  -0.220874  -0.127393  -1.264345   0.886969
  125  O   7  S  -0.455179  -0.220907   0.081159   0.301255  -0.245993
  126  O   7  X  -0.005706   0.146537   0.054648   0.186118  -0.107311
  127  O   7  Y  -0.066043  -0.196570  -0.011280   0.149193  -0.078186
  128  O   7  Z   0.007316  -0.006639   0.076782  -0.000644  -0.033290
  129  O   7  X  -0.064465  -0.292207  -0.035592  -0.342288   0.266942
  130  O   7  Y   0.020210   0.107063   0.043120  -0.198061   0.184357
  131  O   7  Z  -0.005812   0.009852  -0.086640  -0.006055   0.017960
  132  O   7  X  -0.278049   0.025487   0.029028   0.272869  -0.320947
  133  O   7  Y  -0.183295   0.050551   0.011041   0.103862  -0.124375
  134  O   7  Z  -0.003775  -0.008140   0.015094   0.006360   0.007247
  135  O   7 XX  -0.094771  -0.079393   0.038062   0.381006  -0.211262
  136  O   7 YY  -0.026612   0.178213   0.049975   0.246537  -0.164828
  137  O   7 ZZ  -0.082953   0.013408   0.030058   0.282834  -0.182754
  138  O   7 XY  -0.004716   0.106308   0.016472   0.035828  -0.036854
  139  O   7 XZ  -0.009015   0.002354  -0.020182   0.008521   0.034116
  140  O   7 YZ  -0.000145  -0.007615  -0.033589   0.024842   0.099814
  141  N   8  S   0.012280   0.006916   0.005537   0.001259   0.010886
  142  N   8  S  -0.018816  -0.005447   0.076594   0.075707   0.214082
  143  N   8  S   1.208518   0.572165  -2.148074  -2.396576  -6.259536
  144  N   8  S  -2.822282  -1.330364   4.610647   5.158324  13.420768
  145  N   8  S   0.535391  -0.053151  -1.564455  -1.329391  -3.824161
  146  N   8  X   0.096291   0.095907   0.099569  -0.060710   0.270214
  147  N   8  Y  -0.458790   0.192374   0.015076  -0.147656  -0.068910
  148  N   8  Z   0.075898   0.041915   0.118748  -0.033370   0.068222
  149  N   8  X   0.291092  -0.087950  -0.000165   0.142016  -0.260376
  150  N   8  Y   1.079553  -0.643482  -0.105294   0.473002  -0.135630
  151  N   8  Z  -0.195337  -0.133175  -0.266438   0.125939  -0.110126
  152  N   8  X  -0.271022   0.289099   0.488206   0.421461   1.020812
  153  N   8  Y  -0.328681   0.490124  -0.166836  -0.272033  -0.257308
  154  N   8  Z   0.032971   0.055502   0.046322   0.005240   0.070455
  155  N   8 XX   0.535620   0.407207  -1.115816  -1.337727  -3.257142
  156  N   8 YY   0.734988   0.224218  -1.098302  -1.180903  -3.218040
  157  N   8 ZZ   0.445246   0.192955  -0.935257  -1.010523  -2.697868
  158  N   8 XY  -0.119980   0.033125   0.044049  -0.010750   0.107137
  159  N   8 XZ   0.039967   0.094057  -0.117918  -0.006806  -0.282285
  160  N   8 YZ  -0.080047   0.059220  -0.002414  -0.045028   0.186034
  161  H   9  S  -0.225245   0.190164   0.092604   0.367923  -0.000334
  162  H   9  S   0.138531  -0.112188  -0.128204  -0.508241  -0.078030
  163  H   9  S   1.175418  -0.008495  -0.056642  -0.672538   0.628328
  164  H   9  X   0.195747   0.082580   0.066541   0.196584   0.079329
  165  H   9  Y  -0.181637  -0.107682  -0.069263  -0.230506  -0.054437
  166  H   9  Z  -0.000889  -0.131606   0.626774  -0.172111  -0.029460
  167  H  10  S  -0.324215  -0.182525   0.183724   0.800760  -0.199064
  168  H  10  S   0.280748   0.151690  -0.213031  -0.962783   0.226957
  169  H  10  S  -0.700839   0.258531  -0.063097  -0.273688  -0.141119
  170  H  10  X  -0.078572   0.047332  -0.031615  -0.202868   0.097389
  171  H  10  Y   0.011541   0.024096   0.009715   0.067461  -0.031393
  172  H  10  Z  -0.002280   0.104820  -0.409551   0.100303   0.061954
  173  H  11  S   0.017575  -0.003006  -0.014672  -0.111306   0.078949
  174  H  11  S   0.374369   0.247708  -0.054846  -0.137103   0.055382
  175  H  11  S  -0.083924  -0.008302   0.099527   0.225874   0.086259
  176  H  11  X   0.242706   0.075744   0.014031  -0.014932   0.067856
  177  H  11  Y   0.093272   0.082649   0.115321   0.329148   0.037514
  178  H  11  Z   0.034355   0.057605  -0.245268   0.068781  -0.082675
  179  H  12  S  -0.120187   0.083263   0.083559  -0.074435   0.179882
  180  H  12  S  -0.131940  -0.007382   0.030881  -0.045038  -0.011819
  181  H  12  S   0.248644  -0.230411  -0.189008  -0.124627  -0.401539
  182  H  12  X   0.136488  -0.208429  -0.002548   0.150917   0.128142
  183  H  12  Y  -0.167119   0.110586   0.062210  -0.034970   0.093992
  184  H  12  Z   0.202288  -0.032189   0.177108  -0.028978   0.038617
  185  H  13  S   0.128212  -0.106708   0.053647   0.078383   0.117126
  186  H  13  S   0.300216   0.026136  -0.011525   0.121248  -0.003571
  187  H  13  S  -0.273074   0.231026  -0.117235  -0.194580  -0.293653
  188  H  13  X  -0.275037   0.152416   0.028566  -0.061206   0.083237
  189  H  13  Y   0.159071   0.019775  -0.038530  -0.014850  -0.210761
  190  H  13  Z  -0.024142   0.118799   0.106217  -0.148213   0.171272

                    136        137        138        139        140
                    2.7692     2.8161     2.8387     2.8667     2.8916
                     A          A          A          A          A   
    1  C   1  S  -0.002302   0.002652  -0.002873  -0.013234   0.010185
    2  C   1  S  -0.006155   0.006901   0.001377  -0.060524   0.021940
    3  C   1  S   0.394864  -0.190859  -0.488112   2.271894  -0.403985
    4  C   1  S  -1.024088   0.402794   1.117735  -5.049079   0.752348
    5  C   1  S   0.282023  -0.376951   1.406386   1.595307  -0.966561
    6  C   1  X  -0.000066   0.034011  -0.056729   0.080081  -0.021655
    7  C   1  Y   0.006383   0.030564  -0.039727   0.030539  -0.157985
    8  C   1  Z  -0.008141   0.010802   0.009068  -0.003649  -0.023361
    9  C   1  X  -0.365594   0.169742  -0.115053  -0.591872  -0.432531
   10  C   1  Y   0.521260  -0.423727   0.726087  -0.671758   1.292438
   11  C   1  Z   0.152965  -0.214315  -0.081072  -0.007936   0.121411
   12  C   1  X   1.195033   0.099793  -0.047563  -0.515490  -0.322937
   13  C   1  Y  -0.190733  -0.500654   0.685788   0.810158   0.665629
   14  C   1  Z  -0.150093   0.143044   0.033662  -0.006488  -0.132682
   15  C   1 XX   0.068079   0.056826  -0.403620   1.089997  -0.380961
   16  C   1 YY   0.282850  -0.233448   0.074177   0.768001   0.034105
   17  C   1 ZZ   0.128686  -0.086057  -0.349225   1.174149  -0.204655
   18  C   1 XY   0.147167   0.113668  -0.295672   0.076907   0.107635
   19  C   1 XZ  -0.107344   0.115547   0.023417   0.086234   0.299547
   20  C   1 YZ  -0.034491   0.163105   0.101315  -0.022227  -0.168736
   21  C   2  S  -0.005573  -0.008126   0.017118  -0.008151   0.004038
   22  C   2  S  -0.005125  -0.012928   0.023747  -0.001319   0.014229
   23  C   2  S  -0.197681   0.363393  -0.448119  -1.463129  -0.358535
   24  C   2  S   0.512093  -0.716619   0.783162   3.496906   0.898341
   25  C   2  S   0.719033   1.721540  -3.709700  -1.854796  -1.413822
   26  C   2  X  -0.113545  -0.010928   0.050752  -0.194456  -0.034800
   27  C   2  Y   0.072608   0.020619  -0.085353  -0.009093   0.042783
   28  C   2  Z   0.019448  -0.032507  -0.019706  -0.005448  -0.005825
   29  C   2  X  -0.452143  -0.371486   0.844147   0.482349  -0.398701
   30  C   2  Y   0.421830  -0.259767   0.677070  -0.718670   0.883080
   31  C   2  Z  -0.087299  -0.027096   0.005078   0.012757   0.032289
   32  C   2  X  -0.572664  -0.215886   0.470314  -0.095437   0.852908
   33  C   2  Y  -0.110949   0.148042  -0.782805   0.910176   0.889799
   34  C   2  Z   0.112242  -0.057436  -0.042311   0.008713   0.017141
   35  C   2 XX   0.119241   0.249145  -0.480611  -0.652801  -0.131962
   36  C   2 YY  -0.144601   0.234172  -0.306592  -0.530971  -0.228782
   37  C   2 ZZ  -0.198113   0.124213  -0.063598  -0.882302  -0.094807
   38  C   2 XY  -0.140320  -0.064602   0.232906   0.041776  -0.026154
   39  C   2 XZ   0.074106   0.060285   0.039581  -0.026343  -0.109874
   40  C   2 YZ   0.021826  -0.112470  -0.015023  -0.030251  -0.098339
   41  C   3  S   0.004408   0.006317  -0.018130   0.000059  -0.012326
   42  C   3  S  -0.001027   0.016855  -0.048227   0.009309  -0.037597
   43  C   3  S   0.203329  -0.349309   1.210284  -1.213246   1.489613
   44  C   3  S  -0.547797   0.695457  -2.469988   2.832431  -3.289886
   45  C   3  S  -0.511071  -0.647096   1.628148   0.189500   1.811516
   46  C   3  X   0.001758   0.003064   0.032841  -0.020793   0.075819
   47  C   3  Y  -0.008723   0.014284  -0.022128  -0.060300   0.029178
   48  C   3  Z   0.004236   0.016240   0.006372  -0.002360  -0.010819
   49  C   3  X  -0.803678  -0.441687   1.094884  -0.201444  -0.679093
   50  C   3  Y   0.270527   0.191362  -0.488709  -0.222112  -0.055020
   51  C   3  Z   0.002395  -0.144051  -0.053535  -0.004729   0.013367
   52  C   3  X  -0.175653  -0.349412   1.046450   0.015658  -0.272564
   53  C   3  Y   0.101723   0.138786   0.102052  -1.059017  -1.562281
   54  C   3  Z  -0.052819   0.081288   0.068676  -0.003459  -0.019063
   55  C   3 XX  -0.126647  -0.169828   0.616006  -0.672641   0.503177
   56  C   3 YY   0.118404  -0.161246   0.543006  -0.392567   0.759570
   57  C   3 ZZ   0.178795  -0.155631   0.571683  -0.673594   0.786944
   58  C   3 XY   0.152826   0.210869  -0.474513   0.217491   0.007842
   59  C   3 XZ   0.070813   0.388678   0.188609  -0.000508  -0.068036
   60  C   3 YZ   0.016114   0.118710   0.032382   0.003929   0.007923
   61  N   4  S  -0.002397   0.006143  -0.015032   0.006395   0.012973
   62  N   4  S  -0.017944   0.023464  -0.103677   0.101941   0.206465
   63  N   4  S   0.389196  -0.462230   2.701522  -3.011437  -6.102550
   64  N   4  S  -0.778363   0.878014  -5.535854   6.397795  13.019833
   65  N   4  S   0.005091  -0.111571   1.106131  -1.769409  -3.918948
   66  N   4  X  -0.060306  -0.069342   0.119257   0.311333   0.030147
   67  N   4  Y  -0.011981  -0.001613  -0.017435   0.134637  -0.001143
   68  N   4  Z   0.051142  -0.118434  -0.049935  -0.009781  -0.050613
   69  N   4  X   0.157813   0.024833  -0.028078  -0.976030   0.076366
   70  N   4  Y  -0.107393  -0.173099   0.472764  -0.363186   0.126924
   71  N   4  Z  -0.109056   0.300798   0.126955   0.024101   0.125457
   72  N   4  X  -0.228993  -0.053881   0.384421  -0.027173  -0.840492
   73  N   4  Y  -0.452014  -0.362957   0.863950  -0.020628   0.135806
   74  N   4  Z   0.066714  -0.178422  -0.094747  -0.013324  -0.133947
   75  N   4 XX   0.204184  -0.234692   1.351020  -1.513450  -3.116162
   76  N   4 YY   0.116994  -0.250868   1.450823  -1.521996  -3.110549
   77  N   4 ZZ   0.238002  -0.225935   1.274067  -1.428765  -2.823099
   78  N   4 XY  -0.029899   0.012181  -0.043234   0.127029  -0.069814
   79  N   4 XZ   0.111588   0.182197   0.093911  -0.040063  -0.171027
   80  N   4 YZ   0.056620   0.567922   0.285360   0.037196   0.003843
   81  C   5  S  -0.012405  -0.003167   0.013689   0.013102  -0.000482
   82  C   5  S  -0.041127  -0.007835   0.038947   0.054248   0.004014
   83  C   5  S   0.921926   0.298157  -0.949710  -0.929587  -0.494324
   84  C   5  S  -2.010069  -0.608014   1.945591   2.059740   1.161624
   85  C   5  S   1.461575  -0.630538   1.063636  -0.076658   0.030862
   86  C   5  X   0.034709   0.054165  -0.145890  -0.191667   0.101889
   87  C   5  Y   0.137438  -0.016621   0.014176  -0.055778  -0.111075
   88  C   5  Z  -0.032072  -0.032454  -0.011399   0.001581   0.027525
   89  C   5  X  -0.013289  -0.036702   0.053696   0.628797  -0.349915
   90  C   5  Y  -0.398311  -0.118006   0.295427  -0.197601   0.532591
   91  C   5  Z   0.224006   0.167287   0.034153  -0.026110  -0.245700
   92  C   5  X   0.669778   0.004171  -0.208678  -0.245884   0.030798
   93  C   5  Y  -0.187275   0.116973  -0.113891  -0.392504   0.039260
   94  C   5  Z  -0.080194   0.171906   0.118905   0.037772   0.382154
   95  C   5 XX   0.311220   0.147380  -0.416135  -0.244851  -0.259840
   96  C   5 YY   0.435149   0.099779  -0.312996  -0.435606  -0.189647
   97  C   5 ZZ   0.390118   0.183042  -0.511864  -0.360615  -0.280977
   98  C   5 XY  -0.076248  -0.017016   0.075063   0.162638   0.022244
   99  C   5 XZ   0.200717   0.164079   0.026704  -0.031361  -0.078365
  100  C   5 YZ  -0.048528   0.096760   0.093835   0.025977   0.088402
  101  N   6  S   0.008151   0.001871   0.001548   0.007252  -0.013540
  102  N   6  S   0.091424  -0.020537   0.076869   0.075287  -0.138667
  103  N   6  S  -2.665245   0.760816  -2.351068  -2.102643   3.798414
  104  N   6  S   5.562946  -1.673716   5.042253   4.484627  -7.971492
  105  N   6  S  -1.036493   0.417533  -1.261731  -1.972843   2.226733
  106  N   6  X  -0.052838  -0.202509   0.320447   0.104829   0.003050
  107  N   6  Y  -0.085307  -0.057235   0.153411   0.052214  -0.037055
  108  N   6  Z   0.200168  -0.078308  -0.044430  -0.040624  -0.106323
  109  N   6  X   0.085375   0.290773  -0.456517  -0.143979  -0.028781
  110  N   6  Y   0.164874   0.037390  -0.168355  -0.209565   0.059670
  111  N   6  Z  -0.393364   0.178637   0.101623   0.088139   0.222278
  112  N   6  X   0.698925  -0.567450   0.782157   0.597380   0.257907
  113  N   6  Y  -0.196537   0.156719  -0.347672  -0.415338   0.144315
  114  N   6  Z   0.135057  -0.181019  -0.067637  -0.019685  -0.116521
  115  N   6 XX  -1.401352   0.334321  -1.005361  -1.095649   1.985160
  116  N   6 YY  -1.295114   0.427439  -1.357664  -1.128886   1.838065
  117  N   6 ZZ  -1.303515   0.348779  -1.077319  -0.904864   1.814619
  118  N   6 XY  -0.010320  -0.018986   0.034886   0.069389   0.022233
  119  N   6 XZ   0.164027   0.531808   0.122257  -0.014614  -0.190767
  120  N   6 YZ  -0.403744   0.027678   0.025315   0.105333   0.251445
  121  O   7  S  -0.002888  -0.000399   0.001713  -0.001325   0.001791
  122  O   7  S   0.010158   0.001382  -0.010231  -0.032372   0.009392
  123  O   7  S  -0.424500  -0.062863   0.391908   0.802057  -0.184638
  124  O   7  S   0.935892   0.137099  -0.826017  -1.607759   0.337359
  125  O   7  S  -0.291092   0.038383  -0.089454   0.105839  -0.054235
  126  O   7  X  -0.146312  -0.055244   0.288614   0.492702  -0.197500
  127  O   7  Y  -0.072861   0.097030  -0.230631   0.309858   0.122039
  128  O   7  Z   0.029560  -0.441533  -0.244409  -0.034756  -0.568674
  129  O   7  X   0.277735   0.089622  -0.498912  -0.872353   0.274381
  130  O   7  Y   0.164457  -0.115225   0.242123  -0.474786  -0.202660
  131  O   7  Z  -0.017665   0.659890   0.364772   0.048188   0.846146
  132  O   7  X  -0.313306  -0.069262   0.307631   0.529218  -0.110875
  133  O   7  Y  -0.133927   0.041739  -0.100608   0.352162   0.008153
  134  O   7  Z  -0.014163  -0.389799  -0.217154  -0.028380  -0.504923
  135  O   7 XX  -0.227224  -0.014287   0.180576   0.544592  -0.129063
  136  O   7 YY  -0.206406  -0.028680   0.176276   0.302596  -0.081353
  137  O   7 ZZ  -0.187277  -0.050967   0.228039   0.324472  -0.069307
  138  O   7 XY  -0.042772  -0.019673   0.074780   0.109167  -0.002350
  139  O   7 XZ  -0.024206  -0.089864  -0.058143  -0.004362  -0.071011
  140  O   7 YZ  -0.080046  -0.051662   0.006169   0.021913   0.036907
  141  N   8  S   0.006212  -0.002608   0.010666  -0.007582  -0.007216
  142  N   8  S   0.151842  -0.015266   0.105149  -0.069269  -0.143726
  143  N   8  S  -4.565365   0.333608  -2.781659   1.956017   4.329227
  144  N   8  S   9.708704  -0.666764   5.830076  -4.037711  -9.292975
  145  N   8  S  -1.746997  -0.145546  -1.181071   1.156910   2.991465
  146  N   8  X   0.403350  -0.097610   0.072992   0.037562   0.203117
  147  N   8  Y  -0.078619   0.072616  -0.229957  -0.018991  -0.026738
  148  N   8  Z  -0.072528  -0.029249  -0.013141   0.002531   0.061972
  149  N   8  X  -1.135759   0.262102  -0.012468  -0.210701  -0.898515
  150  N   8  Y   0.211903  -0.302529   0.602855   0.228172   0.171762
  151  N   8  Z   0.292964   0.033987   0.048359   0.024638  -0.165896
  152  N   8  X   0.733253  -0.020310   0.178095  -0.022017  -0.382516
  153  N   8  Y  -0.177951   0.385408  -1.008735   0.257049   0.122072
  154  N   8  Z   0.006646  -0.041793  -0.025074   0.027624   0.169532
  155  N   8 XX  -2.441951   0.196228  -1.493930   0.915566   2.198830
  156  N   8 YY  -2.378628   0.155786  -1.351946   0.995783   2.236633
  157  N   8 ZZ  -1.896317   0.139499  -1.254366   1.041374   1.960679
  158  N   8 XY   0.076757  -0.010273  -0.024669  -0.008821   0.027504
  159  N   8 XZ   0.273461  -0.047137  -0.123566   0.106609   0.298319
  160  N   8 YZ  -0.156564   0.232865  -0.128039   0.049706  -0.115762
  161  H   9  S  -0.012739   0.273040  -0.619447  -0.625815   0.000829
  162  H   9  S  -0.055421  -0.307101   0.688503   0.810125  -0.002234
  163  H   9  S   0.330567   0.114460  -0.112909  -0.441557  -0.688875
  164  H   9  X   0.047982   0.001646   0.060360  -0.209709   0.159971
  165  H   9  Y  -0.060120   0.039609  -0.164149   0.120082  -0.232595
  166  H   9  Z  -0.045977   0.054411  -0.003642   0.023953   0.099068
  167  H  10  S  -0.171939  -0.016890   0.232003  -0.577950   0.138841
  168  H  10  S   0.166596  -0.032652  -0.150438   0.668382  -0.213715
  169  H  10  S  -0.134974  -0.105486   0.092986   0.384191   0.933611
  170  H  10  X   0.092046  -0.050834   0.074404  -0.079610   0.116150
  171  H  10  Y  -0.028471   0.009865   0.007500  -0.080491   0.057907
  172  H  10  Z  -0.005214   0.016852   0.020460   0.002042  -0.003502
  173  H  11  S   0.047553  -0.006770   0.034595  -0.162165  -0.041514
  174  H  11  S   0.036998   0.103446  -0.244041  -0.062326   0.128234
  175  H  11  S   0.084797  -0.078473   0.230591   0.211313  -0.279711
  176  H  11  X   0.050846   0.073689  -0.191928   0.077613  -0.011851
  177  H  11  Y   0.046580   0.126980  -0.331790   0.376947  -0.093450
  178  H  11  Z   0.090630  -0.123303  -0.051663  -0.048377  -0.122604
  179  H  12  S   0.174316  -0.004690  -0.110282   0.189050   0.093980
  180  H  12  S   0.005766  -0.052957   0.197958  -0.370254   0.000271
  181  H  12  S  -0.320730  -0.045931   0.101885   0.150487  -0.080158
  182  H  12  X   0.251972  -0.061380   0.108816   0.101513   0.099695
  183  H  12  Y  -0.080451   0.049736  -0.030167  -0.021082  -0.269685
  184  H  12  Z  -0.374819  -0.052321   0.083952  -0.084550  -0.129720
  185  H  13  S   0.084048  -0.095763   0.209575   0.104493   0.063873
  186  H  13  S   0.002602   0.095928  -0.185801  -0.039173  -0.144993
  187  H  13  S  -0.240476   0.115659  -0.322189   0.179760   0.105667
  188  H  13  X   0.364749  -0.079243  -0.078633   0.125631   0.299194
  189  H  13  Y  -0.101919  -0.040548   0.007830   0.013730   0.116380
  190  H  13  Z  -0.360389   0.198791  -0.102391  -0.017530  -0.073253

                    141        142        143        144        145
                    2.9062     2.9193     2.9495     2.9745     2.9923
                     A          A          A          A          A   
    1  C   1  S   0.007138   0.007909  -0.000539  -0.012140   0.002681
    2  C   1  S   0.018246   0.042316  -0.006190   0.008138  -0.008964
    3  C   1  S  -0.599734  -2.201954   0.739573  -1.878401   0.754947
    4  C   1  S   1.227712   4.810539  -1.669408   4.539501  -1.786506
    5  C   1  S  -0.151826   1.670923   0.904478   0.381767   0.950124
    6  C   1  X  -0.012845  -0.040658   0.003894  -0.004112   0.049347
    7  C   1  Y  -0.111465  -0.144584   0.052075   0.021327   0.020506
    8  C   1  Z   0.026396   0.004202   0.002401  -0.002113   0.000491
    9  C   1  X  -0.145888   0.460581  -0.255103   0.261013  -0.237611
   10  C   1  Y   0.850092   1.407726  -1.042801   2.211585  -0.767690
   11  C   1  Z  -0.142555  -0.043247   0.056159   0.045505  -0.043175
   12  C   1  X  -0.157072   0.615767   0.388175  -1.243112  -0.514458
   13  C   1  Y   0.432536   0.570455   0.229600  -0.108061  -0.896242
   14  C   1  Z   0.232260   0.051200  -0.047559   0.036917   0.030311
   15  C   1 XX  -0.326863  -0.953360   0.314576  -1.203767   0.368492
   16  C   1 YY  -0.165806  -0.742515   0.289329  -0.144550   0.143748
   17  C   1 ZZ  -0.343984  -1.303675   0.466174  -1.131582   0.465190
   18  C   1 XY   0.008275  -0.181248  -0.122946   0.044206  -0.040842
   19  C   1 XZ   0.162917  -0.273626  -0.126544   0.011598   0.067135
   20  C   1 YZ   0.014943   0.128469  -0.038733  -0.065218   0.049969
   21  C   2  S   0.002893   0.004526   0.005658  -0.003772   0.000760
   22  C   2  S   0.011310   0.031190   0.028493  -0.032148   0.003791
   23  C   2  S  -0.351460  -1.058898  -0.997989   1.967595   0.024062
   24  C   2  S   0.848126   2.520958   2.161918  -4.326084  -0.186255
   25  C   2  S  -1.414312  -3.023157  -0.537901   0.593886  -0.665601
   26  C   2  X  -0.023441  -0.079852   0.045631  -0.076876   0.092995
   27  C   2  Y   0.014639   0.076632   0.072461   0.031579  -0.011931
   28  C   2  Z  -0.013948   0.004335  -0.011306  -0.004699   0.001684
   29  C   2  X  -0.212466  -0.656880   0.579058  -0.927442   0.956132
   30  C   2  Y   0.646538   1.668924  -0.891144   2.789271  -0.941174
   31  C   2  Z  -0.017320  -0.004714  -0.037279  -0.005507   0.023600
   32  C   2  X   0.603211   1.121154   0.387392   0.440507   0.880761
   33  C   2  Y   0.631872   1.807173   1.186626  -0.681279   0.077285
   34  C   2  Z  -0.057113  -0.017844   0.025421  -0.036317  -0.011047
   35  C   2 XX  -0.156891  -0.181517  -0.424125   1.325512  -0.267547
   36  C   2 YY  -0.191198  -0.688691  -0.345410   0.274720   0.299184
   37  C   2 ZZ  -0.119106  -0.464726  -0.530567   1.140375   0.009830
   38  C   2 XY   0.008817  -0.157472  -0.158825  -0.163666   0.103636
   39  C   2 XZ   0.032377   0.043828   0.148245   0.031116  -0.061020
   40  C   2 YZ  -0.087570   0.098187  -0.044798  -0.040040   0.027692
   41  C   3  S  -0.010678  -0.008147   0.010054   0.015825  -0.001090
   42  C   3  S  -0.030936  -0.033787   0.043405   0.014144   0.031491
   43  C   3  S   1.139494   1.403015  -1.778830   0.069082  -1.744760
   44  C   3  S  -2.500036  -3.332255   3.876396  -0.563713   3.991056
   45  C   3  S   1.490432   3.223766   0.837391  -0.031467   2.074575
   46  C   3  X   0.059169   0.037284  -0.088014   0.034684   0.071911
   47  C   3  Y   0.032679   0.153058   0.035019   0.110911   0.048634
   48  C   3  Z   0.015567   0.000829   0.006559   0.004038  -0.002999
   49  C   3  X  -0.410640  -1.472972   0.121043  -1.607139   0.389288
   50  C   3  Y  -0.098341  -0.562371  -0.493736  -0.778838  -1.163812
   51  C   3  Z  -0.088656   0.007251  -0.032153  -0.021017   0.012171
   52  C   3  X  -0.079667  -0.403224  -0.458880  -0.015697   0.590717
   53  C   3  Y  -1.260466  -3.206557  -1.277302   1.438665  -0.902727
   54  C   3  Z   0.074183   0.004976   0.013527   0.016949   0.012401
   55  C   3 XX   0.402612   0.309710  -0.692199  -0.352196  -0.529710
   56  C   3 YY   0.577837   0.813101  -0.794791   0.177060  -0.717868
   57  C   3 ZZ   0.595148   0.692835  -0.972779   0.059507  -1.037271
   58  C   3 XY  -0.023977   0.108808  -0.022833   0.319413  -0.041524
   59  C   3 XZ   0.184801  -0.062734   0.244545   0.038875  -0.065114
   60  C   3 YZ  -0.017598   0.024720  -0.023766  -0.020728   0.014517
   61  N   4  S   0.010271   0.025270   0.010108  -0.006528   0.016432
   62  N   4  S   0.155542   0.350598   0.175169  -0.104771   0.288573
   63  N   4  S  -4.539635 -10.091078  -5.201667   3.047281  -8.381831
   64  N   4  S   9.680717  21.508431  11.125860  -6.433123  18.043672
   65  N   4  S  -2.966170  -7.171370  -3.437697   0.585645  -6.017474
   66  N   4  X   0.012945   0.025824   0.032027   0.072531  -0.054597
   67  N   4  Y   0.024796   0.146868   0.073113  -0.032218   0.059829
   68  N   4  Z   0.018221   0.018436  -0.014799   0.000204   0.000663
   69  N   4  X   0.076423  -0.130638  -0.247349  -0.719294  -0.507606
   70  N   4  Y   0.088699  -0.113961  -0.236201  -0.022527   0.085277
   71  N   4  Z  -0.006569  -0.071574   0.053756   0.006019  -0.018134
   72  N   4  X  -0.648670  -1.767780  -1.156668   0.405379  -1.654160
   73  N   4  Y   0.258646   0.294100   0.308015  -0.867342   1.639813
   74  N   4  Z   0.152932  -0.024667  -0.035602   0.014962  -0.026111
   75  N   4 XX  -2.318953  -5.140233  -2.639107   1.558697  -4.263006
   76  N   4 YY  -2.295412  -5.143579  -2.663324   1.470345  -4.319013
   77  N   4 ZZ  -2.108168  -4.650015  -2.390878   1.483432  -3.719644
   78  N   4 XY  -0.061975  -0.068641  -0.016104   0.144022  -0.018681
   79  N   4 XZ  -0.032244   0.146758   0.054011  -0.059020  -0.002033
   80  N   4 YZ   0.390032  -0.218346   0.381587   0.105661  -0.106981
   81  C   5  S   0.004032   0.007786  -0.009961  -0.004953  -0.001923
   82  C   5  S   0.018475   0.036818  -0.034783  -0.007219   0.003273
   83  C   5  S  -0.672516  -1.040854   0.675253   0.439408  -0.546346
   84  C   5  S   1.510389   2.282098  -1.507317  -0.854073   1.203497
   85  C   5  S   0.016540   0.939468   1.448629  -0.168120   1.416163
   86  C   5  X   0.049522  -0.010032  -0.023921  -0.048575   0.005663
   87  C   5  Y  -0.112842  -0.230560  -0.059543   0.166156  -0.138257
   88  C   5  Z  -0.033551   0.000407  -0.004064  -0.004749   0.002382
   89  C   5  X  -0.191042   0.161288   0.483764   0.095194   0.404808
   90  C   5  Y   0.448206   0.859135   0.397774  -0.342287   1.025097
   91  C   5  Z   0.261467   0.027852   0.015278   0.026029  -0.013035
   92  C   5  X  -0.045567   0.298624   0.542874  -0.120191  -0.652288
   93  C   5  Y   0.052479  -0.090603   0.105375   0.420333   2.152189
   94  C   5  Z  -0.622209   0.042190   0.011642  -0.050027  -0.017456
   95  C   5 XX  -0.296274  -0.487736   0.199799   0.020934  -0.459046
   96  C   5 YY  -0.262333  -0.367801   0.239083   0.378120  -0.058814
   97  C   5 ZZ  -0.349531  -0.526156   0.298190   0.279109  -0.324137
   98  C   5 XY   0.010030  -0.043768  -0.094877   0.138275   0.011853
   99  C   5 XZ  -0.091415   0.106889  -0.111188  -0.024559   0.027470
  100  C   5 YZ   0.060150  -0.112893   0.206122   0.049303  -0.063582
  101  N   6  S  -0.006654  -0.003959  -0.007631   0.012954  -0.009011
  102  N   6  S  -0.074849  -0.037733  -0.036596   0.212148  -0.086937
  103  N   6  S   2.104215   1.038218   0.698715  -6.210301   2.381553
  104  N   6  S  -4.428790  -2.167385  -1.339646  13.158090  -5.004505
  105  N   6  S   1.243440   0.576230  -0.692209  -2.402453   0.526326
  106  N   6  X  -0.029793  -0.017496   0.210852  -0.128377  -0.108595
  107  N   6  Y   0.003045   0.047243   0.019093   0.047040  -0.082083
  108  N   6  Z   0.012159   0.050704   0.006619   0.022664  -0.024278
  109  N   6  X   0.088519   0.158833  -0.472304   0.281009   0.261567
  110  N   6  Y  -0.023738  -0.120098  -0.061461   0.036004   0.139024
  111  N   6  Z  -0.016376  -0.113983  -0.007792  -0.052991   0.055631
  112  N   6  X   0.018860   0.229814   0.159579  -0.009418  -1.340083
  113  N   6  Y   0.056347  -0.046626  -0.119569  -0.388620  -0.347324
  114  N   6  Z   0.148215  -0.023379   0.010424   0.041898  -0.029037
  115  N   6 XX   1.143329   0.607592   0.189116  -3.155271   1.206774
  116  N   6 YY   0.954472   0.402137   0.554715  -3.037630   1.310431
  117  N   6 ZZ   1.029784   0.540966   0.280373  -2.986617   1.021281
  118  N   6 XY   0.010124   0.014329   0.026259  -0.087162  -0.064789
  119  N   6 XZ   0.178436   0.094593  -0.315563  -0.077184   0.137469
  120  N   6 YZ   0.182232  -0.235427  -0.066270  -0.014424   0.052486
  121  O   7  S   0.001087  -0.003322  -0.005491  -0.000984  -0.002095
  122  O   7  S   0.002525  -0.008332  -0.001581  -0.000187   0.015872
  123  O   7  S  -0.022004   0.060340  -0.220927  -0.078542  -0.554583
  124  O   7  S   0.023274  -0.068011   0.523329   0.185778   1.164156
  125  O   7  S  -0.047354  -0.004107   0.266240  -0.044039   0.144362
  126  O   7  X  -0.050351   0.059892  -0.188694   0.236274   0.254279
  127  O   7  Y   0.119481   0.347975   0.028996  -0.310049  -0.746167
  128  O   7  Z   0.918394  -0.079565  -0.001655   0.034472   0.010305
  129  O   7  X   0.046524  -0.040780   0.500796  -0.405418  -0.284032
  130  O   7  Y  -0.208962  -0.495973   0.086088   0.564211   1.314698
  131  O   7  Z  -1.391066   0.125420   0.004383  -0.053990  -0.017399
  132  O   7  X  -0.006496   0.021376  -0.255374   0.279920   0.384146
  133  O   7  Y   0.046534   0.177254  -0.033857  -0.490836  -1.173883
  134  O   7  Z   0.868966  -0.083610  -0.007142   0.041189   0.014993
  135  O   7 XX  -0.027814   0.052964  -0.131386   0.121625  -0.116576
  136  O   7 YY  -0.001379   0.035978  -0.083363  -0.210604  -0.421502
  137  O   7 ZZ  -0.006536   0.002542  -0.104002  -0.038407  -0.279111
  138  O   7 XY   0.022669   0.051984  -0.053356  -0.097011  -0.171515
  139  O   7 XZ   0.075220   0.023262  -0.088244  -0.023131   0.040507
  140  O   7 YZ   0.113883  -0.096552   0.141358   0.033777  -0.047975
  141  N   8  S  -0.002302   0.000440  -0.001819  -0.006751  -0.001097
  142  N   8  S  -0.062964   0.005963   0.004873  -0.075387  -0.001041
  143  N   8  S   1.977876   0.031759  -0.190142   1.871404  -0.011122
  144  N   8  S  -4.263222  -0.011781   0.511081  -4.042816   0.081467
  145  N   8  S   1.340946  -0.615720  -0.417426   1.110426  -0.067611
  146  N   8  X   0.104889   0.032937  -0.045269  -0.192040  -0.013858
  147  N   8  Y  -0.005750   0.042182  -0.087358   0.108616  -0.107243
  148  N   8  Z  -0.032233  -0.015975   0.011821  -0.019862  -0.000683
  149  N   8  X  -0.341762   0.388950   0.348973   0.060811   0.000413
  150  N   8  Y  -0.000614  -0.435067   0.490928  -0.501283   0.250662
  151  N   8  Z   0.066125   0.061600   0.015201  -0.017751   0.004526
  152  N   8  X  -0.255123  -0.043374   0.035865  -0.502593   0.169122
  153  N   8  Y   0.016563  -0.173031  -0.272340  -0.038265  -0.043279
  154  N   8  Z  -0.112392  -0.051682   0.008634  -0.067690   0.009723
  155  N   8 XX   1.002527   0.113818  -0.036345   1.070632  -0.086789
  156  N   8 YY   1.022535  -0.010710  -0.111539   0.923741   0.015964
  157  N   8 ZZ   0.908322   0.034976  -0.088703   0.671812   0.070909
  158  N   8 XY  -0.020732   0.023724   0.061280   0.094691  -0.038555
  159  N   8 XZ   0.122519  -0.333760  -0.252549  -0.008832   0.065027
  160  N   8 YZ   0.049218   0.081164  -0.476658  -0.151797   0.115282
  161  H   9  S  -0.087864  -0.140092   0.170078   0.185204   0.061887
  162  H   9  S   0.112034   0.102673  -0.302262  -0.433706  -0.174671
  163  H   9  S  -0.520784  -1.133467  -0.495748   0.098750  -0.382978
  164  H   9  X   0.122908   0.266926  -0.083060   0.256331  -0.030532
  165  H   9  Y  -0.168939  -0.224907   0.296779  -0.293732   0.182856
  166  H   9  Z   0.033819  -0.064714  -0.053979   0.006044   0.016773
  167  H  10  S   0.131895   0.019990  -0.216983  -0.262505  -0.036346
  168  H  10  S  -0.192270   0.002651   0.296586   0.702455   0.158772
  169  H  10  S   0.776877   1.821977   0.568206  -1.057820   0.512852
  170  H  10  X   0.086236   0.249522   0.053985   0.118204  -0.018353
  171  H  10  Y   0.057258   0.041025  -0.057228  -0.204868  -0.056366
  172  H  10  Z   0.041271  -0.028614   0.052559   0.020588  -0.018510
  173  H  11  S  -0.011459   0.040449   0.051505  -0.034819   0.208294
  174  H  11  S   0.062755   0.012378  -0.206127  -0.037707  -0.755488
  175  H  11  S  -0.224253  -0.463813  -0.356933   0.313369  -0.717265
  176  H  11  X  -0.022289  -0.015389   0.024596  -0.048575  -0.293085
  177  H  11  Y  -0.094359   0.012891   0.146126   0.235812   0.048388
  178  H  11  Z  -0.194966   0.199299  -0.091841  -0.077610   0.035320
  179  H  12  S   0.040033   0.005978  -0.049907  -0.269521  -0.006385
  180  H  12  S   0.023759   0.031703  -0.160206   0.548922  -0.043138
  181  H  12  S   0.005577  -0.043523   0.064359   0.186408  -0.024372
  182  H  12  X   0.058083  -0.039447   0.018701  -0.229894   0.039185
  183  H  12  Y  -0.085142   0.212534   0.089725  -0.068377  -0.050093
  184  H  12  Z  -0.096324   0.142620   0.388116   0.050178  -0.082482
  185  H  13  S   0.017692   0.032735   0.171020  -0.171604   0.125049
  186  H  13  S  -0.098594  -0.244670  -0.035117  -0.067450  -0.073550
  187  H  13  S   0.079931   0.052491  -0.118383   0.020357  -0.089695
  188  H  13  X   0.077145  -0.154472   0.003138   0.014666  -0.011789
  189  H  13  Y   0.035360  -0.147307   0.009202   0.007112  -0.039568
  190  H  13  Z   0.043101   0.108553  -0.351679  -0.017554   0.056344

                    146        147        148        149        150
                    3.0098     3.0401     3.0557     3.0726     3.0902
                     A          A          A          A          A   
    1  C   1  S  -0.006785  -0.003227  -0.000520   0.000433   0.000800
    2  C   1  S  -0.008500  -0.006883   0.003669  -0.012891  -0.005501
    3  C   1  S  -0.063572   0.264371  -0.420399   1.726451   0.262872
    4  C   1  S   0.040119  -0.590926   0.931747  -3.876552  -0.689768
    5  C   1  S   3.560453   1.171707   1.350709   0.622476   2.370370
    6  C   1  X   0.220610   0.067054   0.024284  -0.041123   0.053334
    7  C   1  Y   0.065493   0.033790   0.033153  -0.042022  -0.038326
    8  C   1  Z  -0.003885   0.002357   0.007439  -0.003117  -0.008082
    9  C   1  X  -1.562642  -0.917371  -0.402216   0.082047   0.028730
   10  C   1  Y   0.234825   0.148605   0.190052  -1.935809  -0.855679
   11  C   1  Z   0.058939  -0.129517  -0.069745  -0.065615   0.091472
   12  C   1  X  -1.912271  -0.631000   1.391706  -2.522577  -1.109963
   13  C   1  Y  -0.636141   0.579105   0.835693   0.473063  -0.093032
   14  C   1  Z  -0.047376   0.230781   0.048397   0.079306  -0.084369
   15  C   1 XX   0.088577  -0.086116  -0.431341   0.877905   0.228221
   16  C   1 YY  -0.044521   0.358599   0.142003   0.522142  -0.027728
   17  C   1 ZZ  -0.163440   0.115191  -0.284932   1.071621   0.113199
   18  C   1 XY  -0.224176   0.052976   0.086323   0.035875   0.219747
   19  C   1 XZ   0.106155   0.213585   0.008044   0.126946  -0.316400
   20  C   1 YZ  -0.049978   0.062498   0.218750   0.179840  -0.219686
   21  C   2  S   0.000537   0.003936   0.004930   0.010073   0.001417
   22  C   2  S  -0.016766  -0.013207  -0.022799   0.095567   0.009178
   23  C   2  S   1.717351   1.361356   2.100331  -5.283580  -0.466324
   24  C   2  S  -4.056838  -3.200569  -4.925193  12.078994   1.011760
   25  C   2  S  -1.408459  -0.794858  -1.095127  -0.465925  -1.007768
   26  C   2  X   0.151334   0.044237   0.016778   0.012928   0.007521
   27  C   2  Y  -0.027155   0.022333   0.052225  -0.001228   0.005756
   28  C   2  Z   0.002784  -0.019830   0.006309  -0.002056   0.004292
   29  C   2  X   1.575964   1.155400   1.642287  -1.959358   0.117322
   30  C   2  Y   0.063735  -0.032302  -0.106479  -0.751278  -0.723927
   31  C   2  Z   0.018612   0.096096  -0.008170  -0.023783  -0.010512
   32  C   2  X   2.049808   0.534292  -0.668773   2.002350   1.040818
   33  C   2  Y   0.458445   0.749305   1.391802   0.099986   1.063628
   34  C   2  Z   0.012946  -0.194169   0.016385   0.009119   0.049954
   35  C   2 XX   0.652062   0.362998   0.518914  -2.132551  -0.603962
   36  C   2 YY   0.707861   0.589220   0.933236  -1.939523   0.172451
   37  C   2 ZZ   1.011474   0.854743   1.320593  -3.002868  -0.233066
   38  C   2 XY  -0.045882   0.148189   0.380392  -0.463225   0.282639
   39  C   2 XZ  -0.027511  -0.208726   0.019944  -0.030363   0.127589
   40  C   2 YZ   0.006080  -0.072802   0.182604   0.097082  -0.109741
   41  C   3  S   0.006778   0.001008  -0.004835   0.003706  -0.012588
   42  C   3  S   0.035769   0.022721   0.024679  -0.026819  -0.020868
   43  C   3  S  -1.470622  -1.527329  -2.346576   2.304554   0.182079
   44  C   3  S   3.176244   3.551492   5.614419  -5.536961  -0.219775
   45  C   3  S   3.261205   0.726037  -0.121819   1.194515   1.450555
   46  C   3  X   0.020317   0.076100   0.174828  -0.265876   0.108816
   47  C   3  Y   0.154366  -0.013717  -0.066136   0.003376  -0.005407
   48  C   3  Z  -0.004616  -0.003774   0.000492  -0.007422   0.009224
   49  C   3  X   1.110139   0.873965   1.277822  -1.739782   0.374919
   50  C   3  Y  -1.261818  -0.870142  -1.117733   0.879527  -0.460777
   51  C   3  Z   0.047907  -0.117392   0.100996   0.005856   0.009646
   52  C   3  X   0.003363  -0.476176  -0.880606   0.509765  -0.073246
   53  C   3  Y  -0.610665  -0.105076  -0.973372   0.903517  -0.552473
   54  C   3  Z  -0.011894   0.165474  -0.084744  -0.026348  -0.013385
   55  C   3 XX  -0.346569  -0.550722  -0.874212   0.746856   0.045065
   56  C   3 YY  -0.739351  -0.648693  -0.943040   1.010958   0.230051
   57  C   3 ZZ  -0.896159  -0.865964  -1.330346   1.321113   0.044534
   58  C   3 XY  -0.266724  -0.187422  -0.260593   0.257247  -0.032073
   59  C   3 XZ  -0.060620   0.060062  -0.188535  -0.129129   0.154943
   60  C   3 YZ  -0.077532   0.336271  -0.235249  -0.059022   0.004605
   61  N   4  S   0.014643  -0.000032   0.001531  -0.013750   0.000074
   62  N   4  S   0.155268   0.043926   0.096567  -0.119078   0.085682
   63  N   4  S  -4.083075  -1.503366  -3.202735   3.074359  -2.828878
   64  N   4  S   8.641433   3.242325   6.871330  -6.289658   6.223012
   65  N   4  S  -2.718538  -1.089886  -2.100228   0.688404  -2.599546
   66  N   4  X  -0.231366   0.109939   0.211564   0.115816   0.111303
   67  N   4  Y   0.066907  -0.126876  -0.217860   0.139531  -0.189573
   68  N   4  Z   0.009261  -0.062568   0.054313   0.015440  -0.002449
   69  N   4  X   0.355748  -0.316886  -0.536458  -0.284309  -0.402004
   70  N   4  Y   0.039443   0.312767   0.529879  -0.340029   0.773722
   71  N   4  Z  -0.012628   0.093871  -0.105392  -0.035680   0.009464
   72  N   4  X  -1.666113  -0.367598  -0.346957   0.100245  -0.616117
   73  N   4  Y   0.806391  -0.079142  -0.108607  -0.369925   0.274556
   74  N   4  Z  -0.003711  -0.128846   0.100419   0.035367  -0.020079
   75  N   4 XX  -2.049324  -0.799999  -1.665252   1.543204  -1.497125
   76  N   4 YY  -2.019898  -0.697129  -1.484709   1.366214  -1.400281
   77  N   4 ZZ  -1.908431  -0.741769  -1.621703   1.643658  -1.267820
   78  N   4 XY  -0.060441   0.040165   0.047632  -0.041095  -0.001800
   79  N   4 XZ  -0.210448   0.685567  -0.511666  -0.162732   0.079841
   80  N   4 YZ   0.004595  -0.198089  -0.068444  -0.101196   0.155147
   81  C   5  S   0.006056  -0.008128  -0.010068  -0.012264  -0.008702
   82  C   5  S   0.049526  -0.020499  -0.037361  -0.038128  -0.008029
   83  C   5  S  -1.129737   0.309109   0.787842   0.009765  -0.966609
   84  C   5  S   2.591660  -0.604705  -1.713361  -0.065738   2.171430
   85  C   5  S   1.871790   1.192210   1.457445   0.637981   1.438333
   86  C   5  X  -0.076377  -0.033004  -0.016000  -0.112091  -0.065744
   87  C   5  Y  -0.057771   0.063772   0.037824   0.073301   0.022660
   88  C   5  Z   0.000890  -0.007908   0.001468  -0.001474  -0.000656
   89  C   5  X   0.698016   0.297824   0.149083   0.731950   0.641171
   90  C   5  Y   0.112291   0.124080   0.402277   0.047551   0.731162
   91  C   5  Z   0.006347  -0.075287   0.090815   0.033356  -0.005367
   92  C   5  X   0.568015   0.671830   0.865589   0.481313   0.648396
   93  C   5  Y   0.219295  -0.245534  -0.521369   0.236159   0.344903
   94  C   5  Z   0.014969   0.030231  -0.075397  -0.012352   0.027339
   95  C   5 XX  -0.448802   0.087885   0.273291  -0.091114  -0.502564
   96  C   5 YY  -0.414937   0.105828   0.282673  -0.036691  -0.352873
   97  C   5 ZZ  -0.500096   0.139522   0.364468  -0.156459  -0.661726
   98  C   5 XY  -0.238773   0.012914   0.069949   0.034400   0.037970
   99  C   5 XZ   0.017076  -0.059078   0.126044   0.064604  -0.054395
  100  C   5 YZ   0.002891  -0.091498  -0.079800  -0.079095   0.101621
  101  N   6  S   0.030622   0.008891   0.000719   0.009983   0.023617
  102  N   6  S   0.426169   0.155006   0.008163   0.224177   0.280636
  103  N   6  S -12.397105  -4.657506  -0.247245  -6.863246  -7.880057
  104  N   6  S  26.381328   9.951605   0.491157  14.785087  16.668235
  105  N   6  S  -8.401799  -3.250919  -0.360023  -5.012813  -5.024215
  106  N   6  X  -0.071949   0.115737   0.132146   0.210610  -0.047331
  107  N   6  Y   0.296473   0.077918  -0.035781   0.133928   0.037299
  108  N   6  Z   0.006559  -0.123028   0.022763  -0.046268   0.076565
  109  N   6  X   0.401389  -0.371960  -0.565266  -0.509514  -0.070344
  110  N   6  Y  -0.834450  -0.244018  -0.001343  -0.223294  -0.233375
  111  N   6  Z  -0.009896   0.281808  -0.041009   0.118794  -0.194999
  112  N   6  X  -0.691880   0.324139   0.658352  -0.115902  -0.454948
  113  N   6  Y  -0.941986  -0.470243  -0.151725  -0.734337  -0.801997
  114  N   6  Z   0.054864  -0.150476   0.046304  -0.049392   0.082589
  115  N   6 XX  -6.289872  -2.439406  -0.178531  -3.698496  -4.074226
  116  N   6 YY  -6.271508  -2.239651  -0.003306  -3.284011  -3.859892
  117  N   6 ZZ  -5.823410  -2.229519  -0.195491  -3.173643  -3.737709
  118  N   6 XY  -0.062553   0.029899   0.081282  -0.022584   0.014918
  119  N   6 XZ   0.009749   0.168496   0.331475   0.291070  -0.399859
  120  N   6 YZ   0.051816   0.228533  -0.026227   0.089466  -0.203190
  121  O   7  S  -0.006648  -0.001328  -0.001489   0.002736   0.004956
  122  O   7  S  -0.001941  -0.000378  -0.010195   0.025318   0.034585
  123  O   7  S  -0.326569  -0.070230   0.230259  -0.601004  -0.768837
  124  O   7  S   0.806521   0.145025  -0.482184   1.150460   1.454338
  125  O   7  S  -0.262255   0.155313   0.312112   0.386773   0.294616
  126  O   7  X   0.198008  -0.234012  -0.363342  -0.268740  -0.341637
  127  O   7  Y   0.267863   0.079912   0.092622  -0.135979  -0.122254
  128  O   7  Z  -0.034160   0.073068   0.010383   0.013865  -0.035078
  129  O   7  X  -0.174489   0.451671   0.669906   0.534666   0.620890
  130  O   7  Y  -0.372441  -0.092656  -0.118735   0.290162   0.217440
  131  O   7  Z   0.059481  -0.141666   0.000255  -0.017967   0.058845
  132  O   7  X  -0.159233  -0.328926  -0.422711  -0.256927  -0.368849
  133  O   7  Y   0.177832   0.134608   0.205624  -0.116283  -0.119765
  134  O   7  Z  -0.044551   0.108689  -0.002841   0.009553  -0.046201
  135  O   7 XX  -0.231986  -0.115856   0.025464  -0.333534  -0.468434
  136  O   7 YY  -0.091056  -0.056492   0.045698  -0.197301  -0.380444
  137  O   7 ZZ  -0.163221   0.061493   0.270629  -0.372680  -0.311631
  138  O   7 XY   0.095587   0.013084   0.014210  -0.100666  -0.046679
  139  O   7 XZ  -0.021316   0.155531  -0.003668   0.050837  -0.105249
  140  O   7 YZ  -0.015175   0.014442  -0.172262  -0.118115   0.142570
  141  N   8  S   0.004499  -0.007193  -0.003615  -0.013553  -0.012560
  142  N   8  S   0.018041  -0.066124   0.051404  -0.220002  -0.100702
  143  N   8  S  -0.440470   1.756433  -1.804793   6.417710   2.657699
  144  N   8  S   0.826458  -3.694553   4.006528 -13.645402  -5.471016
  145  N   8  S   0.656858   1.363396  -1.343048   3.276048   0.683068
  146  N   8  X   0.073737  -0.018005  -0.131011  -0.102201  -0.098163
  147  N   8  Y  -0.135961  -0.114167  -0.080009  -0.137683   0.150306
  148  N   8  Z  -0.002900  -0.009478  -0.024054  -0.008908   0.008123
  149  N   8  X  -0.368879  -0.275579   0.154704   0.530774   0.411018
  150  N   8  Y   0.228012   0.461539   0.243968   0.659763  -0.342609
  151  N   8  Z  -0.005031   0.000122   0.066394   0.032564   0.014961
  152  N   8  X   0.169112  -0.315473  -0.130045  -0.415519   0.029930
  153  N   8  Y  -0.280515  -0.358931  -0.618694   0.218884   0.490753
  154  N   8  Z   0.031751  -0.057383  -0.089346   0.000902   0.014108
  155  N   8 XX  -0.257619   0.874393  -0.899650   3.151207   1.253776
  156  N   8 YY  -0.235711   0.957060  -0.855189   3.309789   1.395945
  157  N   8 ZZ  -0.214715   0.765235  -0.862509   3.019613   1.329799
  158  N   8 XY  -0.045312   0.026489   0.007136  -0.038792  -0.078540
  159  N   8 XZ   0.217749  -0.039591  -0.164181  -0.025057   0.019702
  160  N   8 YZ   0.001571  -0.074451  -0.009220  -0.027874   0.386209
  161  H   9  S   0.440620   0.118752  -0.025598  -0.179927  -0.234480
  162  H   9  S  -0.912872  -0.348814  -0.208137   0.620547   0.501984
  163  H   9  S  -0.827950  -0.432160  -0.108132  -1.276406  -1.054599
  164  H   9  X   0.061546   0.023778   0.053484  -0.047691   0.014700
  165  H   9  Y   0.310998   0.063938   0.014984  -0.124515  -0.193902
  166  H   9  Z   0.004529   0.141197  -0.082737  -0.014258  -0.032627
  167  H  10  S   0.191860  -0.216091  -0.442395   0.200754  -0.083543
  168  H  10  S  -0.076668   0.508381   0.897479  -0.526628   0.173125
  169  H  10  S   0.280982  -0.231162   0.150132  -0.495531   0.093002
  170  H  10  X  -0.034537  -0.087919  -0.182082   0.350828  -0.097017
  171  H  10  Y  -0.048523  -0.123150  -0.142438   0.041358  -0.015713
  172  H  10  Z   0.032080  -0.184657   0.107850   0.029826   0.006367
  173  H  11  S   0.287874  -0.106974  -0.253855   0.089028  -0.070930
  174  H  11  S  -0.552359  -0.048556   0.088499  -0.073622  -0.213801
  175  H  11  S  -0.600302  -0.049182  -0.019356   0.251689  -0.082505
  176  H  11  X  -0.085128   0.000285   0.023228  -0.008737  -0.172594
  177  H  11  Y  -0.065226   0.013354  -0.001305   0.072476  -0.139894
  178  H  11  Z  -0.133258   0.472187  -0.284242  -0.066729   0.004419
  179  H  12  S  -0.094431  -0.079911  -0.156315   0.012273   0.210379
  180  H  12  S   0.190783   0.110489   0.283349  -0.531838  -0.419406
  181  H  12  S   0.087927   0.204352   0.102212   0.326040   0.146095
  182  H  12  X  -0.074310   0.067036   0.037482   0.116929   0.083704
  183  H  12  Y  -0.052869  -0.185455  -0.061016   0.025060   0.113204
  184  H  12  Z  -0.153337   0.066720   0.060506   0.138844  -0.119426
  185  H  13  S   0.036618   0.133533   0.115106   0.148157  -0.169187
  186  H  13  S  -0.138279  -0.165052  -0.155490   0.042991   0.171104
  187  H  13  S  -0.178121  -0.101961  -0.197949   0.174713   0.141663
  188  H  13  X  -0.045507   0.150439   0.041736  -0.067996  -0.121575
  189  H  13  Y  -0.045360   0.050100  -0.047029   0.111692  -0.024579
  190  H  13  Z  -0.007057  -0.022372   0.011946  -0.049859   0.234690

                    151        152        153        154        155
                    3.1710     3.1994     3.2163     3.2501     3.2721
                     A          A          A          A          A   
    1  C   1  S  -0.002753  -0.005008  -0.019328  -0.018136   0.000229
    2  C   1  S  -0.001697  -0.019282  -0.043754  -0.042124   0.006555
    3  C   1  S  -0.414271   0.255978  -0.217222   0.247877  -0.239333
    4  C   1  S   0.957453  -0.539217   0.660045  -0.325808   0.513078
    5  C   1  S   2.156001  -0.526965   3.875274   0.845967   0.227092
    6  C   1  X  -0.048927   0.057407  -0.016922  -0.022694  -0.074168
    7  C   1  Y  -0.061378   0.002402   0.093328   0.046154  -0.079909
    8  C   1  Z   0.010297  -0.004515   0.005524   0.002428  -0.005679
    9  C   1  X   0.815054   0.173796   0.469783  -1.073478  -0.716162
   10  C   1  Y  -0.618040   0.140379  -0.506563   0.756158   0.194814
   11  C   1  Z   0.004679  -0.033695  -0.009361   0.007447   0.010220
   12  C   1  X   4.113290  -0.032972   1.106031   1.108944   0.586682
   13  C   1  Y   0.207165  -0.848361  -0.695242   1.025139  -1.079975
   14  C   1  Z  -0.045853   0.033621  -0.039704   0.062087  -0.036416
   15  C   1 XX  -0.172092   0.156516   0.005722  -0.170516  -0.159830
   16  C   1 YY  -0.179106  -0.027565  -0.111754   0.378583  -0.041264
   17  C   1 ZZ  -0.271092   0.122159  -0.333896   0.043972  -0.120003
   18  C   1 XY   0.003578   0.221323  -0.039257   0.127260   0.080733
   19  C   1 XZ   0.172339   0.088206   0.193701  -0.163559  -0.021284
   20  C   1 YZ  -0.092891   0.141782   0.010305  -0.025882   0.058238
   21  C   2  S   0.009666  -0.010947   0.002935   0.015334   0.008288
   22  C   2  S   0.038213  -0.044618   0.027119   0.024164   0.004150
   23  C   2  S  -1.423849   1.323295  -1.272927  -0.187245   0.486696
   24  C   2  S   3.088487  -2.982151   2.951484   0.245478  -1.276155
   25  C   2  S  -1.173626   0.435568  -1.597197  -3.004864   1.065790
   26  C   2  X   0.067641  -0.071132  -0.136591  -0.008282   0.146219
   27  C   2  Y  -0.026326   0.028453   0.075202  -0.059744  -0.124630
   28  C   2  Z   0.000272   0.000356  -0.004030   0.001914   0.010622
   29  C   2  X   0.125256   0.068692  -0.778791   0.385570   0.272950
   30  C   2  Y   0.028005  -0.542884  -0.359846   0.200875   0.412924
   31  C   2  Z   0.030500  -0.022495   0.012527   0.002654  -0.046837
   32  C   2  X  -2.315956  -0.750573   1.267621   0.333732  -0.809992
   33  C   2  Y   0.992988  -0.446628   1.475428   0.332409   0.126202
   34  C   2  Z  -0.028997   0.035428   0.009983  -0.040785   0.102427
   35  C   2 XX  -0.881646   0.474994  -0.127655   0.088036  -0.070590
   36  C   2 YY  -0.329962   0.583852  -0.962963  -0.598731   0.329185
   37  C   2 ZZ  -0.735022   0.641520  -0.616721   0.105644   0.315147
   38  C   2 XY   0.101722   0.271374   0.001320   0.116383   0.060485
   39  C   2 XZ  -0.073219  -0.022946  -0.064689   0.046164   0.012284
   40  C   2 YZ  -0.054631   0.065876  -0.001016   0.002214   0.024333
   41  C   3  S  -0.001768  -0.003700  -0.004388   0.003784   0.000682
   42  C   3  S   0.016722  -0.006433  -0.018792   0.033702   0.026615
   43  C   3  S  -1.064744   0.230183   0.597360  -1.589502  -1.270263
   44  C   3  S   2.517977  -0.445112  -1.446938   3.587840   3.008592
   45  C   3  S  -1.461481  -0.466808   2.328017   1.679277  -0.432869
   46  C   3  X   0.043957   0.093765  -0.046616   0.020611   0.168888
   47  C   3  Y  -0.079592   0.050694   0.186225   0.115059  -0.062631
   48  C   3  Z  -0.001245  -0.004054  -0.006058   0.003911  -0.002580
   49  C   3  X  -0.427581   0.879995  -0.483690  -0.004165  -0.715132
   50  C   3  Y  -0.560747  -0.033459   0.770825  -0.214755  -0.371528
   51  C   3  Z  -0.026586   0.020153  -0.020897   0.005920   0.019684
   52  C   3  X  -0.192397   0.546304  -0.254750   0.447419  -0.267099
   53  C   3  Y  -1.443303  -0.262389  -2.089195  -1.061476  -0.245001
   54  C   3  Z   0.031615  -0.028554   0.015251   0.026783  -0.074300
   55  C   3 XX  -0.402787   0.036608   0.207395  -0.287010  -0.187363
   56  C   3 YY  -0.398581   0.224608   0.307065  -0.844821  -0.722820
   57  C   3 ZZ  -0.571508   0.105603   0.248906  -0.918657  -0.682211
   58  C   3 XY  -0.163626   0.152253   0.359416   0.080398  -0.340150
   59  C   3 XZ  -0.008843  -0.039640  -0.037354   0.032958   0.003140
   60  C   3 YZ   0.044956  -0.014845   0.027166  -0.011913  -0.020012
   61  N   4  S  -0.011439   0.000161   0.021126   0.001234  -0.003474
   62  N   4  S  -0.059668  -0.026123   0.239612   0.029547   0.021786
   63  N   4  S   1.488355   1.220293  -6.771221  -0.685436  -0.842320
   64  N   4  S  -2.875468  -2.510853  14.267965   1.572658   1.799664
   65  N   4  S  -0.227413   0.860248  -4.386060  -0.876066  -0.166035
   66  N   4  X  -0.016679  -0.344169   0.054104  -0.164920   0.010262
   67  N   4  Y   0.183024  -0.182036  -0.132176   0.110572   0.419138
   68  N   4  Z  -0.012864   0.002518  -0.003221  -0.000392   0.000306
   69  N   4  X  -0.387308   0.335386   0.096933  -0.152608  -0.149754
   70  N   4  Y  -0.310035   1.093411   0.048876  -0.578164  -1.522250
   71  N   4  Z   0.023207  -0.018267   0.009284  -0.002139  -0.000543
   72  N   4  X  -0.818139  -0.680948  -0.622898  -1.596697  -0.877271
   73  N   4  Y   0.378635   0.948980  -0.428267   0.427755  -0.056398
   74  N   4  Z  -0.039520  -0.004894  -0.023121  -0.012169  -0.003886
   75  N   4 XX   0.693058   0.623388  -3.353990  -0.203279  -0.360392
   76  N   4 YY   0.758950   0.604933  -3.434014  -0.508435  -0.344337
   77  N   4 ZZ   0.866034   0.738244  -3.303131  -0.200995  -0.507854
   78  N   4 XY  -0.090705   0.004916   0.090740   0.096223   0.004638
   79  N   4 XZ   0.047847  -0.030768   0.011249  -0.005280  -0.013571
   80  N   4 YZ  -0.017067  -0.022877  -0.024757   0.019519  -0.009516
   81  C   5  S  -0.001359   0.006854  -0.008540  -0.011602   0.006979
   82  C   5  S  -0.018760   0.061773  -0.030622  -0.036583   0.001326
   83  C   5  S   0.827737  -2.055598  -0.053142   0.582230   1.048464
   84  C   5  S  -2.033487   4.597736   0.088704  -1.267172  -2.463973
   85  C   5  S   1.768786  -0.083284   0.900105   2.133598   0.313725
   86  C   5  X  -0.036240   0.064521  -0.074032  -0.004085  -0.068583
   87  C   5  Y  -0.074047  -0.032452  -0.053477  -0.011683  -0.029912
   88  C   5  Z   0.000284   0.000433  -0.000794  -0.001434  -0.001651
   89  C   5  X   0.241257  -0.125099   0.659176   0.731236   0.612182
   90  C   5  Y   0.300210   0.592009   0.435139  -0.026099  -0.920422
   91  C   5  Z  -0.038778  -0.000100  -0.027185   0.037991   0.017923
   92  C   5  X   0.970764  -0.218645   0.596149   0.994957   0.267523
   93  C   5  Y  -0.986087  -0.230124   0.538273  -0.556100   0.042183
   94  C   5  Z   0.049008   0.025823   0.057209  -0.043736   0.054191
   95  C   5 XX   0.344666  -0.869649  -0.036005   0.331542   0.621926
   96  C   5 YY   0.346568  -0.601389  -0.155411   0.082736   0.159206
   97  C   5 ZZ   0.390045  -1.063024  -0.189844   0.240696   0.654074
   98  C   5 XY  -0.042233  -0.074278   0.086748   0.140444  -0.019683
   99  C   5 XZ  -0.019707   0.014669  -0.005889   0.006488   0.011895
  100  C   5 YZ   0.002234  -0.021483  -0.002673   0.003382  -0.007698
  101  N   6  S  -0.002471   0.010260   0.005026  -0.008599   0.002876
  102  N   6  S  -0.082762   0.065581   0.089891  -0.038173   0.005911
  103  N   6  S   2.592680  -1.575842  -2.660275   0.565227  -0.079380
  104  N   6  S  -5.618519   3.224412   5.706461  -0.944964   0.160877
  105  N   6  S   1.527807  -0.466388  -2.296236  -1.139213  -0.986978
  106  N   6  X   0.070521  -0.197093  -0.009703   0.064478   0.021780
  107  N   6  Y  -0.074674  -0.033965   0.129926   0.208206   0.075044
  108  N   6  Z  -0.013495  -0.049802  -0.041559   0.039366  -0.020669
  109  N   6  X  -0.292879   0.543022  -0.022876  -0.214060  -0.023563
  110  N   6  Y   0.142888  -0.039982  -0.327448  -0.610410  -0.343408
  111  N   6  Z   0.037988   0.132253   0.111780  -0.104373   0.053727
  112  N   6  X   0.671721  -0.252228  -0.634720   1.053429   0.288372
  113  N   6  Y   0.355398   0.162706  -0.397283  -0.092271   0.107170
  114  N   6  Z   0.007985  -0.096322  -0.037034   0.057735  -0.073316
  115  N   6 XX   1.157136  -0.867989  -1.246056   0.234495  -0.091960
  116  N   6 YY   1.493100  -0.737557  -1.460952   0.139070  -0.043128
  117  N   6 ZZ   1.172625  -0.741947  -1.223336   0.419450  -0.004356
  118  N   6 XY   0.023123   0.091027  -0.025759   0.072708  -0.167043
  119  N   6 XZ  -0.009140   0.133300   0.075530  -0.070421   0.024530
  120  N   6 YZ   0.093138   0.065334   0.119864  -0.090614  -0.009061
  121  O   7  S  -0.005167   0.005998   0.002217  -0.000911  -0.005418
  122  O   7  S  -0.018364   0.051585  -0.002275  -0.018690  -0.029261
  123  O   7  S   0.307403  -1.214538   0.194988   0.516406   0.540088
  124  O   7  S  -0.522311   2.447876  -0.506125  -1.052257  -1.029567
  125  O   7  S   0.058562  -0.594549   0.657375   0.309409   0.281863
  126  O   7  X  -0.115518   0.086845  -0.267057  -0.239472   0.000522
  127  O   7  Y   0.224597   0.123821  -0.219480   0.001446  -0.070882
  128  O   7  Z  -0.017361   0.001983  -0.019823   0.015791  -0.008494
  129  O   7  X   0.311123  -0.229193   0.508260   0.408768   0.051416
  130  O   7  Y  -0.343591  -0.311651   0.418539   0.012176   0.223647
  131  O   7  Z   0.026573  -0.002380   0.033435  -0.027282   0.016771
  132  O   7  X  -0.329486   0.053938  -0.232182  -0.296780  -0.037119
  133  O   7  Y   0.402848   0.137454  -0.264955   0.120540  -0.087855
  134  O   7  Z  -0.019709  -0.004134  -0.030618   0.025143  -0.027689
  135  O   7 XX   0.189284  -0.569241   0.003882   0.293700   0.240869
  136  O   7 YY   0.325862  -0.372972  -0.092794   0.417268  -0.009489
  137  O   7 ZZ  -0.036366  -0.869780   0.371688   0.058934   0.563770
  138  O   7 XY  -0.082910  -0.068725   0.051693  -0.112927   0.084205
  139  O   7 XZ   0.015262   0.051740   0.033796  -0.033159  -0.016003
  140  O   7 YZ   0.031498  -0.078862  -0.015140   0.016886   0.016820
  141  N   8  S   0.020141  -0.001701   0.009202   0.010504   0.010212
  142  N   8  S   0.323313   0.004184   0.161789   0.127354   0.114968
  143  N   8  S  -9.809032  -0.346485  -4.910123  -3.802697  -3.310544
  144  N   8  S  20.902723   0.759979  10.526341   7.921616   6.893809
  145  N   8  S  -7.278830  -0.309820  -4.147328  -1.351815  -1.399664
  146  N   8  X  -0.424509   0.106364  -0.185281  -0.035774   0.253252
  147  N   8  Y   0.049332   0.430329   0.198599  -0.232835   0.403790
  148  N   8  Z   0.013517   0.010205   0.033508  -0.048654   0.011134
  149  N   8  X   0.898632  -0.237768   0.736628  -0.819744  -0.499769
  150  N   8  Y  -0.167886  -0.457570  -0.328930   0.544373   0.301956
  151  N   8  Z  -0.116292  -0.017381  -0.081294  -0.011222  -0.013325
  152  N   8  X   0.640990   0.289277   0.705781  -0.107697   0.772212
  153  N   8  Y  -0.559998   0.992783  -0.051393  -0.836234   1.272431
  154  N   8  Z  -0.096277   0.003169  -0.010804  -0.101716   0.035287
  155  N   8 XX  -5.013359  -0.093301  -2.453041  -2.009661  -1.639482
  156  N   8 YY  -4.990619  -0.237592  -2.568013  -1.768471  -1.618837
  157  N   8 ZZ  -4.658043  -0.227322  -2.288847  -1.971476  -1.712243
  158  N   8 XY  -0.118560   0.221096  -0.047075   0.046681   0.018436
  159  N   8 XZ   0.354734  -0.190023   0.235990  -0.228398  -0.090907
  160  N   8 YZ  -0.065135  -0.316817  -0.245015   0.255321   0.118932
  161  H   9  S  -0.233904  -0.194405  -0.383713  -0.391570   0.102622
  162  H   9  S   0.231832   0.538010   0.922957   0.735704  -0.317549
  163  H   9  S   0.740508   0.400356  -1.409255  -0.541470   0.473449
  164  H   9  X   0.184531  -0.110887  -0.268213  -0.282012   0.074251
  165  H   9  Y  -0.146417  -0.078853   0.045247   0.036613  -0.103241
  166  H   9  Z   0.050142  -0.005654   0.028889  -0.020595  -0.014058
  167  H  10  S  -0.322658   0.029142   0.306883   0.300017  -0.023627
  168  H  10  S   0.712851   0.010087  -1.076687  -0.718552   0.089308
  169  H  10  S   0.627566   0.250191   1.466102   0.884574   0.116995
  170  H  10  X   0.246235  -0.297617  -0.224097  -0.027805   0.332415
  171  H  10  Y  -0.075853   0.032272   0.350294   0.238644   0.015916
  172  H  10  Z  -0.023296   0.006794  -0.016358   0.003159   0.014996
  173  H  11  S   0.324939   0.426800  -0.289568   0.389543   0.190847
  174  H  11  S  -0.809478  -1.170185   0.746845  -0.936867  -0.309964
  175  H  11  S   0.015654  -0.134548  -0.169131  -0.206589  -0.322295
  176  H  11  X  -0.220452  -0.500732   0.277137  -0.051940   0.132497
  177  H  11  Y   0.176827  -0.148563  -0.036347   0.368987   0.380607
  178  H  11  Z   0.026511  -0.012000   0.017116  -0.008971  -0.004530
  179  H  12  S  -0.514749   0.322267  -0.083912  -0.370965   0.350515
  180  H  12  S   1.037153  -0.521067   0.138194   1.021177  -0.929904
  181  H  12  S  -0.372503  -0.071688  -0.217495  -0.124529  -0.257793
  182  H  12  X  -0.337913   0.124033  -0.137136  -0.120607   0.436260
  183  H  12  Y   0.101526   0.051418   0.275131  -0.494068  -0.023660
  184  H  12  Z  -0.190458   0.270116  -0.001324  -0.075227   0.151928
  185  H  13  S  -0.327615  -0.471973  -0.323624   0.059075  -0.620577
  186  H  13  S   0.823247   0.863415   0.677472   0.011264   1.693683
  187  H  13  S  -0.397176   0.102144  -0.258711  -0.243016  -0.064501
  188  H  13  X  -0.312204   0.117614  -0.302824   0.317286  -0.033599
  189  H  13  Y   0.120485   0.290851   0.104505   0.115460   0.631596
  190  H  13  Z  -0.046668  -0.214555  -0.169642   0.203216  -0.039809

                    156        157        158        159        160
                    3.3162     3.3251     3.3320     3.3974     3.5141
                     A          A          A          A          A   
    1  C   1  S  -0.000142  -0.007237  -0.012884  -0.016060   0.011046
    2  C   1  S   0.001722  -0.040255  -0.074765  -0.032927   0.015980
    3  C   1  S  -0.080825   1.222418   2.920388   0.894620   0.541865
    4  C   1  S   0.205284  -2.952326  -6.696130  -1.702874  -1.482336
    5  C   1  S  -0.170937   4.533753   2.827757   0.982080   2.421995
    6  C   1  X  -0.002570   0.018791   0.024103  -0.088362  -0.105132
    7  C   1  Y   0.010846  -0.062920  -0.029608   0.099983  -0.000296
    8  C   1  Z  -0.009170   0.003200   0.003585  -0.001219   0.006787
    9  C   1  X  -0.014786  -0.704664   0.318052  -0.850982  -0.337835
   10  C   1  Y  -0.000177  -0.239331  -0.822937  -0.823262   0.433954
   11  C   1  Z  -0.005195  -0.002312  -0.012761   0.013798   0.006800
   12  C   1  X  -0.094938   0.733061   1.229991   1.358922   1.208917
   13  C   1  Y   0.019115  -1.483517  -0.318244  -0.409195  -0.381866
   14  C   1  Z  -0.039151   0.009861   0.086849  -0.021735  -0.003823
   15  C   1 XX  -0.054646   0.627248   1.367555   0.136000   0.375006
   16  C   1 YY   0.003012   0.340776   0.835498   0.696270   0.012676
   17  C   1 ZZ  -0.041537   0.505618   1.539815   0.486124   0.354120
   18  C   1 XY  -0.026831   0.165772   0.193792  -0.274479   0.034140
   19  C   1 XZ   0.055160  -0.020366  -0.065622  -0.052649   0.013840
   20  C   1 YZ   0.099673   0.021637   0.012090  -0.012778   0.002346
   21  C   2  S  -0.000455  -0.002329  -0.014944  -0.015026   0.005962
   22  C   2  S  -0.001876  -0.004462  -0.000957  -0.015337  -0.022576
   23  C   2  S   0.132230  -0.063696  -2.539960  -0.460683   0.836407
   24  C   2  S  -0.297742   0.171438   6.112496   1.380969  -2.137268
   25  C   2  S   0.040174   0.549292  -0.339091   0.199054  -0.824845
   26  C   2  X  -0.009532   0.034770  -0.096731  -0.138208  -0.214468
   27  C   2  Y   0.019318  -0.046281  -0.008061   0.205505  -0.278955
   28  C   2  Z   0.001913   0.003859  -0.000936   0.003340   0.000377
   29  C   2  X   0.066232   0.066225  -1.134508   0.656549   0.101669
   30  C   2  Y   0.011938  -0.160967  -0.886844   0.033379   0.012215
   31  C   2  Z   0.004246  -0.017850  -0.011144  -0.023242   0.001286
   32  C   2  X   0.008260   0.865809   0.113603  -0.797037   0.108526
   33  C   2  Y  -0.067135   1.452628   0.754668   0.167208   0.760964
   34  C   2  Z  -0.007474   0.026066  -0.051245   0.052758  -0.004675
   35  C   2 XX   0.100053  -0.236772  -1.106760   0.354396  -0.051944
   36  C   2 YY   0.022766   0.195440  -0.833529  -0.430744   0.405869
   37  C   2 ZZ   0.069569  -0.063767  -1.557782  -0.371289   0.446927
   38  C   2 XY  -0.006527  -0.058297  -0.204479  -0.335930  -0.440285
   39  C   2 XZ  -0.046927   0.002892   0.021071   0.024615  -0.006434
   40  C   2 YZ   0.058562   0.011486   0.012583  -0.008372   0.004512
   41  C   3  S   0.001096  -0.014441  -0.004259   0.014038   0.014579
   42  C   3  S   0.001285  -0.034525  -0.028777   0.014810  -0.002440
   43  C   3  S  -0.023470   0.746931   1.965562   0.276320   0.143693
   44  C   3  S   0.037903  -1.466391  -4.573294  -0.851879  -0.561153
   45  C   3  S  -0.019436   0.360674   0.239525  -0.570846   1.646522
   46  C   3  X  -0.011982   0.022454  -0.101952  -0.247878  -0.037646
   47  C   3  Y   0.004734   0.002851   0.024173   0.010625  -0.335843
   48  C   3  Z   0.003060  -0.001998   0.001606  -0.004703  -0.000012
   49  C   3  X   0.086707   0.045175  -0.448531   0.317820   0.025186
   50  C   3  Y  -0.047426   0.593274   1.076583  -0.386716  -2.075539
   51  C   3  Z  -0.007204   0.008282  -0.010361   0.020140   0.007026
   52  C   3  X   0.020252  -0.914081  -0.096855  -0.204633  -0.100163
   53  C   3  Y   0.076318  -1.199977  -0.845992  -0.147337  -0.414913
   54  C   3  Z   0.052113  -0.022735   0.026490  -0.042426   0.005810
   55  C   3 XX  -0.030848   0.279482   0.520984  -0.297260   0.363806
   56  C   3 YY  -0.007110   0.417771   1.069530   0.225256  -0.717503
   57  C   3 ZZ  -0.009631   0.344339   1.098860   0.277701   0.152209
   58  C   3 XY   0.027744  -0.300437   0.212276   0.439136   0.287931
   59  C   3 XZ  -0.089066  -0.000974  -0.004240   0.002910  -0.001970
   60  C   3 YZ   0.006056  -0.009673  -0.002055  -0.001163   0.004105
   61  N   4  S  -0.000068   0.006665   0.008233   0.004392   0.006998
   62  N   4  S  -0.006298   0.171255   0.067847  -0.026670   0.010675
   63  N   4  S   0.202612  -5.759209  -1.581034   1.160374   0.154780
   64  N   4  S  -0.427447  12.248294   3.232015  -2.467898  -0.205973
   65  N   4  S   0.061688  -3.698185  -0.205824  -0.318158  -2.017115
   66  N   4  X  -0.001751   0.393255  -0.138931   0.025564   0.173090
   67  N   4  Y  -0.038621  -0.093496   0.057017  -0.329960  -0.176649
   68  N   4  Z  -0.070099   0.006004  -0.005229   0.007528   0.003192
   69  N   4  X  -0.023012   0.095483   0.620672  -0.217884  -0.746026
   70  N   4  Y   0.139649  -0.110863   0.084131   1.271125   0.376222
   71  N   4  Z   0.167755  -0.001471   0.014792  -0.023570  -0.011770
   72  N   4  X   0.052001   1.524179  -0.134656   0.551287  -0.964091
   73  N   4  Y   0.024065  -0.468230  -0.292317  -0.055167   0.271866
   74  N   4  Z  -0.122102   0.018287  -0.002701   0.017514  -0.014103
   75  N   4 XX   0.102299  -2.892418  -0.918106   0.439138  -0.092479
   76  N   4 YY   0.086856  -2.936286  -0.547414   0.599081   0.018125
   77  N   4 ZZ   0.111102  -2.911439  -0.824635   0.683046   0.333000
   78  N   4 XY   0.012085   0.006565  -0.168219  -0.051634  -0.007602
   79  N   4 XZ  -0.041441  -0.004270  -0.004304  -0.002091  -0.007304
   80  N   4 YZ  -0.237946  -0.003129  -0.012157   0.016368   0.001764
   81  C   5  S  -0.000282  -0.016101   0.015026   0.008202  -0.002066
   82  C   5  S   0.000869  -0.034130   0.040313   0.024855   0.010396
   83  C   5  S  -0.100922  -0.094925  -0.242217  -0.689211  -0.921455
   84  C   5  S   0.236161   0.514508   0.307674   1.440462   2.133432
   85  C   5  S  -0.056089   0.101291  -0.456180  -0.121582   0.908981
   86  C   5  X   0.003235   0.088520  -0.035453  -0.031475   0.036220
   87  C   5  Y   0.007177  -0.037425  -0.095104   0.035158  -0.000400
   88  C   5  Z   0.003696   0.000500   0.000407  -0.000740  -0.000032
   89  C   5  X  -0.048237   0.340340  -0.247622  -0.592525   0.677314
   90  C   5  Y   0.104122  -0.352737  -0.140211   1.077927   0.533535
   91  C   5  Z   0.022122   0.010321   0.012717  -0.013359   0.004408
   92  C   5  X  -0.039831  -0.698794   0.191408  -0.074173   0.421880
   93  C   5  Y  -0.005528   0.964050   0.077935  -0.253086   0.121504
   94  C   5  Z   0.007553   0.001502  -0.045275   0.019409   0.003669
   95  C   5 XX  -0.064982   0.088014  -0.091882  -0.523502  -0.366144
   96  C   5 YY  -0.021827  -0.232489   0.002515   0.007756  -0.293702
   97  C   5 ZZ  -0.046826  -0.088205  -0.129529  -0.359559  -0.549112
   98  C   5 XY   0.023700  -0.267389  -0.255091   0.107026   0.056670
   99  C   5 XZ   0.193551   0.009392   0.013033  -0.012867   0.001780
  100  C   5 YZ  -0.312659  -0.005523  -0.021470   0.014502  -0.000827
  101  N   6  S  -0.001254   0.004690   0.009152  -0.017052  -0.004703
  102  N   6  S  -0.006396   0.023845   0.062101  -0.110299  -0.028633
  103  N   6  S   0.133884  -0.552315  -1.443530   2.518812   0.579295
  104  N   6  S  -0.269260   1.321633   2.907178  -5.153721  -1.045806
  105  N   6  S   0.093962  -2.009410  -0.238061   0.945959  -0.780111
  106  N   6  X   0.013014  -0.157893  -0.018153   0.326931  -0.172292
  107  N   6  Y   0.012817   0.087688  -0.185385   0.152397   0.199270
  108  N   6  Z   0.066148  -0.006384   0.020639  -0.001445  -0.001845
  109  N   6  X  -0.047266   0.518720   0.327609  -1.019770   0.615346
  110  N   6  Y  -0.013954  -0.470198   0.471755  -0.232295  -0.603685
  111  N   6  Z  -0.157798   0.021034  -0.051508  -0.003756   0.006788
  112  N   6  X  -0.002534  -1.062694  -0.949994  -0.058331  -0.389667
  113  N   6  Y   0.015302  -0.409256  -0.101746   0.187405  -0.039732
  114  N   6  Z   0.092804  -0.023717   0.018029  -0.027044   0.003124
  115  N   6 XX   0.074417  -0.546249  -0.826404   1.304751   0.463549
  116  N   6 YY   0.056973  -0.267781  -0.516332   1.215340  -0.023552
  117  N   6 ZZ   0.067450  -0.011881  -0.789505   1.181782   0.399469
  118  N   6 XY   0.008659   0.017172  -0.128037  -0.219024   0.078179
  119  N   6 XZ   0.304220  -0.003678  -0.002697  -0.036505  -0.002979
  120  N   6 YZ  -0.017753  -0.001677  -0.041089  -0.027862   0.010642
  121  O   7  S   0.000664  -0.004462  -0.002886   0.001912   0.001020
  122  O   7  S   0.002512  -0.017969   0.014199   0.008519  -0.015904
  123  O   7  S  -0.037452   0.299047  -0.570929  -0.125226   0.554597
  124  O   7  S   0.065385  -0.552129   1.249988   0.229538  -1.177041
  125  O   7  S  -0.005999  -0.012386  -0.333945  -0.108822   0.406723
  126  O   7  X  -0.008863   0.200489   0.152102  -0.024990  -0.102869
  127  O   7  Y   0.004564  -0.134837   0.051462   0.090900  -0.066157
  128  O   7  Z   0.005978  -0.000292   0.015003  -0.004465  -0.000814
  129  O   7  X   0.006128  -0.282147  -0.172408   0.032513   0.164120
  130  O   7  Y  -0.017350   0.282505  -0.067811  -0.226019   0.109507
  131  O   7  Z  -0.006740   0.001766  -0.027133   0.009446   0.001583
  132  O   7  X   0.011500   0.207988  -0.114314   0.030240  -0.099263
  133  O   7  Y   0.004240  -0.193278  -0.006857   0.084449  -0.035994
  134  O   7  Z  -0.007075  -0.007471   0.027349  -0.012223  -0.003070
  135  O   7 XX  -0.005269   0.301289  -0.428153  -0.036996   0.203199
  136  O   7 YY   0.012212   0.413898  -0.550115  -0.012318   0.328788
  137  O   7 ZZ  -0.062946  -0.264607   0.138136  -0.128552   0.301582
  138  O   7 XY  -0.021786  -0.209464   0.223252  -0.019470   0.094894
  139  O   7 XZ  -0.489841  -0.001604  -0.039404   0.011188  -0.002540
  140  O   7 YZ   0.774337  -0.001494   0.048521  -0.031149   0.000406
  141  N   8  S  -0.001077   0.015057   0.015401   0.012745   0.014730
  142  N   8  S  -0.010314   0.195215   0.150590   0.138264   0.166375
  143  N   8  S   0.303692  -5.721174  -4.532171  -4.028931  -4.589100
  144  N   8  S  -0.634460  12.084278   9.468791   8.482320   9.625882
  145  N   8  S   0.216343  -3.571769  -3.298887  -2.377226  -2.522491
  146  N   8  X   0.010139   0.012400  -0.180476   0.017541   0.091383
  147  N   8  Y   0.011590   0.067150  -0.142999   0.055066  -0.022496
  148  N   8  Z   0.000843  -0.010302  -0.046027  -0.008259  -0.002623
  149  N   8  X   0.064394  -0.518912  -0.506550   0.025285  -0.619353
  150  N   8  Y   0.063864   0.118323   0.048208   1.160997  -0.082157
  151  N   8  Z   0.014708  -0.072416  -0.101986  -0.003999  -0.062536
  152  N   8  X  -0.047052   0.914664   0.204988   0.434073   0.530519
  153  N   8  Y  -0.013177   0.215706  -0.496723   0.130080  -0.244138
  154  N   8  Z   0.011930  -0.045956  -0.143195  -0.022607  -0.023300
  155  N   8 XX   0.165321  -2.865087  -2.388386  -2.198354  -2.116133
  156  N   8 YY   0.148204  -2.871102  -2.247406  -1.920033  -2.384655
  157  N   8 ZZ   0.149782  -2.827082  -2.305954  -1.950731  -2.298879
  158  N   8 XY   0.002637   0.072257   0.162307  -0.116651  -0.098262
  159  N   8 XZ  -0.002729  -0.131459  -0.248147   0.049654  -0.078941
  160  N   8 YZ  -0.033273  -0.009731  -0.023012   0.333170  -0.077692
  161  H   9  S   0.006651   0.165285  -0.102681   0.138931   0.092584
  162  H   9  S  -0.039310  -0.271190   0.542686  -0.782533   0.709816
  163  H   9  S   0.021579  -0.775632  -0.411777   0.544760  -0.452069
  164  H   9  X   0.000719   0.046915  -0.046688   0.157061  -0.589441
  165  H   9  Y   0.031601  -0.070622  -0.099990   0.453785  -0.415363
  166  H   9  Z   0.001836  -0.003966  -0.004740  -0.008897   0.000052
  167  H  10  S  -0.004429  -0.025870  -0.000872  -0.153449   0.079943
  168  H  10  S   0.040513  -0.369359  -0.389129   0.664301   1.741443
  169  H  10  S  -0.050502   0.659984   0.517962  -0.139367  -0.283978
  170  H  10  X  -0.027828   0.045690  -0.068697  -0.214019   0.161788
  171  H  10  Y  -0.020839   0.237426   0.138407  -0.293166  -1.215714
  172  H  10  Z  -0.014870   0.002785  -0.000761   0.003071   0.004928
  173  H  11  S  -0.005072  -0.823292   0.068613  -0.129590   0.028260
  174  H  11  S  -0.018962   2.225658   0.056019   0.117961  -0.259247
  175  H  11  S   0.018622  -0.077733   0.009784   0.236794  -0.261307
  176  H  11  X  -0.020270   0.535079  -0.084920  -0.147619   0.091851
  177  H  11  Y  -0.015901  -0.310713  -0.222220  -0.262844  -0.035363
  178  H  11  Z   0.014406   0.008141  -0.000624  -0.001102   0.001085
  179  H  12  S   0.019107  -0.103604  -0.451212  -0.080803  -0.024206
  180  H  12  S  -0.115165   0.423875   1.455644  -0.334445   0.501460
  181  H  12  S   0.055415  -0.401687  -0.277686  -0.118653  -0.283776
  182  H  12  X   0.050006  -0.101540  -0.437244   0.375431  -0.210617
  183  H  12  Y   0.040188  -0.227157  -0.504499  -0.131069  -0.093446
  184  H  12  Z   0.028531   0.054091  -0.003947  -0.017547  -0.008008
  185  H  13  S   0.013587  -0.298412  -0.113487  -0.229783  -0.092149
  186  H  13  S   0.002031   0.884017   0.351087   1.388148   0.200426
  187  H  13  S  -0.008663  -0.314288  -0.237594  -0.355995  -0.226337
  188  H  13  X  -0.023493   0.138282   0.346437  -0.157679   0.041007
  189  H  13  Y   0.017702   0.255840   0.130618   0.629002   0.031733
  190  H  13  Z  -0.030873  -0.012165   0.063278   0.063959  -0.012342

                    161        162        163        164        165
                    3.5417     3.6408     3.6975     3.6994     3.7359
                     A          A          A          A          A   
    1  C   1  S   0.005079   0.001859   0.017580   0.008975   0.001213
    2  C   1  S   0.012982   0.023999   0.005174   0.002747  -0.003875
    3  C   1  S  -0.374356  -1.236168   1.903059   0.918099  -0.346551
    4  C   1  S   0.988984   2.800176  -4.753570  -2.305110   0.691898
    5  C   1  S   0.622817  -0.809187   1.639330   0.776288  -0.108996
    6  C   1  X  -0.079617  -0.209451  -0.238424  -0.114985   0.252497
    7  C   1  Y  -0.015491  -0.088536   0.022722   0.010329  -0.007599
    8  C   1  Z   0.003350   0.006401   0.014492   0.002199  -0.006907
    9  C   1  X  -1.612285  -1.792392  -1.146168  -0.539988   1.303475
   10  C   1  Y   0.254639  -0.172783  -0.434826  -0.237481  -0.060444
   11  C   1  Z   0.026176   0.029716   0.039621  -0.004625  -0.033318
   12  C   1  X   0.594423   0.410457   1.432955   0.737551   0.198235
   13  C   1  Y  -0.746376   0.568109  -0.120989  -0.056327   0.218813
   14  C   1  Z  -0.018707  -0.068792  -0.080696   0.064903   0.029565
   15  C   1 XX   0.157832  -0.619604   0.637974   0.304194  -0.144528
   16  C   1 YY  -0.582044  -0.254071   0.788785   0.378764  -0.205285
   17  C   1 ZZ  -0.084717  -0.724619   1.110731   0.534116  -0.242749
   18  C   1 XY   0.183705   0.499776   0.327878   0.151474  -0.542548
   19  C   1 XZ   0.019682   0.031918   0.017429   0.060636  -0.031745
   20  C   1 YZ   0.003484  -0.015636  -0.014610  -0.012087   0.007055
   21  C   2  S  -0.029967   0.005685   0.005438   0.003060   0.001784
   22  C   2  S  -0.042601   0.010696  -0.002055   0.000079   0.023429
   23  C   2  S   0.288206  -0.066250  -0.309433  -0.200421  -1.502411
   24  C   2  S  -0.169629   0.154240   0.545729   0.370514   3.378424
   25  C   2  S   0.005543  -0.748462  -0.174027  -0.066616  -0.351568
   26  C   2  X   0.102597  -0.249714  -0.113027  -0.058711   0.092867
   27  C   2  Y   0.059496   0.106105  -0.005898   0.000839   0.095013
   28  C   2  Z   0.001647   0.000301   0.002598  -0.001330  -0.000846
   29  C   2  X   1.768616  -0.086889   0.070968  -0.013307  -0.831711
   30  C   2  Y   0.915922  -0.168600  -1.127806  -0.584979   0.044251
   31  C   2  Z  -0.005622  -0.011712  -0.011576   0.006024   0.000080
   32  C   2  X  -0.738233   0.362520  -0.263648  -0.154168  -0.127951
   33  C   2  Y  -0.434491   0.250793   0.731765   0.376187   0.271305
   34  C   2  Z   0.011618   0.050130   0.039569  -0.044737  -0.008413
   35  C   2 XX   0.312500   0.043854  -0.512759  -0.276422  -0.473652
   36  C   2 YY   0.441974  -0.213369   0.046420   0.004662  -0.645665
   37  C   2 ZZ  -0.056234   0.052141  -0.183243  -0.117248  -0.897576
   38  C   2 XY   0.253631  -0.322403  -0.370919  -0.199221  -0.029045
   39  C   2 XZ  -0.007779  -0.001072  -0.000277  -0.015777   0.009406
   40  C   2 YZ   0.005904  -0.006004   0.006365  -0.012178  -0.004579
   41  C   3  S  -0.005732   0.010072   0.012266   0.007455   0.033059
   42  C   3  S   0.020388   0.019589   0.026873   0.014793   0.021609
   43  C   3  S  -0.897250   1.190702   0.423519   0.319007   2.748832
   44  C   3  S   2.472265  -2.836431  -1.175467  -0.859385  -6.963804
   45  C   3  S   0.388401   0.836174   0.291576   0.167117   1.270710
   46  C   3  X  -0.020165  -0.000206   0.114673   0.067406   0.263095
   47  C   3  Y  -0.001293   0.013604   0.173910   0.092774   0.106429
   48  C   3  Z  -0.002224  -0.002250   0.002789  -0.007591   0.003745
   49  C   3  X  -0.292454   0.326678   1.083425   0.556599   0.280694
   50  C   3  Y  -0.893381   0.520408   0.892674   0.493558   0.613921
   51  C   3  Z   0.005781   0.008733   0.014962  -0.000590  -0.002582
   52  C   3  X   0.013255   0.017749  -0.546469  -0.302220  -0.678534
   53  C   3  Y   0.166873  -0.728908  -1.117915  -0.598709  -0.857112
   54  C   3  Z  -0.006172  -0.019953  -0.029006   0.040518  -0.004844
   55  C   3 XX  -0.562761   0.234296  -0.172009  -0.059491   0.868134
   56  C   3 YY   0.007735   0.693037   0.554367   0.326768   0.986880
   57  C   3 ZZ  -0.374035   0.828469   0.320469   0.230128   1.758625
   58  C   3 XY   0.039146   0.018479  -0.518395  -0.278977  -0.426845
   59  C   3 XZ  -0.005280  -0.008178  -0.012593   0.011366  -0.008071
   60  C   3 YZ  -0.001425  -0.000358  -0.023354   0.030533  -0.001866
   61  N   4  S  -0.021337   0.001083  -0.011591  -0.005893   0.001131
   62  N   4  S  -0.108013   0.230082  -0.016810   0.000104   0.164142
   63  N   4  S   2.246529  -7.195373  -0.018523  -0.285724  -5.244974
   64  N   4  S  -4.366290  15.118668   0.315219   0.741466  11.069718
   65  N   4  S   0.163253  -0.722086  -0.108472  -0.082400  -1.054381
   66  N   4  X   0.241826  -0.170751  -0.149129  -0.086385  -0.197836
   67  N   4  Y  -0.021741   0.189658  -0.300414  -0.153200  -0.144769
   68  N   4  Z   0.003661  -0.002452   0.001607  -0.001302  -0.001225
   69  N   4  X  -1.521256   0.387096   0.802398   0.460480   1.306517
   70  N   4  Y   0.261096  -0.795508   1.870409   0.964958   0.931448
   71  N   4  Z  -0.021590   0.007652  -0.005894   0.000465   0.009352
   72  N   4  X  -0.511474  -0.921964  -0.509502  -0.310260  -1.124689
   73  N   4  Y  -0.181794   0.295933  -0.447715  -0.250438  -0.774038
   74  N   4  Z  -0.005530  -0.011284   0.009571  -0.027901  -0.004385
   75  N   4 XX   1.077944  -3.702645   0.516556   0.137650  -2.116571
   76  N   4 YY   1.167094  -2.775490  -0.456489  -0.360689  -2.714973
   77  N   4 ZZ   1.117916  -4.014266  -0.005941  -0.153688  -2.867492
   78  N   4 XY   0.025152   0.020775   0.320890   0.183940   0.638078
   79  N   4 XZ  -0.000666   0.002571  -0.054134   0.119595   0.001867
   80  N   4 YZ  -0.000752  -0.008994   0.025224  -0.031224   0.008489
   81  C   5  S  -0.003930   0.012328  -0.014285  -0.008072  -0.029193
   82  C   5  S   0.005894   0.025360  -0.005604  -0.003604  -0.032892
   83  C   5  S  -2.018043   0.846317  -1.544641  -0.823452  -1.619400
   84  C   5  S   4.680771  -2.081905   3.747111   2.005546   4.157053
   85  C   5  S  -0.660022   1.505399  -0.456565  -0.261505  -1.268725
   86  C   5  X   0.074114   0.089590   0.017310   0.017368   0.188689
   87  C   5  Y   0.001741  -0.220932   0.132425   0.061753  -0.072853
   88  C   5  Z  -0.000311   0.001541  -0.012688   0.023479   0.002662
   89  C   5  X   1.826275   1.151920  -0.417245  -0.174433   0.742696
   90  C   5  Y   0.150166  -1.483547   1.086231   0.513239  -0.351513
   91  C   5  Z   0.020101   0.016958  -0.140438   0.239980   0.003788
   92  C   5  X   0.115822   0.473676   0.141995   0.072650  -0.158097
   93  C   5  Y  -0.161645  -0.001078  -0.728606  -0.379001  -0.215001
   94  C   5  Z   0.010517   0.034855   0.061059  -0.080181  -0.007551
   95  C   5 XX  -0.570137   0.970508  -0.796122  -0.395384  -0.513011
   96  C   5 YY  -1.092051  -0.224717  -0.363869  -0.216894  -0.721821
   97  C   5 ZZ  -1.191037   0.591545  -0.965499  -0.520157  -1.067803
   98  C   5 XY   0.143956  -0.161261  -0.191488  -0.115312  -0.322324
   99  C   5 XZ   0.005810   0.014849   0.240999  -0.468816   0.026681
  100  C   5 YZ   0.001977   0.008479   0.117228  -0.241306   0.000952
  101  N   6  S  -0.004637  -0.001283   0.002320   0.000757  -0.012771
  102  N   6  S  -0.123316  -0.186997  -0.030940  -0.023172  -0.134269
  103  N   6  S   3.561540   5.863670   1.144581   0.794047   3.420047
  104  N   6  S  -7.279293 -12.218669  -2.486726  -1.707125  -7.066753
  105  N   6  S  -1.414507  -0.583624   0.335290   0.230519   1.430823
  106  N   6  X  -0.197743   0.039434   0.086473   0.034378  -0.248893
  107  N   6  Y   0.406713   0.118763   0.074042   0.037811   0.018284
  108  N   6  Z  -0.007840  -0.006545   0.014276  -0.027117  -0.000673
  109  N   6  X   0.663425  -0.286010  -0.310717  -0.103328   1.542974
  110  N   6  Y  -1.658440  -1.016540  -0.346662  -0.179827   0.076653
  111  N   6  Z   0.030117   0.030482  -0.043051   0.088609   0.005280
  112  N   6  X  -0.276764   1.183167  -0.195074  -0.094957  -0.451265
  113  N   6  Y   0.169246  -0.085227   0.203623   0.114259   0.223562
  114  N   6  Z  -0.006142   0.000102   0.033847  -0.063876  -0.004941
  115  N   6 XX   1.840586   2.241352   0.548616   0.364128   1.376165
  116  N   6 YY   1.241331   2.999527   0.511656   0.377453   1.842145
  117  N   6 ZZ   2.117999   3.341895   0.613526   0.420212   1.762594
  118  N   6 XY   0.135412  -0.109446  -0.084860  -0.020875   0.692577
  119  N   6 XZ  -0.005556  -0.003614   0.022866  -0.050637  -0.018059
  120  N   6 YZ   0.023121   0.017103  -0.050957   0.122270  -0.008835
  121  O   7  S   0.009618  -0.005272   0.004855   0.002657   0.008098
  122  O   7  S   0.009289  -0.069116   0.098948   0.053417   0.122699
  123  O   7  S   0.278940   1.707692  -2.633440  -1.420576  -3.156295
  124  O   7  S  -0.811242  -3.455299   5.414248   2.919448   6.422016
  125  O   7  S   1.028097   0.569167  -0.964633  -0.511116  -0.809181
  126  O   7  X  -0.251884   0.020147   0.012282   0.008239   0.093433
  127  O   7  Y  -0.193430  -0.189222   0.215572   0.107089  -0.058050
  128  O   7  Z  -0.001411  -0.006956  -0.107444   0.201447  -0.003933
  129  O   7  X   0.357310  -0.039118   0.025609   0.010038  -0.159028
  130  O   7  Y   0.322579   0.363882  -0.458395  -0.228516   0.114665
  131  O   7  Z   0.002699   0.015006   0.223330  -0.417395   0.008503
  132  O   7  X   0.056572  -0.045747  -0.122389  -0.064372  -0.039052
  133  O   7  Y   0.081466  -0.011930   0.134250   0.067168  -0.039593
  134  O   7  Z  -0.006913  -0.019014  -0.038828   0.055065   0.003659
  135  O   7 XX   0.127419   0.781013  -1.086900  -0.585081  -1.724309
  136  O   7 YY   0.103136   0.958989  -1.604395  -0.863749  -1.530463
  137  O   7 ZZ   0.181932   0.780049  -1.207998  -0.655043  -1.425327
  138  O   7 XY   0.121988   0.006347  -0.122188  -0.061945   0.104054
  139  O   7 XZ  -0.002825   0.012771   0.398039  -0.774038   0.022173
  140  O   7 YZ  -0.000948   0.005203   0.242888  -0.471019   0.018444
  141  N   8  S   0.011155  -0.006138   0.007308   0.003651   0.002532
  142  N   8  S   0.138627   0.071736   0.201315   0.098147  -0.093056
  143  N   8  S  -3.857936  -2.340205  -5.923530  -2.885134   3.033062
  144  N   8  S   8.073541   5.001579  12.473447   6.076860  -6.392450
  145  N   8  S  -1.080517   0.530714  -1.916439  -0.968291  -0.124313
  146  N   8  X   0.164644   0.111427   0.160683   0.075102  -0.169581
  147  N   8  Y  -0.044890  -0.161537  -0.159632  -0.076315   0.058545
  148  N   8  Z  -0.004561   0.021959   0.009939   0.007413  -0.011089
  149  N   8  X  -0.914601  -0.358831  -0.986169  -0.462597   0.863673
  150  N   8  Y  -0.083220   0.611625   0.679352   0.348627  -0.056748
  151  N   8  Z  -0.035072   0.074987   0.000624  -0.008247  -0.031779
  152  N   8  X   0.485658   0.207047   0.554483   0.278123  -0.303467
  153  N   8  Y   0.134588   0.050949  -0.414726  -0.190968  -0.042787
  154  N   8  Z   0.023896   0.080472   0.029069  -0.012365  -0.036483
  155  N   8 XX  -1.729509  -0.878462  -2.525469  -1.228881   1.146182
  156  N   8 YY  -2.003107  -1.072367  -2.987592  -1.461039   1.502497
  157  N   8 ZZ  -1.963969  -1.324730  -3.133225  -1.522512   1.740375
  158  N   8 XY  -0.048642  -0.256074  -0.414133  -0.206364   0.222164
  159  N   8 XZ  -0.086394   0.081580  -0.033257   0.007137   0.037526
  160  N   8 YZ  -0.103944   0.053330   0.021389  -0.002145   0.066706
  161  H   9  S   0.098505   0.004580   0.124872   0.065308  -0.022865
  162  H   9  S  -1.804407   0.433104   0.524366   0.286486   0.023686
  163  H   9  S   1.034374  -0.420444  -0.133076  -0.055995   0.192169
  164  H   9  X   0.822445  -0.292424  -0.371226  -0.194140   0.158209
  165  H   9  Y   0.514711  -0.152236  -0.215802  -0.116799   0.035377
  166  H   9  Z   0.005209  -0.000468  -0.003160   0.011840  -0.001701
  167  H  10  S  -0.140410  -0.043667  -0.116603  -0.060402   0.056475
  168  H  10  S   0.140289  -0.115129  -0.501435  -0.251317   0.277498
  169  H  10  S  -0.200673   0.427426   0.708105   0.375117   0.360598
  170  H  10  X   0.001232  -0.144798  -0.086144  -0.042676   0.066030
  171  H  10  Y   0.197714  -0.018465   0.365127   0.177463  -0.366000
  172  H  10  Z  -0.001590  -0.000753   0.006382  -0.019437   0.003137
  173  H  11  S   0.002182   0.145897   0.006332   0.008220   0.079034
  174  H  11  S  -1.013452  -0.740457  -0.298564  -0.167695  -0.081424
  175  H  11  S   0.087853  -0.152794  -0.086704  -0.061046  -0.412491
  176  H  11  X  -0.392473  -0.313666  -0.211421  -0.113054   0.039967
  177  H  11  Y   0.251883   0.029280   0.000912   0.003526   0.044933
  178  H  11  Z  -0.004772  -0.004196  -0.034377   0.063162  -0.002403
  179  H  12  S  -0.011337   0.011451  -0.019015  -0.009908  -0.078664
  180  H  12  S   0.372276  -0.545901   0.118594   0.048061   0.089552
  181  H  12  S  -0.368657  -0.137778  -0.247403  -0.128209   0.070737
  182  H  12  X  -0.218449   0.198084  -0.012139  -0.003255   0.034479
  183  H  12  Y  -0.089402   0.180261   0.000434   0.005340  -0.063099
  184  H  12  Z   0.012714   0.028847  -0.004152   0.000997  -0.031815
  185  H  13  S  -0.054114   0.107895   0.039370   0.019078   0.032428
  186  H  13  S   0.003495  -0.241206   0.055864   0.055146   0.309017
  187  H  13  S  -0.057608   0.063704  -0.266494  -0.129923   0.015928
  188  H  13  X   0.127051  -0.056273  -0.025739  -0.022307  -0.078285
  189  H  13  Y  -0.075444  -0.203797  -0.036528  -0.006443   0.240499
  190  H  13  Z  -0.030511  -0.001059   0.004004  -0.001629   0.005013

                    166        167        168        169        170
                    3.8354     3.9424     4.0330     4.0575     4.0955
                     A          A          A          A          A   
    1  C   1  S  -0.022419   0.018035   0.041841   0.013432   0.007211
    2  C   1  S  -0.021752   0.029705   0.022480   0.046661   0.008468
    3  C   1  S  -1.221656   0.119796   4.978135  -0.911249   1.026955
    4  C   1  S   3.226446  -0.695069 -12.434671   1.903844  -2.618700
    5  C   1  S  -0.754701   0.330539   4.745162  -0.900759   1.545116
    6  C   1  X  -0.052336   0.192083   0.039968   0.129784  -0.038408
    7  C   1  Y  -0.230618   0.040726   0.278616   0.094343  -0.020434
    8  C   1  Z  -0.004115  -0.004315   0.013466  -0.001425   0.006898
    9  C   1  X  -0.237346   1.232892  -0.169661  -0.046624  -0.754631
   10  C   1  Y  -1.081269   0.096824   1.016383   0.571051   0.278039
   11  C   1  Z  -0.007975  -0.014492   0.030516  -0.003162   0.015502
   12  C   1  X  -0.010771  -0.704605  -0.121913   0.169662   0.532136
   13  C   1  Y   0.692261  -0.252950  -0.209862   0.169744   0.460796
   14  C   1  Z   0.012953   0.026834  -0.026654  -0.000599  -0.024551
   15  C   1 XX   0.041978   0.195863   1.392478  -0.432372   0.403558
   16  C   1 YY  -0.815897  -0.208545   2.421509  -0.263566   0.470406
   17  C   1 ZZ  -0.810331   0.131791   2.969889  -0.404545   0.586258
   18  C   1 XY   0.306302  -0.629340   0.129299  -0.213674   0.261060
   19  C   1 XZ  -0.013323  -0.018220   0.044483  -0.002407   0.017919
   20  C   1 YZ   0.012500   0.015474  -0.023662  -0.000021  -0.003363
   21  C   2  S  -0.008216   0.001818  -0.005525  -0.000294  -0.002230
   22  C   2  S   0.013274  -0.002072   0.028368  -0.013176   0.004611
   23  C   2  S  -1.742673  -0.231930  -3.158771   0.860739  -1.010023
   24  C   2  S   4.167142   0.515300   7.356917  -1.984251   2.352714
   25  C   2  S  -1.166432   0.038423  -2.482648  -0.115564  -1.488844
   26  C   2  X   0.101415  -0.115243   0.145440  -0.040648   0.050230
   27  C   2  Y   0.059363  -0.037252   0.123097  -0.017870  -0.006655
   28  C   2  Z   0.000584  -0.001133  -0.000073  -0.000701   0.001639
   29  C   2  X   0.237590  -1.196485  -0.299684   0.265360   0.275855
   30  C   2  Y  -0.391699  -0.496300   0.129267   0.573742   0.204899
   31  C   2  Z  -0.003036  -0.004552  -0.004948   0.004872  -0.005193
   32  C   2  X   0.305468   1.309863   1.612912  -0.776715  -0.027389
   33  C   2  Y   0.789162   0.592689   1.141712  -0.892125   0.218170
   34  C   2  Z   0.007404  -0.014091   0.001435  -0.008249   0.009123
   35  C   2 XX  -0.655049  -0.354941  -1.018452   0.475836  -0.423408
   36  C   2 YY  -0.614058  -0.002855  -1.425062   0.214351  -0.409543
   37  C   2 ZZ  -1.013164  -0.090928  -1.833297   0.461946  -0.595197
   38  C   2 XY   0.350607  -0.595959   0.367441  -0.012089   0.110983
   39  C   2 XZ   0.003317   0.004130  -0.000608  -0.000347  -0.002705
   40  C   2 YZ   0.004908   0.002004  -0.001684  -0.000851   0.002735
   41  C   3  S   0.022658   0.002979   0.012440  -0.013438   0.020524
   42  C   3  S   0.011154  -0.007195   0.000962  -0.019718   0.061709
   43  C   3  S   2.507529   0.911206   2.213867  -0.776101   0.428666
   44  C   3  S  -6.166107  -2.278747  -5.490246   2.005365  -1.372955
   45  C   3  S   1.229939   0.450661   2.005092   0.064474   0.821651
   46  C   3  X   0.276298  -0.044181   0.051667  -0.148970   0.103871
   47  C   3  Y  -0.019701   0.140476   0.024562  -0.071212   0.079862
   48  C   3  Z   0.002510  -0.000360  -0.000841  -0.001116  -0.000502
   49  C   3  X   0.836608   0.015338  -0.155358  -0.461006  -0.009161
   50  C   3  Y   0.228720   0.787460   0.553757  -0.889136  -0.303588
   51  C   3  Z   0.008623  -0.004236  -0.002357  -0.002370   0.003985
   52  C   3  X  -0.431987   0.077487  -0.118315   0.451024   0.001598
   53  C   3  Y  -1.145068  -0.752030  -1.114945   0.763288  -0.074277
   54  C   3  Z  -0.006242   0.013377   0.013377   0.005544  -0.000182
   55  C   3 XX   1.104059  -0.110732   1.046982  -0.137715   0.310933
   56  C   3 YY   0.644116   0.826685   0.705926  -0.485516   0.208676
   57  C   3 ZZ   1.602487   0.479521   1.283002  -0.508507   0.402050
   58  C   3 XY  -0.296144  -0.192144   0.043866   0.343887  -0.097470
   59  C   3 XZ  -0.004291  -0.006448  -0.003300   0.002675  -0.001827
   60  C   3 YZ   0.000082  -0.004419   0.003667   0.003602  -0.001012
   61  N   4  S   0.007137  -0.014303   0.013176  -0.010077   0.005400
   62  N   4  S   0.168555   0.165833   0.117230  -0.068839   0.164802
   63  N   4  S  -5.071715  -6.184914  -3.111820   1.332060  -4.932616
   64  N   4  S  10.617613  13.287274   6.430502  -2.723748  10.354686
   65  N   4  S  -1.627689  -1.377064  -1.237007   0.340836  -1.640690
   66  N   4  X  -0.279880  -0.094419  -0.097853   0.023559   0.002231
   67  N   4  Y  -0.147019   0.091202   0.045209   0.068899   0.150175
   68  N   4  Z  -0.001889  -0.001730  -0.001574  -0.000142  -0.001071
   69  N   4  X   1.777479  -0.136383   1.339803  -0.625596  -0.130178
   70  N   4  Y   0.494113  -0.023267  -0.706330  -0.779410  -0.504521
   71  N   4  Z   0.015983  -0.000507   0.020141  -0.002443   0.001902
   72  N   4  X  -0.756567   0.026882  -0.078396  -0.333163   0.125410
   73  N   4  Y   0.111598   0.140830  -0.172006   0.532472   0.233990
   74  N   4  Z  -0.005550  -0.001836  -0.005990  -0.008501  -0.004137
   75  N   4 XX  -2.401898  -2.804062  -1.808452   0.339664  -2.199411
   76  N   4 YY  -2.358530  -2.718720  -1.296119   0.910447  -2.314210
   77  N   4 ZZ  -2.721890  -3.485964  -1.539519   0.593593  -2.680091
   78  N   4 XY   0.377489  -0.051888   0.241366  -0.510265   0.128682
   79  N   4 XZ   0.002125   0.008809  -0.003980  -0.000751   0.005200
   80  N   4 YZ   0.001981  -0.005936   0.000674  -0.007456  -0.002513
   81  C   5  S   0.023323   0.014304   0.023721  -0.013775   0.003791
   82  C   5  S   0.045100   0.004594   0.073669  -0.013806   0.026066
   83  C   5  S   0.882872   1.991291   1.072909  -0.345227   2.081122
   84  C   5  S  -2.428667  -4.721359  -2.822249   1.017973  -4.763256
   85  C   5  S   0.508527   0.159893   0.009145   2.159966   3.455053
   86  C   5  X  -0.137467  -0.113226   0.009444   0.077565  -0.274640
   87  C   5  Y  -0.035758  -0.056929  -0.050432  -0.126032  -0.002570
   88  C   5  Z  -0.001486  -0.001157  -0.000294   0.001605  -0.003713
   89  C   5  X  -1.048763  -0.257108  -0.535826   0.075749  -1.150897
   90  C   5  Y   0.729160  -0.006185  -0.730712  -0.614339  -0.890771
   91  C   5  Z  -0.018258  -0.002244   0.003395   0.008899  -0.001429
   92  C   5  X   0.578227   0.719266   0.420381  -0.601811  -0.328867
   93  C   5  Y  -0.372773   0.527832   0.521334  -0.432222  -0.207770
   94  C   5  Z   0.007241  -0.003953   0.007510  -0.003532   0.008834
   95  C   5 XX   0.546067   0.941470   0.721940   0.572852   0.827288
   96  C   5 YY   0.152389   0.541966   0.409173  -0.785152   1.126139
   97  C   5 ZZ   0.651495   1.258099   0.823554  -0.264397   1.287127
   98  C   5 XY   0.133184   0.374143  -0.048944  -0.237643   0.716368
   99  C   5 XZ  -0.006570  -0.005370  -0.001494   0.012579  -0.013135
  100  C   5 YZ   0.005931   0.011079   0.002693   0.002733   0.007039
  101  N   6  S   0.011047   0.003358   0.013012   0.012297  -0.003972
  102  N   6  S   0.021975   0.223459   0.289961   0.017351   0.090447
  103  N   6  S   0.038992  -6.831028  -8.367689   0.464206  -3.462125
  104  N   6  S  -0.269052  14.384395  17.546387  -1.152707   7.372385
  105  N   6  S   0.172722  -1.443475  -2.345495  -0.137618  -1.153510
  106  N   6  X   0.407226   0.007504  -0.181495   0.003492   0.054796
  107  N   6  Y  -0.000921  -0.053512  -0.200250   0.043260  -0.066469
  108  N   6  Z  -0.001407   0.002702   0.006396   0.001547   0.001518
  109  N   6  X  -2.001013   0.176455   1.097935   0.628152  -0.809285
  110  N   6  Y  -0.251014   0.710477   1.127710  -0.280808   0.406596
  111  N   6  Z   0.004962  -0.018237  -0.026270   0.002465  -0.012710
  112  N   6  X   0.711454  -0.291982  -0.519403   0.469768   0.834742
  113  N   6  Y   0.155052  -0.242844  -0.635986   0.101424  -0.347995
  114  N   6  Z  -0.007242   0.001312   0.013347   0.006558   0.009122
  115  N   6 XX   0.138221  -2.712459  -3.853978   0.237944  -1.426550
  116  N   6 YY  -0.155004  -3.540140  -3.862962   0.212745  -1.798528
  117  N   6 ZZ   0.091872  -3.694445  -4.476313   0.330484  -1.960328
  118  N   6 XY  -0.592341   0.214494   0.444193   0.503823  -0.412900
  119  N   6 XZ   0.019900   0.003930  -0.011621  -0.010594   0.012176
  120  N   6 YZ   0.005086  -0.010415  -0.006242   0.004005  -0.002642
  121  O   7  S  -0.001996  -0.006828  -0.008991   0.026718   0.026678
  122  O   7  S  -0.079638  -0.216189  -0.172538   0.459446   0.445221
  123  O   7  S   2.213646   5.922556   4.481841 -11.883360 -11.516796
  124  O   7  S  -4.587173 -12.277543  -9.187816  24.389555  23.697458
  125  O   7  S   0.577246   2.311626   1.191580  -4.570771  -5.151380
  126  O   7  X  -0.170174  -0.220455  -0.038340   0.051445   0.193563
  127  O   7  Y   0.124076  -0.074349  -0.035500   0.178283   0.000478
  128  O   7  Z  -0.001866  -0.000768  -0.000858  -0.000797   0.001038
  129  O   7  X   0.289064   0.354743  -0.012340  -0.203894  -0.730841
  130  O   7  Y  -0.377202   0.110171   0.022671  -0.473400  -0.109701
  131  O   7  Z   0.004104   0.001021   0.001692   0.001743  -0.003715
  132  O   7  X  -0.088400   0.037879   0.003305  -0.492061  -0.566277
  133  O   7  Y   0.107838   0.041467  -0.014884  -0.167754  -0.399654
  134  O   7  Z   0.000446   0.003374  -0.005790  -0.000929  -0.005560
  135  O   7 XX   1.482441   3.027943   2.327000  -5.610485  -6.340783
  136  O   7 YY   0.797786   2.947775   2.179991  -6.253303  -5.189498
  137  O   7 ZZ   0.990743   2.771351   2.097569  -5.692319  -5.502685
  138  O   7 XY  -0.311805  -0.104960  -0.013578  -0.537019  -0.300973
  139  O   7 XZ   0.005869   0.005550   0.000149   0.006421  -0.006932
  140  O   7 YZ  -0.002396  -0.001353  -0.001768   0.002257  -0.006996
  141  N   8  S  -0.003876   0.021767   0.003679   0.004693   0.006010
  142  N   8  S  -0.085121  -0.082957   0.170542  -0.007833   0.083049
  143  N   8  S   2.541595   3.894045  -5.409061   0.558908  -2.237177
  144  N   8  S  -5.326700  -8.613051  11.363643  -1.235422   4.674415
  145  N   8  S   0.770565   0.551183  -1.495347   0.162251  -0.735536
  146  N   8  X  -0.101970  -0.011189   0.198551   0.002183   0.076908
  147  N   8  Y   0.006646   0.037593  -0.030311   0.006305  -0.039700
  148  N   8  Z  -0.001279  -0.027315   0.002567  -0.006689  -0.002983
  149  N   8  X   0.516509  -0.007390  -1.641402   0.004164  -0.838100
  150  N   8  Y  -0.601711  -0.038867   0.917454   0.142308   0.098690
  151  N   8  Z  -0.012466  -0.140929  -0.021544  -0.013201  -0.045514
  152  N   8  X  -0.280018   0.011039   0.869377  -0.087022   0.446006
  153  N   8  Y   0.404026  -0.079493  -0.704925  -0.156638  -0.223584
  154  N   8  Z   0.002730   0.007523   0.019902   0.001452   0.029159
  155  N   8 XX   0.991949   1.722509  -2.010496   0.271602  -0.940229
  156  N   8 YY   1.426196   1.630576  -3.069129   0.175248  -1.193005
  157  N   8 ZZ   1.328845   2.241393  -2.918900   0.367147  -1.132264
  158  N   8 XY   0.185229   0.009021  -0.445482   0.026205  -0.242479
  159  N   8 XZ  -0.012316  -0.086956  -0.068634   0.002126  -0.073652
  160  N   8 YZ  -0.097177  -0.013362   0.066722   0.026609  -0.041689
  161  H   9  S  -0.164794   0.240754  -0.271213  -0.018852  -0.104413
  162  H   9  S  -0.335805   0.807331  -0.344420  -0.068282  -0.166611
  163  H   9  S  -0.282292  -1.045876  -0.969183   0.712511   0.042788
  164  H   9  X   0.358285  -0.442297   0.454787  -0.017728   0.156621
  165  H   9  Y   0.220403  -0.345088   0.302929   0.018912   0.084618
  166  H   9  Z  -0.000289  -0.001031   0.003040  -0.000148   0.001572
  167  H  10  S   0.123016  -0.165282   0.162245   0.076705   0.003294
  168  H  10  S   0.566230  -0.366046  -0.071021   0.254832   0.206194
  169  H  10  S   0.413297   0.524604   0.556295  -0.484372  -0.154440
  170  H  10  X   0.013944  -0.046589   0.021316   0.026900   0.038968
  171  H  10  Y  -0.560852   0.291388  -0.240709  -0.137054  -0.125653
  172  H  10  Z   0.002486  -0.000989  -0.001278   0.000379   0.000088
  173  H  11  S   0.205729  -0.172378   0.228953  -0.041061  -0.206314
  174  H  11  S   0.376762  -0.630101   0.940127  -0.312705   0.035500
  175  H  11  S  -0.289893   0.317249  -0.191126  -0.191042   0.037041
  176  H  11  X   0.239161  -0.581791   0.535308  -0.133240  -0.116797
  177  H  11  Y  -0.194721   0.217830  -0.250638   0.001677   0.229689
  178  H  11  Z   0.003658  -0.008094   0.008425  -0.001514  -0.002095
  179  H  12  S   0.001342   0.153047   0.000626  -0.011813   0.080683
  180  H  12  S   0.110079   0.421635   0.217454   0.057837   0.328767
  181  H  12  S  -0.108796  -0.027325  -0.210446   0.037689  -0.304169
  182  H  12  X  -0.144831  -0.312401  -0.008519  -0.007412  -0.186467
  183  H  12  Y  -0.023821  -0.263525  -0.047618  -0.019969  -0.119677
  184  H  12  Z   0.010701  -0.081207  -0.020450  -0.018383  -0.040886
  185  H  13  S  -0.080796   0.135681   0.164567   0.086356   0.010271
  186  H  13  S  -0.306374   0.437704   0.293787   0.100652  -0.010732
  187  H  13  S   0.400017  -0.176728  -0.481400  -0.095925  -0.112736
  188  H  13  X   0.110792  -0.036048  -0.023317  -0.031929   0.051405
  189  H  13  Y  -0.247620   0.475937   0.307900   0.159633   0.013375
  190  H  13  Z  -0.004728  -0.035662  -0.012184  -0.008495  -0.006245

                    171        172        173        174        175
                    4.2307     4.3775     4.4130     4.7476     4.9329
                     A          A          A          A          A   
    1  C   1  S   0.003422  -0.006453   0.013457   0.064641  -0.119595
    2  C   1  S  -0.024181  -0.029758   0.033393   0.280023  -0.479718
    3  C   1  S   3.172001  -0.234501   0.825226   1.240485  -4.615569
    4  C   1  S  -7.491865   0.702055  -2.158177  -3.977872  12.692479
    5  C   1  S   3.376609  -1.240373   0.429657   0.719172  -1.988565
    6  C   1  X   0.221343   0.063989   0.026707   0.004060   0.009743
    7  C   1  Y   0.033978  -0.012862   0.006267  -0.007633   0.038878
    8  C   1  Z  -0.000883  -0.003404  -0.000619   0.000168   0.004740
    9  C   1  X   0.431281   0.432425   0.647083  -0.021916   0.004951
   10  C   1  Y   0.208711  -0.124265   1.156973  -0.377796  -0.000748
   11  C   1  Z  -0.028466  -0.011915   0.005243  -0.006399  -0.005405
   12  C   1  X   0.354391   0.148967   0.061620   0.465715   1.172946
   13  C   1  Y   0.097773  -0.008489  -0.021060   0.173945   0.322734
   14  C   1  Z   0.025157   0.005964  -0.014279  -0.001952  -0.020353
   15  C   1 XX   1.312723  -0.054712   0.145813   1.432687  -3.731902
   16  C   1 YY   1.227793  -0.349235   0.641112   1.328087  -3.352702
   17  C   1 ZZ   1.796755  -0.178456   0.564523   1.255273  -3.522807
   18  C   1 XY  -0.352133  -0.299519  -0.241058   0.064259  -0.000989
   19  C   1 XZ   0.005611  -0.004471   0.028096  -0.007881   0.007954
   20  C   1 YZ  -0.016603   0.005263   0.040518  -0.000980  -0.000302
   21  C   2  S  -0.011911   0.001543   0.006505   0.051833  -0.146004
   22  C   2  S  -0.036464   0.001168   0.016339   0.197019  -0.593381
   23  C   2  S  -1.673352   0.703102   0.024838   1.261783  -5.508436
   24  C   2  S   4.061475  -1.628512  -0.175839  -3.710912  15.334070
   25  C   2  S  -1.616785   1.521140  -0.599426   0.601007  -3.386319
   26  C   2  X   0.013993  -0.108027   0.014437   0.060759   0.014111
   27  C   2  Y  -0.035806  -0.031636   0.047701  -0.010587  -0.030297
   28  C   2  Z  -0.005037  -0.001034   0.003517   0.000137   0.001249
   29  C   2  X  -0.265516  -0.591733  -0.135478  -0.014009  -0.139479
   30  C   2  Y  -0.400845  -0.276586   0.632784  -0.099239   0.099125
   31  C   2  Z   0.020069  -0.002778  -0.018587   0.003325  -0.001437
   32  C   2  X   0.996670  -0.794190  -0.088564  -0.270909  -0.118571
   33  C   2  Y   1.453570  -0.452483   0.007754  -0.178322  -0.549065
   34  C   2  Z  -0.016532  -0.001665   0.021498  -0.006829   0.013001
   35  C   2 XX  -0.915172   0.127417   0.197752   1.054580  -4.378906
   36  C   2 YY  -0.753844   0.465056  -0.120294   1.037046  -4.178535
   37  C   2 ZZ  -1.049548   0.438577   0.033455   1.129457  -4.230470
   38  C   2 XY  -0.141385  -0.435807   0.017713   0.084978  -0.034531
   39  C   2 XZ  -0.001677   0.000071  -0.006233  -0.001540  -0.002953
   40  C   2 YZ  -0.009877  -0.002139   0.016595   0.000026  -0.000175
   41  C   3  S   0.010048   0.002148   0.004700   0.070047  -0.009063
   42  C   3  S   0.025755   0.014352   0.014735   0.298451  -0.020105
   43  C   3  S   0.835427  -1.002466   0.194605   1.394160   0.695574
   44  C   3  S  -2.207448   2.227943  -0.592423  -4.413268  -1.681903
   45  C   3  S   1.300649  -1.963042   0.167934   0.693879   1.571624
   46  C   3  X  -0.051675   0.042523  -0.041775  -0.035340   0.108065
   47  C   3  Y   0.027570   0.115484   0.021611   0.032293  -0.032568
   48  C   3  Z   0.000313   0.000520  -0.001989  -0.000077   0.001102
   49  C   3  X   0.071033  -0.261387  -0.230508  -0.115521  -0.368133
   50  C   3  Y  -0.033503   1.040547  -0.186293  -0.335446  -0.175036
   51  C   3  Z  -0.005871  -0.007738   0.000220  -0.001714  -0.003859
   52  C   3  X  -0.311405  -0.001879  -0.025976  -0.010342   0.834293
   53  C   3  Y  -0.991925   0.460325  -0.036658   0.961574  -0.431173
   54  C   3  Z   0.008951  -0.005382  -0.007422   0.001576   0.007001
   55  C   3 XX   0.398929  -0.868317   0.136775   1.548246   0.503970
   56  C   3 YY   0.398797   0.115263   0.086465   1.385514   0.243128
   57  C   3 ZZ   0.530330  -0.599438   0.131788   1.397287   0.316824
   58  C   3 XY  -0.017323  -0.174590   0.067251   0.065631  -0.115093
   59  C   3 XZ  -0.003179  -0.002941  -0.005166   0.001615   0.001679
   60  C   3 YZ   0.002485  -0.004605  -0.000305   0.001172  -0.001105
   61  N   4  S  -0.005617   0.014309   0.000077   0.014320   0.001150
   62  N   4  S   0.102752  -0.099587   0.009762   0.088110   0.071556
   63  N   4  S  -3.639224   3.917320  -0.319473  -1.649833  -2.154369
   64  N   4  S   7.881582  -8.640283   0.675800   3.408461   4.688109
   65  N   4  S  -1.647336   1.874826  -0.169137  -0.975763  -1.495875
   66  N   4  X  -0.020868   0.092228  -0.004982   0.014526   0.032155
   67  N   4  Y   0.007207   0.046396   0.022579   0.070947   0.094325
   68  N   4  Z   0.000207   0.000859  -0.000227  -0.000788   0.000050
   69  N   4  X  -0.327017   1.571677  -0.131709  -0.600375  -0.223448
   70  N   4  Y   0.163169  -0.967680  -0.140389  -0.148200  -0.311130
   71  N   4  Z  -0.005690   0.023641  -0.001013  -0.004066  -0.001594
   72  N   4  X  -0.020533   0.167248   0.066369  -0.097986  -0.703287
   73  N   4  Y  -0.192374   0.093399  -0.083082   0.271981   0.519693
   74  N   4  Z   0.004493   0.002903  -0.000648  -0.005529  -0.009749
   75  N   4 XX  -1.532795   0.987366  -0.143040  -0.586622  -0.895661
   76  N   4 YY  -1.784773   2.365954  -0.145537  -0.862283  -1.098976
   77  N   4 ZZ  -1.970841   2.221930  -0.179194  -0.803318  -1.083713
   78  N   4 XY  -0.167814   0.844278  -0.097551  -0.185422  -0.085323
   79  N   4 XZ   0.007666  -0.021182  -0.000098   0.003592   0.002441
   80  N   4 YZ  -0.002475   0.008241  -0.003713  -0.001963  -0.001136
   81  C   5  S   0.003825   0.017263   0.000603   0.112116   0.055848
   82  C   5  S   0.019727   0.023796   0.005270   0.371541   0.185096
   83  C   5  S   0.512644   0.817483   0.104174   4.193363   3.466860
   84  C   5  S  -1.221694  -2.201340  -0.244480 -11.902915  -9.141492
   85  C   5  S   0.359247   0.634792  -0.129843   2.995758   3.557266
   86  C   5  X  -0.080836   0.108841   0.039588   0.353266   0.205985
   87  C   5  Y  -0.012229   0.022613   0.001916   0.257359   0.117615
   88  C   5  Z  -0.000736   0.000647   0.000255   0.000428   0.000522
   89  C   5  X  -0.042928  -0.474844   0.018652   1.284402   0.507760
   90  C   5  Y  -0.091628  -0.485385  -0.210379   0.620088   0.222015
   91  C   5  Z  -0.001323  -0.002263   0.004757   0.004987   0.001546
   92  C   5  X   0.320411  -0.319113  -0.065649  -0.149216   0.739743
   93  C   5  Y   0.133849  -0.202024   0.029664   0.124518   0.021218
   94  C   5  Z  -0.008413  -0.004033   0.008111  -0.000504   0.010682
   95  C   5 XX   0.315447   0.421788   0.079520   2.336732   1.863332
   96  C   5 YY   0.221341   0.202388   0.042610   2.909076   2.097670
   97  C   5 ZZ   0.351016   0.520687   0.074703   3.172444   2.342815
   98  C   5 XY   0.104996   0.172955  -0.080440  -0.502295  -0.229099
   99  C   5 XZ  -0.003902  -0.003046   0.002394  -0.003298  -0.002288
  100  C   5 YZ   0.004467   0.004787  -0.004716  -0.000855   0.001025
  101  N   6  S  -0.002276  -0.005528  -0.005962   0.016051  -0.004664
  102  N   6  S   0.127392   0.012232   0.019254   0.054842   0.020210
  103  N   6  S  -4.385993  -0.878447  -1.155767  -0.530103  -0.903862
  104  N   6  S   9.344198   1.866884   2.514791   1.009218   1.898112
  105  N   6  S  -1.227031   0.542431   0.578762  -0.858614  -0.526498
  106  N   6  X  -0.056572   0.047246  -0.032591   0.069445   0.115495
  107  N   6  Y  -0.032123   0.007616  -0.049700  -0.026951   0.020912
  108  N   6  Z   0.001682  -0.000412  -0.005765   0.001582  -0.000288
  109  N   6  X   0.662883  -0.097222   0.631722  -0.348271  -0.230960
  110  N   6  Y   0.518665   0.225089   0.431175  -0.128966   0.128354
  111  N   6  Z  -0.012092  -0.003407   0.015773  -0.001427  -0.000597
  112  N   6  X  -0.337837   0.270892   0.192487   0.218473   0.687875
  113  N   6  Y  -0.267728   0.139147  -0.001934  -0.220922  -0.241196
  114  N   6  Z   0.017839   0.000178  -0.019108   0.009362   0.010216
  115  N   6 XX  -1.838788  -0.208740  -0.542494  -0.305065  -0.414969
  116  N   6 YY  -2.210793  -0.573265  -0.515216  -0.177797  -0.359800
  117  N   6 ZZ  -2.413215  -0.556785  -0.691751  -0.186699  -0.522302
  118  N   6 XY   0.265290   0.045915   0.245590  -0.091917   0.151727
  119  N   6 XZ  -0.009138   0.002318   0.015998   0.001209   0.000599
  120  N   6 YZ  -0.000433  -0.000962   0.005976   0.000113   0.000251
  121  O   7  S  -0.001035   0.018849  -0.001854   0.018888   0.008049
  122  O   7  S  -0.041749   0.237749  -0.022085   0.397042   0.193283
  123  O   7  S   1.129832  -5.669334   0.512466 -10.255341  -5.066692
  124  O   7  S  -2.328018  11.458931  -1.044018  20.831422  10.344293
  125  O   7  S   0.316045  -1.975564   0.176180  -1.415283  -0.856196
  126  O   7  X  -0.028164  -0.069979   0.006506  -0.299144  -0.161355
  127  O   7  Y  -0.001784  -0.069637  -0.005981  -0.189510  -0.086429
  128  O   7  Z  -0.000222   0.000253   0.000510  -0.001268  -0.001320
  129  O   7  X  -0.008782   0.079157  -0.002771   1.345360   0.721839
  130  O   7  Y  -0.021368   0.100679   0.035232   0.845321   0.413827
  131  O   7  Z  -0.000175  -0.000876  -0.001212   0.004876   0.004305
  132  O   7  X  -0.055101  -0.242583   0.067024  -0.265404  -0.385409
  133  O   7  Y   0.010516  -0.143596  -0.010547  -0.201184  -0.158056
  134  O   7  Z   0.001858   0.001902  -0.001324  -0.002045  -0.004699
  135  O   7 XX   0.524529  -2.736741   0.288389  -4.603922  -2.298052
  136  O   7 YY   0.580057  -2.721057   0.232667  -5.062537  -2.488202
  137  O   7 ZZ   0.550431  -2.838182   0.224687  -5.367968  -2.639150
  138  O   7 XY  -0.074777   0.032015   0.025695   0.541809   0.223739
  139  O   7 XZ   0.000491   0.001475  -0.000872   0.002522   0.001492
  140  O   7 YZ  -0.001289  -0.000774  -0.000241   0.001608   0.000366
  141  N   8  S  -0.027007  -0.000151  -0.000904   0.006501  -0.010976
  142  N   8  S   0.215754   0.021909   0.024785   0.019408  -0.018918
  143  N   8  S  -8.482253  -0.550591  -0.874907  -0.107636  -0.237699
  144  N   8  S  18.423212   1.143961   1.868691   0.243242   0.604127
  145  N   8  S  -2.603237  -0.138073  -0.315972  -0.630393  -0.464739
  146  N   8  X   0.135691   0.019753  -0.013553  -0.008145  -0.059853
  147  N   8  Y  -0.034669  -0.022317  -0.079890  -0.017564   0.008174
  148  N   8  Z   0.051570   0.005622  -0.005070   0.000307   0.009702
  149  N   8  X   0.850346   0.386800  -1.079452   0.205493  -0.065947
  150  N   8  Y  -0.210544  -0.271610  -2.228181   0.096025   0.066399
  151  N   8  Z   0.307363   0.048184  -0.135705  -0.012108  -0.042585
  152  N   8  X  -0.046916  -0.171439   0.440795   0.031715   0.157430
  153  N   8  Y  -0.269996   0.166206   0.694318  -0.223896  -0.278998
  154  N   8  Z  -0.127162  -0.023973   0.052144  -0.009439   0.033388
  155  N   8 XX  -4.078607  -0.411318  -1.265366  -0.090197  -0.059228
  156  N   8 YY  -3.323619   0.018449   0.509949  -0.048196  -0.210863
  157  N   8 ZZ  -4.830072  -0.331145  -0.528509   0.030184  -0.157246
  158  N   8 XY   0.631409   0.149156  -0.906808   0.109883  -0.203927
  159  N   8 XZ   0.238798   0.041929  -0.249076   0.015709  -0.021092
  160  N   8 YZ   0.073786  -0.009435  -0.359524   0.011615  -0.004352
  161  H   9  S  -0.045659   0.190482   0.006427  -0.093240   0.071756
  162  H   9  S   0.280433   0.401607  -0.154683   0.141421   0.078284
  163  H   9  S  -1.108473   0.410652   0.186277  -0.031493   0.529093
  164  H   9  X  -0.067655  -0.272862   0.066857   0.006864  -0.108664
  165  H   9  Y  -0.000184  -0.222023   0.060802   0.022237  -0.127434
  166  H   9  Z  -0.000396   0.000163   0.002488   0.000091   0.000313
  167  H  10  S   0.007821  -0.226713   0.013731  -0.028733   0.101674
  168  H  10  S   0.099334  -0.683558   0.115999   0.119712  -0.087717
  169  H  10  S   0.377536   0.006585  -0.028499  -0.882504   0.342553
  170  H  10  X   0.012171  -0.044566   0.018994   0.009174   0.077172
  171  H  10  Y  -0.089229   0.510984  -0.049617   0.020213  -0.040595
  172  H  10  Z  -0.000007  -0.000899   0.000640  -0.000256   0.001129
  173  H  11  S  -0.268636   0.773690  -0.060335  -0.263752  -0.055779
  174  H  11  S  -0.210666   1.249291   0.012954  -0.157062  -0.321949
  175  H  11  S   0.126815  -0.374795   0.030739  -0.149973   0.024945
  176  H  11  X  -0.357344   1.189088  -0.051484  -0.194744  -0.116697
  177  H  11  Y   0.163833  -0.518203   0.030250   0.129362   0.102871
  178  H  11  Z  -0.005204   0.016544  -0.000387  -0.003142  -0.001971
  179  H  12  S  -0.629001  -0.070466   0.779768  -0.089397   0.070377
  180  H  12  S  -0.752743  -0.148856   0.915216   0.096566   0.113353
  181  H  12  S   0.368275   0.115299  -0.623234  -0.029202  -0.274522
  182  H  12  X   0.903058   0.126265  -0.802866   0.011019  -0.063051
  183  H  12  Y   0.577267   0.063822  -0.636859   0.017828  -0.012524
  184  H  12  Z   0.232376   0.033497  -0.223766   0.005090  -0.019614
  185  H  13  S  -0.490558  -0.161037  -0.824645   0.014323   0.082784
  186  H  13  S  -0.690227  -0.163150  -0.937207   0.104721  -0.054645
  187  H  13  S   0.117579   0.126485   0.551267  -0.162465  -0.152680
  188  H  13  X   0.146949   0.032965   0.087453  -0.002628  -0.036679
  189  H  13  Y  -0.883392  -0.235141  -1.115896   0.068535   0.011289
  190  H  13  Z   0.116393   0.028219   0.115621  -0.003282   0.001041

                    176        177        178        179        180
                    4.9442     4.9950     5.1064     6.2084     6.2205
                     A          A          A          A          A   
    1  C   1  S   0.026383  -0.104925  -0.096065  -0.002550   0.002743
    2  C   1  S   0.113853  -0.451222  -0.418257   0.033815   0.016086
    3  C   1  S   1.020509  -5.878430  -3.830442   1.140678   0.758699
    4  C   1  S  -2.792853  15.849214  10.876710  -3.079465  -2.025145
    5  C   1  S   0.166661  -5.626348  -2.201526   2.503365   2.210347
    6  C   1  X   0.021876   0.023260  -0.000687  -0.034865   0.024292
    7  C   1  Y   0.054225   0.008097   0.055531   0.048013   0.005247
    8  C   1  Z  -0.000194   0.000934   0.002852   0.003077   0.001380
    9  C   1  X  -0.233943   0.137609  -0.277625  -0.158507  -0.077443
   10  C   1  Y  -0.234094   0.301673   0.022314  -0.022472  -0.038411
   11  C   1  Z  -0.000661   0.000547   0.005337   0.010821  -0.001057
   12  C   1  X   1.020755   0.496116   0.404350   1.156827   0.065859
   13  C   1  Y   0.770139  -1.156999  -0.866354  -0.655097  -0.015985
   14  C   1  Z   0.012394  -0.010055  -0.013592  -0.036345   0.000678
   15  C   1 XX   0.831195  -4.108470  -3.154139   0.727966   0.419961
   16  C   1 YY   0.802006  -4.227092  -3.156431   0.587052   0.419967
   17  C   1 ZZ   0.807573  -4.086830  -2.859796   0.669471   0.420202
   18  C   1 XY  -0.000890  -0.071235   0.049238   0.002988   0.046409
   19  C   1 XZ  -0.001520   0.004121   0.007588   0.001946   0.001240
   20  C   1 YZ  -0.002519  -0.001427  -0.001503  -0.001270  -0.001218
   21  C   2  S   0.010507   0.091302   0.094053   0.007051  -0.000712
   22  C   2  S   0.057844   0.379605   0.415095   0.029403   0.010523
   23  C   2  S   1.343810   4.578319   4.388634   0.324084  -0.553903
   24  C   2  S  -3.626093 -12.504007 -12.226739  -0.893899   1.323680
   25  C   2  S   1.672616   4.384931   2.763532   0.088685  -1.315387
   26  C   2  X  -0.082760   0.020991  -0.060788  -0.000401  -0.022136
   27  C   2  Y   0.039023  -0.003175   0.003152  -0.037228   0.019517
   28  C   2  Z  -0.001527   0.000544  -0.000231   0.000734  -0.000638
   29  C   2  X   0.252266  -0.104271   0.363325   0.066015  -0.108741
   30  C   2  Y  -0.070764   0.275029   0.048793  -0.051217  -0.195183
   31  C   2  Z   0.004506  -0.003208  -0.001566  -0.004181   0.001346
   32  C   2  X  -1.832357  -1.054461  -0.808158  -0.206432   0.980464
   33  C   2  Y   0.075542  -2.015644  -0.720542   0.205487   1.190600
   34  C   2  Z  -0.023802  -0.000029   0.005789   0.006113   0.002798
   35  C   2 XX   1.031526   3.180029   3.381882   0.221500  -0.184751
   36  C   2 YY   0.827295   3.360205   3.449671   0.303887  -0.266459
   37  C   2 ZZ   0.793147   3.232834   3.165267   0.230994  -0.260673
   38  C   2 XY  -0.140587  -0.025938   0.029107  -0.039589   0.045016
   39  C   2 XZ   0.002745  -0.000252   0.000801  -0.001713  -0.000009
   40  C   2 YZ  -0.001320  -0.000446   0.000084   0.002134   0.000097
   41  C   3  S  -0.172286   0.052893  -0.049440   0.003153  -0.004924
   42  C   3  S  -0.728205   0.216859  -0.214450   0.003020   0.016662
   43  C   3  S  -7.571622   1.392306  -2.102602  -0.068686   0.628386
   44  C   3  S  20.861244  -4.019803   6.043330   0.181566  -1.758446
   45  C   3  S  -4.647826  -0.974524  -1.074207  -0.050220   2.041175
   46  C   3  X   0.024613  -0.010400  -0.001129  -0.011226   0.060478
   47  C   3  Y   0.068335  -0.004919   0.012008   0.001679   0.050027
   48  C   3  Z   0.000396   0.000325  -0.000490  -0.000854   0.000081
   49  C   3  X   0.080863  -0.228331   0.042333   0.034857  -0.077154
   50  C   3  Y  -0.243179   0.041749  -0.436852   0.022875  -0.104814
   51  C   3  Z  -0.000350  -0.003807   0.003540   0.002290   0.000169
   52  C   3  X  -0.647402   0.343836   0.167089  -0.053582  -0.295778
   53  C   3  Y   1.168682   1.773316  -0.274155  -0.216367  -1.575891
   54  C   3  Z  -0.005750  -0.004673  -0.003107   0.002778   0.003653
   55  C   3 XX  -5.758946   1.160568  -1.733464  -0.060922   0.433697
   56  C   3 YY  -5.768111   1.356927  -1.764578   0.002670   0.271786
   57  C   3 ZZ  -5.581205   1.211841  -1.494647  -0.030688   0.362735
   58  C   3 XY  -0.030149   0.081017   0.064888  -0.028957   0.107273
   59  C   3 XZ  -0.001798  -0.000745  -0.003578  -0.000394   0.000180
   60  C   3 YZ   0.000774   0.000470   0.001655  -0.001649   0.001146
   61  N   4  S  -0.002386   0.000223  -0.004483   0.035449  -0.205271
   62  N   4  S   0.010630  -0.102856   0.098665   0.103740  -0.462570
   63  N   4  S  -0.182132   2.762032  -3.361707   1.622137 -14.069443
   64  N   4  S   0.284945  -5.765668   7.062895  -4.057464  33.699627
   65  N   4  S   0.148648   1.682570  -1.473034   0.305930  -5.514427
   66  N   4  X   0.024993   0.003648  -0.027543  -0.000399  -0.038276
   67  N   4  Y   0.007775  -0.070694   0.081251  -0.006123   0.017215
   68  N   4  Z  -0.000025   0.000467  -0.000503  -0.000180  -0.000478
   69  N   4  X  -0.021237  -0.096670  -0.174061  -0.013179   0.381818
   70  N   4  Y   0.151321   0.150912  -0.192572   0.002883  -0.222385
   71  N   4  Z  -0.000198  -0.002037  -0.001654   0.000476   0.005369
   72  N   4  X  -0.303861   0.735870  -0.944946   0.047370  -0.975301
   73  N   4  Y  -0.028221  -0.193776   0.854226  -0.064490   0.356188
   74  N   4  Z  -0.003857   0.010615  -0.014577  -0.005616  -0.014189
   75  N   4 XX   0.174802   1.277290  -1.544015   1.187281  -9.190664
   76  N   4 YY  -0.172398   1.135521  -1.465235   1.195413  -9.055488
   77  N   4 ZZ  -0.130474   1.420858  -1.855731   1.155866  -9.055839
   78  N   4 XY   0.211999  -0.055187  -0.046196  -0.025726   0.060158
   79  N   4 XZ   0.002827  -0.001656   0.003781   0.000386  -0.002200
   80  N   4 YZ   0.002892   0.001942  -0.003149  -0.000661   0.000589
   81  C   5  S   0.093163   0.097048  -0.076024   0.002508   0.001125
   82  C   5  S   0.396910   0.469106  -0.392852   0.018187   0.038281
   83  C   5  S   4.096123   3.412918  -1.672785   0.383440   0.794270
   84  C   5  S -11.259597  -9.690636   5.252428  -1.023524  -2.199533
   85  C   5  S   2.750747   0.434063   1.339293   0.828439   1.892498
   86  C   5  X  -0.003881  -0.139856   0.246982  -0.026111   0.013986
   87  C   5  Y   0.061536  -0.145099   0.160692   0.032901  -0.071799
   88  C   5  Z  -0.000565   0.001313  -0.000134  -0.000751   0.000019
   89  C   5  X   0.199189  -0.491338   0.721143   0.095583   0.132908
   90  C   5  Y  -0.047946  -0.272364   0.416258  -0.090299   0.220071
   91  C   5  Z   0.003860  -0.003795   0.002300   0.001703  -0.000170
   92  C   5  X   0.610556   0.177769  -0.114075   0.308620   0.300159
   93  C   5  Y   0.126331   0.256353   0.179975  -0.121781   0.466894
   94  C   5  Z  -0.002200  -0.005764   0.002303   0.018586   0.004958
   95  C   5 XX   3.066833   3.409345  -2.467506   0.311469   0.308415
   96  C   5 YY   3.124773   3.063284  -2.058389   0.183692   0.486289
   97  C   5 ZZ   3.057041   2.744328  -1.602399   0.232863   0.519686
   98  C   5 XY  -0.008929   0.188215  -0.315595  -0.035275  -0.080924
   99  C   5 XZ  -0.000173   0.005073  -0.006262   0.002643  -0.001402
  100  C   5 YZ  -0.000839  -0.001427   0.002665   0.000554   0.000048
  101  N   6  S   0.002189   0.000516  -0.002596  -0.091595  -0.057555
  102  N   6  S  -0.015351  -0.057028   0.077465  -0.216378  -0.101443
  103  N   6  S   0.249981   1.994767  -2.267990  -5.800481  -4.862166
  104  N   6  S  -0.404841  -4.306123   4.583831  14.010613  11.418999
  105  N   6  S  -0.196231   1.577746  -1.121382  -2.195139  -2.103679
  106  N   6  X   0.020105  -0.043582   0.036129  -0.004761  -0.000787
  107  N   6  Y  -0.017394   0.027255   0.016740   0.007153  -0.035458
  108  N   6  Z   0.001453   0.000259  -0.000744   0.001233  -0.000177
  109  N   6  X  -0.095232   0.439468  -0.123828   0.119226  -0.072759
  110  N   6  Y  -0.023876  -0.113429   0.078379  -0.067287   0.165589
  111  N   6  Z  -0.002791   0.000467  -0.001580  -0.004373  -0.000529
  112  N   6  X   0.439517  -0.198908   0.056187  -0.106867  -0.094131
  113  N   6  Y  -0.218518   0.509713  -0.251779  -0.151347  -0.451137
  114  N   6  Z   0.008036  -0.000927   0.004138   0.006606   0.002531
  115  N   6 XX  -0.025229   0.953382  -0.827538  -3.763453  -2.986423
  116  N   6 YY   0.113747   0.972406  -1.055588  -3.848109  -2.949637
  117  N   6 ZZ   0.154366   1.049715  -1.287277  -3.798145  -3.027619
  118  N   6 XY   0.033744   0.297383  -0.049083   0.011144  -0.062654
  119  N   6 XZ  -0.002399  -0.007693   0.003144  -0.003189   0.000820
  120  N   6 YZ   0.000935   0.002371  -0.003416   0.000258  -0.000752
  121  O   7  S   0.003734  -0.004931   0.007161   0.000191  -0.005873
  122  O   7  S   0.042184  -0.197601   0.277023   0.010511   0.030667
  123  O   7  S  -1.136596   5.075097  -7.211070  -0.307329  -1.530863
  124  O   7  S   2.395202 -10.259894  14.667155   0.649094   3.265533
  125  O   7  S  -0.311041   0.905778  -1.359085  -0.169943  -0.330014
  126  O   7  X  -0.087261   0.027130  -0.072731  -0.012474  -0.013321
  127  O   7  Y  -0.051250   0.017764  -0.052075   0.006590  -0.019527
  128  O   7  Z   0.000499   0.000452  -0.000548  -0.001530  -0.000509
  129  O   7  X   0.107856  -0.633767   0.900120   0.041886   0.198594
  130  O   7  Y   0.074793  -0.391334   0.576521  -0.036383   0.180766
  131  O   7  Z  -0.001871  -0.002798   0.003438   0.004964   0.001801
  132  O   7  X  -0.173954   0.206120  -0.345354  -0.121116  -0.143707
  133  O   7  Y  -0.089517   0.115576  -0.276842   0.038150  -0.186696
  134  O   7  Z   0.002798   0.003945  -0.003015  -0.010424  -0.003381
  135  O   7 XX  -0.643512   2.156365  -3.130351  -0.128483  -0.758822
  136  O   7 YY  -0.555197   2.452746  -3.505578  -0.172976  -0.776011
  137  O   7 ZZ  -0.529024   2.696456  -3.787930  -0.153002  -0.839737
  138  O   7 XY  -0.059658  -0.378257   0.438418  -0.021854   0.070694
  139  O   7 XZ  -0.000781  -0.001236   0.002270   0.000368   0.000063
  140  O   7 YZ  -0.000250  -0.000219   0.000443   0.000199  -0.000099
  141  N   8  S   0.002563  -0.000410  -0.006325  -0.188073  -0.011752
  142  N   8  S   0.034013  -0.008231   0.025146  -0.462983  -0.015021
  143  N   8  S  -0.846521   0.573802  -1.278555 -11.677810  -1.182871
  144  N   8  S   1.838334  -1.401008   2.696492  28.271880   2.762361
  145  N   8  S  -0.577520   0.612705  -0.314684  -4.406448  -0.753972
  146  N   8  X  -0.009385   0.024636   0.026186   0.021899  -0.000261
  147  N   8  Y  -0.015297  -0.001197  -0.006093  -0.004729   0.001690
  148  N   8  Z  -0.002278   0.004443   0.005686  -0.008100   0.001371
  149  N   8  X   0.063321  -0.072088  -0.255561  -0.428655  -0.079305
  150  N   8  Y   0.030786  -0.074210   0.113234   0.187449   0.037481
  151  N   8  Z   0.016327  -0.015132   0.000234  -0.073275  -0.011542
  152  N   8  X  -0.146379  -0.117827   0.242016   0.728999   0.226217
  153  N   8  Y  -0.191422   0.073527   0.046093  -0.294469  -0.079031
  154  N   8  Z  -0.034163   0.033832   0.014153  -0.018333  -0.005281
  155  N   8 XX  -0.442450   0.395853  -0.471768  -7.715855  -0.678372
  156  N   8 YY  -0.348855   0.279546  -0.677927  -7.915249  -0.728479
  157  N   8 ZZ  -0.396288   0.272111  -0.746342  -7.657449  -0.704347
  158  N   8 XY   0.022000  -0.070586  -0.109497  -0.077985  -0.007604
  159  N   8 XZ   0.007083  -0.011587  -0.015537  -0.041560  -0.004168
  160  N   8 YZ   0.000845  -0.004442   0.008696  -0.004038   0.000192
  161  H   9  S   0.048421   0.051281  -0.023521  -0.010087  -0.046765
  162  H   9  S  -0.129871  -0.160189  -0.215865   0.028585   0.161015
  163  H   9  S   0.828206   1.020262   0.588149   0.017241  -0.897263
  164  H   9  X  -0.005365   0.066329   0.140590  -0.002417  -0.005580
  165  H   9  Y   0.059008  -0.016233   0.089185  -0.008616   0.012414
  166  H   9  Z   0.000242   0.000925   0.000227   0.000057  -0.000321
  167  H  10  S   0.028488  -0.078359   0.031277  -0.018730   0.064008
  168  H  10  S   0.169063   0.057254   0.251835  -0.027037  -0.018237
  169  H  10  S  -0.548347  -0.999222   0.318041   0.112602   0.798390
  170  H  10  X   0.019425  -0.019785   0.007426  -0.000255  -0.025005
  171  H  10  Y  -0.188765   0.093882  -0.176273   0.026988  -0.083575
  172  H  10  Z   0.000636   0.000064   0.000714  -0.000649  -0.000163
  173  H  11  S   0.004462  -0.032583  -0.022600  -0.024115   0.058755
  174  H  11  S  -0.192849   0.126357  -0.512904   0.016892   0.234897
  175  H  11  S  -0.157394   0.312653  -0.389353   0.042389  -0.303005
  176  H  11  X  -0.042225   0.043784  -0.188373  -0.035239   0.216811
  177  H  11  Y   0.082761  -0.030045   0.086442   0.010369  -0.093563
  178  H  11  Z  -0.001030   0.000606  -0.002768  -0.000049   0.003095
  179  H  12  S  -0.051932   0.066411   0.027427   0.028820  -0.010757
  180  H  12  S   0.083427  -0.043793  -0.061056   0.334349   0.062914
  181  H  12  S   0.094630  -0.040822  -0.053581  -0.160875  -0.076789
  182  H  12  X   0.017447  -0.001199   0.022967  -0.178987  -0.015572
  183  H  12  Y   0.007682  -0.010110   0.010887  -0.134950  -0.007751
  184  H  12  Z  -0.003309  -0.002967   0.014653  -0.041781  -0.001779
  185  H  13  S  -0.022241   0.032761  -0.000349   0.022685  -0.008233
  186  H  13  S  -0.032455  -0.083079   0.070567   0.379811   0.082718
  187  H  13  S  -0.018944  -0.147288  -0.219199  -0.244289  -0.080417
  188  H  13  X   0.011382  -0.010216   0.006905  -0.014831   0.002554
  189  H  13  Y  -0.031671  -0.013995  -0.008012   0.245479   0.026963
  190  H  13  Z   0.007723   0.003124   0.001644  -0.019691  -0.002238

                    181        182        183        184        185
                    6.3270     7.9308    26.2542    26.3157    26.3643
                     A          A          A          A          A   
    1  C   1  S  -0.005510  -0.000744   0.694964   0.171183   1.606984
    2  C   1  S  -0.004846   0.000276  -1.172693  -0.290859  -2.718361
    3  C   1  S   0.328435  -0.279680  -0.917045   0.158344  -1.807618
    4  C   1  S  -0.813588   0.681389   3.972827   0.072709   8.328799
    5  C   1  S   0.600088  -0.257159  -1.191735   0.348822  -1.719025
    6  C   1  X   0.065906   0.001635   0.005866  -0.007484   0.001790
    7  C   1  Y   0.018014   0.004188   0.008630   0.003797  -0.002712
    8  C   1  Z  -0.001664   0.000389   0.000254  -0.000222   0.000905
    9  C   1  X  -0.082371  -0.101594  -0.033412  -0.019287   0.017984
   10  C   1  Y  -0.080056  -0.054041  -0.013301  -0.010085   0.044544
   11  C   1  Z  -0.000539  -0.001275   0.000390   0.001075  -0.000725
   12  C   1  X  -1.660069   0.326819   0.318198  -0.197581   0.128476
   13  C   1  Y  -0.023250   0.145909  -0.157018  -0.061969  -0.447897
   14  C   1  Z   0.022761  -0.004811   0.000498   0.001415  -0.007046
   15  C   1 XX   0.167097  -0.117031  -1.129859  -0.103029  -2.485224
   16  C   1 YY   0.160845  -0.142563  -1.174833  -0.105864  -2.470220
   17  C   1 ZZ   0.171218  -0.150494  -1.106581  -0.071374  -2.425799
   18  C   1 XY   0.159443   0.002932  -0.001090   0.002218  -0.003311
   19  C   1 XZ   0.001079  -0.000283   0.000811   0.000176   0.002128
   20  C   1 YZ  -0.003109   0.000281  -0.000690   0.000418  -0.000189
   21  C   2  S   0.001725  -0.000025  -1.052406  -0.232894  -0.026076
   22  C   2  S   0.007915  -0.000338   1.766769   0.392300   0.047590
   23  C   2  S  -0.112247   0.083049   1.360830   0.294080   0.175374
   24  C   2  S   0.232955  -0.202520  -5.920337  -1.292911  -0.524426
   25  C   2  S  -0.026338  -0.000103   1.669186   0.083327   0.259389
   26  C   2  X   0.031943  -0.006305  -0.027223  -0.025332   0.014728
   27  C   2  Y  -0.009845  -0.007445   0.008101   0.002470  -0.018784
   28  C   2  Z  -0.000779   0.000103  -0.000384  -0.000232   0.000489
   29  C   2  X  -0.174884   0.073836   0.036435   0.065328  -0.027914
   30  C   2  Y  -0.025095   0.040178   0.013947  -0.019934   0.045371
   31  C   2  Z   0.003665   0.000068   0.000072  -0.000145  -0.001596
   32  C   2  X   0.927296  -0.512332  -0.649768   0.071471   0.058702
   33  C   2  Y  -0.124057  -0.305941  -0.376151   0.227057  -0.550277
   34  C   2  Z  -0.008327   0.000491  -0.005137   0.001373   0.007494
   35  C   2 XX  -0.046614   0.034002   1.726501   0.413059   0.076841
   36  C   2 YY   0.003222   0.045896   1.716912   0.394376   0.187388
   37  C   2 ZZ  -0.049659   0.040987   1.645171   0.362043   0.118862
   38  C   2 XY   0.081010  -0.011493  -0.032308  -0.004455   0.014257
   39  C   2 XZ   0.000350  -0.000296   0.000943   0.000599  -0.000654
   40  C   2 YZ  -0.001626  -0.000039  -0.000326  -0.000080   0.000067
   41  C   3  S   0.003808  -0.001468   1.126089   0.739910  -0.873615
   42  C   3  S   0.003343  -0.001449  -1.895046  -1.248841   1.476338
   43  C   3  S   0.278046  -0.360393  -1.309432  -0.547994   1.079608
   44  C   3  S  -0.681928   0.883013   5.955920   3.167689  -4.725861
   45  C   3  S   0.409286  -0.185325  -1.490875  -0.328181   0.853213
   46  C   3  X  -0.011662   0.003125  -0.009214  -0.008900   0.013152
   47  C   3  Y   0.004734   0.009488   0.015944  -0.005233  -0.013109
   48  C   3  Z   0.000027  -0.000021  -0.000069  -0.000185   0.000124
   49  C   3  X  -0.013313  -0.085124  -0.022272   0.045942  -0.056798
   50  C   3  Y   0.065491  -0.144528  -0.049728  -0.008646   0.010563
   51  C   3  Z  -0.001152  -0.000274  -0.000465   0.001137  -0.000367
   52  C   3  X   0.180704   0.101494  -0.090686  -0.067792   0.341453
   53  C   3  Y   0.600414   0.261467   0.491068  -0.498509  -0.087740
   54  C   3  Z   0.005075  -0.000960  -0.002467  -0.000499   0.000870
   55  C   3 XX   0.161445  -0.177749  -1.782681  -1.008082   1.387840
   56  C   3 YY   0.135785  -0.176716  -1.744511  -0.998254   1.395473
   57  C   3 ZZ   0.148081  -0.195379  -1.696834  -0.957571   1.372216
   58  C   3 XY  -0.013238   0.008714   0.023360   0.004124  -0.003107
   59  C   3 XZ   0.000563   0.000026  -0.001083  -0.000646   0.000073
   60  C   3 YZ   0.000259   0.000038   0.000507   0.000166  -0.000134
   61  N   4  S   0.045532   0.004653  -0.008345  -0.010214   0.011772
   62  N   4  S   0.120815   0.018782   0.009144   0.019955  -0.012441
   63  N   4  S   2.450855  -0.065231  -0.028193  -0.245973  -0.075519
   64  N   4  S  -6.042951   0.048970   0.028404   0.468903   0.195786
   65  N   4  S   0.876410  -0.117475   0.109136  -0.205225  -0.066235
   66  N   4  X  -0.011971   0.017824   0.006815   0.003161  -0.008867
   67  N   4  Y   0.009221   0.023168   0.010169  -0.001822  -0.002396
   68  N   4  Z  -0.000312   0.000027  -0.000009   0.000140   0.000023
   69  N   4  X   0.015191  -0.100137  -0.003852   0.035341  -0.005998
   70  N   4  Y  -0.091865  -0.191485   0.006960   0.002249  -0.035510
   71  N   4  Z   0.001236   0.000226   0.000038   0.000051  -0.000323
   72  N   4  X   0.197548  -0.149307  -0.037019  -0.208917  -0.033225
   73  N   4  Y  -0.005337   0.230857   0.068354   0.090944   0.139343
   74  N   4  Z   0.002162  -0.003660  -0.000719  -0.002318  -0.000146
   75  N   4 XX   1.702843  -0.010183   0.020559  -0.105245  -0.058736
   76  N   4 YY   1.717280   0.068705  -0.032032  -0.036498  -0.037554
   77  N   4 ZZ   1.652872  -0.008447  -0.026861  -0.129844  -0.038501
   78  N   4 XY  -0.072637   0.024068   0.029509   0.013095  -0.033671
   79  N   4 XZ   0.001356  -0.000317   0.000404   0.000241  -0.000154
   80  N   4 YZ  -0.001364  -0.000455   0.000449  -0.000522  -0.000360
   81  C   5  S  -0.004054  -0.012928  -0.721853   1.661553   0.220538
   82  C   5  S   0.010515   0.007073   1.216985  -2.809068  -0.374254
   83  C   5  S   0.278141   0.559250   0.847500  -1.397325  -0.042481
   84  C   5  S  -0.779599  -1.466542  -3.800006   7.470193   0.658389
   85  C   5  S   0.524518   1.729679   0.804916  -0.806912   0.087494
   86  C   5  X  -0.052359   0.090454   0.005901   0.002927   0.013311
   87  C   5  Y   0.069152   0.065958   0.007057   0.004434  -0.007654
   88  C   5  Z  -0.001547   0.000005   0.000058  -0.000195   0.000258
   89  C   5  X   0.119968   0.047118   0.016353   0.009703  -0.026044
   90  C   5  Y  -0.120809  -0.084949  -0.006520   0.030097   0.020809
   91  C   5  Z   0.002888   0.001141   0.000159   0.000150  -0.001150
   92  C   5  X   0.183290  -0.384849   0.145407  -0.121504   0.024768
   93  C   5  Y   0.067028  -0.260383   0.114432  -0.046789   0.036055
   94  C   5  Z  -0.001358   0.000415  -0.001342   0.000156   0.000684
   95  C   5 XX   0.207876   0.259092   1.109805  -2.337623  -0.247712
   96  C   5 YY   0.063952   0.219424   1.114450  -2.315255  -0.244946
   97  C   5 ZZ   0.181667   0.317970   1.108279  -2.261168  -0.225967
   98  C   5 XY  -0.095268   0.036349  -0.009210  -0.004920  -0.005442
   99  C   5 XZ   0.000942  -0.000990   0.000003  -0.000800  -0.000167
  100  C   5 YZ   0.000303   0.001410  -0.000118   0.000487   0.000262
  101  N   6  S  -0.184597   0.004830  -0.003628  -0.009967  -0.020187
  102  N   6  S  -0.414999   0.011899   0.003535   0.017758   0.024548
  103  N   6  S -12.481864   0.170204  -0.051043  -0.217545  -0.011177
  104  N   6  S  29.921391  -0.454919   0.100690   0.418279  -0.050179
  105  N   6  S  -4.568270  -0.084628   0.046511  -0.188545   0.096391
  106  N   6  X   0.000790   0.025399   0.011018  -0.013478   0.016830
  107  N   6  Y  -0.046256   0.014214  -0.000332   0.009757   0.019979
  108  N   6  Z   0.000535  -0.000072   0.000229  -0.000548  -0.000420
  109  N   6  X  -0.040884  -0.157311   0.013349  -0.003463   0.019663
  110  N   6  Y   0.078282  -0.058599   0.000724   0.015128   0.000153
  111  N   6  Z   0.000431   0.000043  -0.000770   0.000619   0.000451
  112  N   6  X  -0.113708   0.319822   0.049391  -0.063827  -0.033690
  113  N   6  Y  -0.545589  -0.017672  -0.000828  -0.062676   0.067638
  114  N   6  Z   0.006482   0.003153   0.001638  -0.001546   0.000147
  115  N   6 XX  -8.105464   0.175675  -0.033085  -0.041392   0.052198
  116  N   6 YY  -8.059240   0.098728  -0.027418  -0.092810   0.015511
  117  N   6 ZZ  -8.066136   0.112567  -0.035021  -0.119210  -0.015085
  118  N   6 XY  -0.004318  -0.009617   0.031737  -0.037773   0.039985
  119  N   6 XZ   0.001007   0.001104  -0.000879   0.001223  -0.000310
  120  N   6 YZ   0.000779   0.000472   0.000010  -0.000765  -0.000226
  121  O   7  S  -0.003662  -0.213987   0.005408  -0.009453  -0.000864
  122  O   7  S   0.000475  -0.353488  -0.001092   0.011161   0.001789
  123  O   7  S  -0.447232 -15.752585  -0.085339  -0.336161  -0.068164
  124  O   7  S   0.972827  36.294864   0.185637   0.722151   0.146379
  125  O   7  S  -0.025190  -3.734970  -0.025180  -0.145343  -0.028497
  126  O   7  X  -0.019327  -0.041707  -0.018079   0.037166   0.003938
  127  O   7  Y   0.007894  -0.026795  -0.011194   0.021665   0.002138
  128  O   7  Z  -0.000031  -0.000180   0.000047   0.000103  -0.000069
  129  O   7  X   0.131092   0.166785   0.019026   0.020937   0.013998
  130  O   7  Y  -0.011276   0.112617   0.014587   0.014170   0.007714
  131  O   7  Z   0.000583   0.000615  -0.000339   0.000087   0.000358
  132  O   7  X  -0.084911  -0.362829  -0.032482  -0.041074  -0.025661
  133  O   7  Y   0.021055  -0.212186  -0.029875  -0.035889  -0.011126
  134  O   7  Z   0.000454  -0.001555   0.000929  -0.000432  -0.000512
  135  O   7 XX  -0.178276  -9.859005  -0.048283  -0.147109  -0.029561
  136  O   7 YY  -0.300684  -9.879930  -0.040196  -0.175304  -0.033745
  137  O   7 ZZ  -0.274413  -9.914471  -0.035318  -0.192772  -0.038298
  138  O   7 XY  -0.005151   0.032956  -0.009453   0.030568   0.005416
  139  O   7 XZ   0.001017   0.000254  -0.000029   0.000127   0.000088
  140  O   7 YZ   0.000264  -0.000099  -0.000011   0.000023   0.000015
  141  N   8  S   0.097466  -0.001609  -0.007313   0.000733  -0.014142
  142  N   8  S   0.236665   0.002127   0.011165  -0.000455   0.017182
  143  N   8  S   6.203986  -0.303445  -0.163584   0.005644   0.087300
  144  N   8  S -14.993959   0.693771   0.329933  -0.020366  -0.257598
  145  N   8  S   2.441571  -0.227179  -0.052681   0.036367   0.077747
  146  N   8  X  -0.015821  -0.002317  -0.002282  -0.002223  -0.013371
  147  N   8  Y   0.014994  -0.005141  -0.000152   0.002387   0.007589
  148  N   8  Z   0.004146   0.000362   0.000446  -0.000344   0.002820
  149  N   8  X   0.077923   0.018088  -0.013320  -0.010759  -0.026486
  150  N   8  Y  -0.048826   0.023743   0.006728   0.005497   0.004994
  151  N   8  Z   0.038299  -0.002717  -0.000064   0.004198  -0.006576
  152  N   8  X  -0.227183   0.018742  -0.025405   0.031398   0.059180
  153  N   8  Y   0.123408  -0.051945  -0.015621   0.069035   0.023235
  154  N   8  Z   0.006268  -0.000050  -0.001551  -0.003501   0.015033
  155  N   8 XX   4.174491  -0.171132  -0.058719   0.016149   0.110673
  156  N   8 YY   4.116838  -0.166688  -0.084836   0.005932   0.051604
  157  N   8 ZZ   4.041838  -0.161242  -0.090932  -0.000769   0.043723
  158  N   8 XY   0.049149   0.002009  -0.012517  -0.003871  -0.037462
  159  N   8 XZ   0.016734   0.000571  -0.001966  -0.000230  -0.003884
  160  N   8 YZ   0.002604   0.000815   0.000875   0.001565   0.001520
  161  H   9  S  -0.013372  -0.004307   0.001880  -0.001083   0.007142
  162  H   9  S   0.027347  -0.001928  -0.040378  -0.021507  -0.013768
  163  H   9  S  -0.439209   0.371732   0.368242  -0.085294   0.181616
  164  H   9  X   0.027939  -0.002544   0.023427   0.012562   0.007390
  165  H   9  Y  -0.004481  -0.000501   0.017058   0.012848  -0.015364
  166  H   9  Z   0.000274   0.000065   0.000129  -0.000139   0.000080
  167  H  10  S   0.013308  -0.001649   0.004893   0.013436  -0.005955
  168  H  10  S  -0.077395   0.014946   0.040406  -0.000942  -0.013648
  169  H  10  S  -0.372551  -0.165503  -0.204499   0.389207   0.083539
  170  H  10  X   0.008179   0.008996   0.000142   0.001131  -0.000524
  171  H  10  Y   0.014556   0.001995  -0.037354  -0.027280   0.026792
  172  H  10  Z   0.000004   0.000119   0.000170   0.000089   0.000046
  173  H  11  S  -0.025628  -0.004262   0.001719   0.023779   0.000220
  174  H  11  S   0.021357  -0.047104  -0.038513  -0.055229  -0.033485
  175  H  11  S   0.075356  -0.127232  -0.037706  -0.095794   0.045591
  176  H  11  X  -0.049835   0.010314  -0.005005  -0.007264  -0.005290
  177  H  11  Y   0.007760   0.017239   0.007398  -0.002066  -0.001923
  178  H  11  Z  -0.000747   0.000060  -0.000115  -0.000073  -0.000054
  179  H  12  S  -0.014823  -0.010899   0.002259   0.003570   0.015709
  180  H  12  S  -0.168460   0.025772   0.004456  -0.030667  -0.015388
  181  H  12  S   0.158531  -0.031051   0.017845   0.028930  -0.074011
  182  H  12  X   0.085821  -0.001952   0.003755   0.004220   0.001864
  183  H  12  Y   0.082423   0.002317  -0.000685   0.001752   0.001221
  184  H  12  Z   0.024665   0.000215   0.000273   0.002635   0.001959
  185  H  13  S  -0.002741   0.003440   0.002182  -0.004053   0.011150
  186  H  13  S  -0.148793   0.012405   0.002533   0.023165   0.002377
  187  H  13  S   0.042835  -0.030142  -0.056982   0.022850  -0.072477
  188  H  13  X   0.007294   0.000481   0.001057   0.001291  -0.002790
  189  H  13  Y  -0.085878   0.005205   0.000423  -0.001437  -0.001480
  190  H  13  Z   0.004417  -0.000142   0.000769  -0.000674   0.000079

                    186        187        188        189        190
                   26.5076    36.0313    36.0636    36.1160    47.5839
                     A          A          A          A          A   
    1  C   1  S   0.547750   0.010058   0.027607   0.004817   0.002378
    2  C   1  S  -0.928467  -0.016311  -0.050165  -0.011230  -0.005076
    3  C   1  S  -0.277361  -0.161992  -0.189370   0.030289  -0.066865
    4  C   1  S   1.976706   0.419308   0.489427  -0.053068   0.167423
    5  C   1  S  -0.021366  -0.583423  -0.289645   0.245525  -0.028793
    6  C   1  X   0.003638  -0.015994  -0.002567  -0.009081   0.003376
    7  C   1  Y   0.016382  -0.001839  -0.011296  -0.007844   0.001524
    8  C   1  Z   0.000581  -0.000282  -0.000813   0.001099   0.000212
    9  C   1  X  -0.013511   0.021161  -0.009894  -0.124887  -0.042917
   10  C   1  Y  -0.008831  -0.038481  -0.033771  -0.014443   0.002567
   11  C   1  Z  -0.001458   0.000691   0.002862  -0.001987  -0.000163
   12  C   1  X   0.323865   0.069847  -0.105647   0.329491   0.119650
   13  C   1  Y   0.311681  -0.037300  -0.000335  -0.013273   0.047483
   14  C   1  Z   0.000793  -0.002300  -0.000932  -0.003427  -0.001887
   15  C   1 XX  -0.693242  -0.033612  -0.041386  -0.009336  -0.041083
   16  C   1 YY  -0.602251  -0.064378  -0.113199   0.013383  -0.032528
   17  C   1 ZZ  -0.657790  -0.087578  -0.132414   0.005112  -0.038960
   18  C   1 XY  -0.006616   0.028642   0.003290   0.073892   0.006564
   19  C   1 XZ   0.001038  -0.000839  -0.002259   0.002115   0.000210
   20  C   1 YZ  -0.000288   0.000027   0.000909  -0.001435  -0.000159
   21  C   2  S   1.492879  -0.008155  -0.005210   0.002147  -0.000458
   22  C   2  S  -2.527081   0.016638   0.010847  -0.004417   0.000803
   23  C   2  S  -1.407638   0.262033   0.086661  -0.082160   0.054307
   24  C   2  S   7.046290  -0.634442  -0.218040   0.195244  -0.135654
   25  C   2  S  -1.383390   0.422548   0.084847  -0.146069  -0.030848
   26  C   2  X  -0.016825  -0.010262   0.005666  -0.003088  -0.001319
   27  C   2  Y  -0.002215  -0.007066  -0.007124   0.004436  -0.002121
   28  C   2  Z  -0.000059   0.000144   0.000163   0.000314   0.000051
   29  C   2  X   0.011119   0.006003  -0.013694   0.059441   0.036667
   30  C   2  Y   0.005892   0.017721   0.000226  -0.022388   0.014560
   31  C   2  Z   0.000669  -0.001063  -0.001266  -0.000212   0.000173
   32  C   2  X  -0.147715  -0.363161   0.018456  -0.058125  -0.167874
   33  C   2  Y   0.084447  -0.319529  -0.052886   0.197160  -0.089943
   34  C   2  Z  -0.000262   0.001307   0.001245   0.005087   0.000205
   35  C   2 XX  -2.135969   0.151888   0.046293  -0.050495   0.024980
   36  C   2 YY  -2.126728   0.139572   0.060550  -0.039730   0.026649
   37  C   2 ZZ  -2.118267   0.156024   0.057038  -0.049133   0.028509
   38  C   2 XY  -0.029018   0.011002  -0.004785   0.011441   0.001452
   39  C   2 XZ  -0.000106   0.000256   0.000445  -0.000426  -0.000146
   40  C   2 YZ  -0.000229   0.000048   0.000336  -0.000550  -0.000014
   41  C   3  S   0.901817   0.010896  -0.014826  -0.007988   0.002478
   42  C   3  S  -1.532884  -0.017961   0.028011   0.014857  -0.005055
   43  C   3  S  -0.658430  -0.064164   0.069274  -0.017174  -0.115963
   44  C   3  S   3.786658   0.171153  -0.182072   0.042239   0.286441
   45  C   3  S  -0.276554  -0.412188   0.039623   0.068840  -0.014330
   46  C   3  X   0.035231  -0.004781   0.006598   0.005085   0.001839
   47  C   3  Y  -0.010163  -0.014914   0.000723   0.000485   0.006368
   48  C   3  Z   0.000410   0.000066   0.000038  -0.000047  -0.000023
   49  C   3  X  -0.040687  -0.040385   0.014415   0.043086  -0.007411
   50  C   3  Y  -0.018210   0.023489   0.028273  -0.010026  -0.076452
   51  C   3  Z  -0.000628  -0.000408   0.000554   0.000807   0.000262
   52  C   3  X   0.116284   0.057998   0.003441  -0.090619   0.028114
   53  C   3  Y  -0.216633   0.331985  -0.054564  -0.287560   0.082906
   54  C   3  Z   0.001661  -0.002393  -0.000614  -0.003074  -0.000313
   55  C   3 XX  -1.166021   0.007579   0.020928  -0.013711  -0.052492
   56  C   3 YY  -1.218373  -0.021177   0.053737  -0.005797  -0.067008
   57  C   3 ZZ  -1.194147  -0.039983   0.057478   0.002791  -0.063717
   58  C   3 XY  -0.039420   0.045686  -0.029275  -0.026218   0.003137
   59  C   3 XZ   0.000405   0.000494  -0.000143  -0.000230   0.000078
   60  C   3 YZ  -0.000340   0.000417  -0.000358  -0.000219   0.000034
   61  N   4  S  -0.003775   1.429816  -0.879111  -0.701920   0.005154
   62  N   4  S   0.009256  -2.285895   1.403699   1.124088  -0.008047
   63  N   4  S  -0.242839   0.015007   0.223842   0.047731  -0.183125
   64  N   4  S   0.539854   2.930868  -2.326529  -1.559965   0.417635
   65  N   4  S  -0.252257   0.269638   0.068366  -0.122368  -0.127384
   66  N   4  X   0.015429   0.002208  -0.003767  -0.000836   0.001087
   67  N   4  Y   0.014808  -0.004914  -0.000387  -0.003544   0.008917
   68  N   4  Z   0.000146   0.000045  -0.000032   0.000115  -0.000049
   69  N   4  X   0.015530   0.020642  -0.000727  -0.009386  -0.019919
   70  N   4  Y  -0.025863  -0.030920   0.020734   0.026948  -0.018566
   71  N   4  Z   0.000052   0.000440  -0.000163  -0.000640  -0.000131
   72  N   4  X  -0.188077   0.118950  -0.072939  -0.111370  -0.108611
   73  N   4  Y   0.080928   0.000027   0.018019  -0.014029   0.091152
   74  N   4  Z  -0.001840   0.001684  -0.000742  -0.000530  -0.001948
   75  N   4 XX  -0.082856  -1.180691   0.850347   0.616826  -0.102988
   76  N   4 YY  -0.123200  -1.150573   0.833475   0.602126  -0.109959
   77  N   4 ZZ  -0.119849  -1.114772   0.811878   0.584934  -0.108906
   78  N   4 XY   0.022089   0.002155  -0.008065  -0.008846  -0.006595
   79  N   4 XZ   0.000347  -0.000887   0.000544   0.000463   0.000072
   80  N   4 YZ   0.000279   0.000297  -0.000242  -0.000192  -0.000050
   81  C   5  S  -0.248260   0.007786   0.002837   0.006684  -0.014228
   82  C   5  S   0.421446  -0.008291  -0.005439  -0.012398   0.027591
   83  C   5  S   0.527919   0.078993  -0.046347  -0.012167   0.062492
   84  C   5  S  -1.873815  -0.236530   0.125369   0.034169  -0.186508
   85  C   5  S   0.758417  -0.067724  -0.099903   0.125038   0.455002
   86  C   5  X   0.008607   0.005459   0.003348  -0.001047   0.022351
   87  C   5  Y   0.009137  -0.004210  -0.002759   0.000035   0.015648
   88  C   5  Z  -0.000054   0.000205   0.000065  -0.000017  -0.000018
   89  C   5  X  -0.019140  -0.015289   0.042413   0.084700   0.080105
   90  C   5  Y  -0.011819  -0.002595  -0.000089   0.000502   0.025064
   91  C   5  Z   0.000249  -0.000471   0.000614   0.000457   0.000715
   92  C   5  X   0.276496  -0.070694  -0.034543   0.060036  -0.054580
   93  C   5  Y  -0.013217  -0.064399   0.007452  -0.072777  -0.034336
   94  C   5  Z   0.001633  -0.000341  -0.000257   0.003057   0.000420
   95  C   5 XX   0.500937   0.071847   0.018649   0.028856  -0.025607
   96  C   5 YY   0.505962   0.094601  -0.059134  -0.038955   0.032451
   97  C   5 ZZ   0.512803   0.038459  -0.025311  -0.015636   0.049835
   98  C   5 XY   0.004987  -0.030317  -0.017965  -0.031015  -0.059606
   99  C   5 XZ  -0.000190   0.000638   0.000825   0.000846  -0.000147
  100  C   5 YZ   0.000115  -0.000869  -0.000003  -0.000062  -0.000296
  101  N   6  S   0.001450   1.110389   0.930584   1.096983   0.005739
  102  N   6  S  -0.000311  -1.770412  -1.483895  -1.749847  -0.010474
  103  N   6  S  -0.036214  -0.056548  -0.121256  -0.322798  -0.070202
  104  N   6  S   0.084178   2.424276   2.206169   2.994383   0.167869
  105  N   6  S  -0.068033   0.175021  -0.020196  -0.147896  -0.090803
  106  N   6  X   0.021036  -0.001867   0.006042  -0.001965   0.004893
  107  N   6  Y   0.004263  -0.000379   0.002279  -0.000445  -0.001572
  108  N   6  Z   0.000011  -0.000036  -0.000061  -0.000204   0.000059
  109  N   6  X  -0.043424  -0.021475  -0.011269  -0.017425  -0.006148
  110  N   6  Y   0.043722  -0.029804  -0.060564  -0.067084  -0.005584
  111  N   6  Z  -0.000485   0.000669   0.000833   0.002459   0.000151
  112  N   6  X   0.192531   0.046396  -0.004665   0.059510   0.083016
  113  N   6  Y  -0.090790   0.090352   0.040042   0.021479  -0.036031
  114  N   6  Z   0.002217  -0.001214  -0.001663  -0.000541   0.001150
  115  N   6 XX  -0.013520  -0.935263  -0.817256  -1.076854  -0.055257
  116  N   6 YY   0.002167  -0.908181  -0.811335  -1.050298  -0.041434
  117  N   6 ZZ  -0.014645  -0.894897  -0.789023  -1.039717  -0.049359
  118  N   6 XY   0.022859  -0.012512  -0.001836  -0.003173  -0.004376
  119  N   6 XZ  -0.000113  -0.000112  -0.000183  -0.000144   0.000002
  120  N   6 YZ  -0.000001   0.000089   0.000004   0.000921  -0.000063
  121  O   7  S   0.002114   0.006265  -0.000910   0.001927  -1.817527
  122  O   7  S   0.000321  -0.007051   0.000863  -0.000680   2.839291
  123  O   7  S  -0.080908   0.030964   0.002811  -0.091646  -0.481237
  124  O   7  S   0.178141  -0.050833  -0.010046   0.198445  -2.485013
  125  O   7  S  -0.052624  -0.028417   0.031677  -0.012412  -0.307128
  126  O   7  X  -0.010110   0.007292  -0.001155  -0.001320  -0.001262
  127  O   7  Y  -0.003594   0.006479  -0.001556  -0.000131  -0.001166
  128  O   7  Z  -0.000018   0.000052   0.000041  -0.000153  -0.000018
  129  O   7  X   0.019940  -0.011120   0.006878   0.020090   0.072984
  130  O   7  Y   0.003991  -0.013081  -0.004099  -0.002622   0.046069
  131  O   7  Z  -0.000008  -0.000127  -0.000019   0.000740   0.000266
  132  O   7  X  -0.077279   0.020327   0.015159  -0.016533  -0.080889
  133  O   7  Y  -0.018300   0.018741   0.002294   0.016356  -0.049867
  134  O   7  Z  -0.000120   0.000470   0.000238  -0.001483  -0.000500
  135  O   7 XX  -0.045474   0.021860   0.006058  -0.039763   1.105180
  136  O   7 YY  -0.038951   0.016970  -0.006035  -0.053025   1.086594
  137  O   7 ZZ  -0.038419   0.026625   0.000698  -0.048041   1.074981
  138  O   7 XY  -0.005146  -0.000584  -0.004501  -0.001487   0.021008
  139  O   7 XZ  -0.000018  -0.000003   0.000099   0.000097   0.000091
  140  O   7 YZ  -0.000048   0.000102   0.000049   0.000034   0.000049
  141  N   8  S   0.000306   0.171832   1.290954  -1.270531  -0.002452
  142  N   8  S   0.001804  -0.276022  -2.061882   2.033278   0.006200
  143  N   8  S  -0.019672   0.126919  -0.166589   0.102519  -0.111987
  144  N   8  S   0.048031   0.081099   3.052500  -2.860294   0.245200
  145  N   8  S  -0.126729   0.073412   0.050835  -0.141571  -0.080761
  146  N   8  X  -0.016318  -0.006383  -0.007279   0.000374   0.000109
  147  N   8  Y   0.006402   0.002781   0.002400  -0.001753  -0.001307
  148  N   8  Z   0.001308  -0.000213  -0.002276   0.002948   0.000201
  149  N   8  X   0.006694   0.026114  -0.001818  -0.007046  -0.010835
  150  N   8  Y   0.008694  -0.012516   0.004080   0.015039   0.010941
  151  N   8  Z  -0.001840  -0.002288  -0.015890   0.014605  -0.000795
  152  N   8  X  -0.001117  -0.041950  -0.048630   0.081510   0.017588
  153  N   8  Y  -0.075544   0.052553   0.053251  -0.009576  -0.024898
  154  N   8  Z  -0.002046   0.002970   0.007617  -0.002055   0.000688
  155  N   8 XX   0.015067  -0.073560  -1.140695   1.112831  -0.051977
  156  N   8 YY   0.004121  -0.079178  -1.164047   1.112907  -0.055053
  157  N   8 ZZ   0.000191  -0.061087  -1.097095   1.061863  -0.054182
  158  N   8 XY  -0.022143   0.004379  -0.006319   0.006085  -0.002689
  159  N   8 XZ  -0.001234   0.000225  -0.007268   0.008136  -0.000362
  160  N   8 YZ  -0.000265   0.000039  -0.001088   0.002753   0.000258
  161  H   9  S   0.031605   0.002479   0.002644  -0.003010  -0.002283
  162  H   9  S   0.006522  -0.022251   0.006421  -0.017156   0.000300
  163  H   9  S   0.177487   0.291778   0.011611  -0.025660   0.120333
  164  H   9  X  -0.040409   0.003939  -0.000778   0.004396  -0.000056
  165  H   9  Y  -0.028457   0.002432  -0.006080   0.005324   0.000700
  166  H   9  Z  -0.000035   0.000008  -0.000093   0.000014   0.000018
  167  H  10  S   0.028954   0.004196  -0.004725  -0.004900   0.001625
  168  H  10  S  -0.026097   0.002734  -0.013554   0.007980   0.021452
  169  H  10  S   0.211318  -0.175670   0.051768   0.161193  -0.065026
  170  H  10  X   0.013411  -0.004986   0.002134   0.000666   0.002030
  171  H  10  Y  -0.030376   0.002063   0.007228   0.000700  -0.006112
  172  H  10  Z   0.000258   0.000037   0.000019   0.000071   0.000035
  173  H  11  S   0.013430   0.036496  -0.016815  -0.017332  -0.000512
  174  H  11  S  -0.056209   0.029645  -0.046858  -0.033056  -0.035929
  175  H  11  S   0.007544   0.044860  -0.038042  -0.041609  -0.063487
  176  H  11  X  -0.004775   0.059227  -0.039889  -0.033582  -0.002643
  177  H  11  Y   0.008474  -0.027524   0.015928   0.014306   0.005826
  178  H  11  Z  -0.000109   0.000821  -0.000551  -0.000451  -0.000064
  179  H  12  S   0.000866   0.006485   0.032092  -0.031643  -0.002042
  180  H  12  S   0.027154  -0.014174   0.003815  -0.019133   0.009913
  181  H  12  S  -0.040205   0.005196   0.012892  -0.070441  -0.015782
  182  H  12  X  -0.001771  -0.005377  -0.042909   0.044924  -0.000311
  183  H  12  Y   0.003910  -0.001399  -0.031670   0.034312  -0.000071
  184  H  12  Z  -0.001259  -0.000804  -0.010447   0.011773  -0.000327
  185  H  13  S   0.008539   0.005335   0.032596  -0.029084   0.000378
  186  H  13  S  -0.020066   0.008450   0.021245   0.008605   0.005225
  187  H  13  S   0.002801   0.021551   0.043220  -0.037003  -0.019260
  188  H  13  X  -0.001353  -0.004163  -0.006593   0.002986   0.000229
  189  H  13  Y  -0.005866   0.009018   0.058132  -0.050888   0.001247
  190  H  13  Z   0.001232  -0.001589  -0.006215   0.003810   0.000004
