
                      1          2          3          4          5
                  -21.0687    -5.9010    -4.1357    -4.1267    -3.9732
                     A          A          A          A          A   
    1  O   1  S   0.972269   0.000377   0.000000   0.000000   0.000316
    2  O   1  S  -0.008527   0.001049   0.000000   0.000000   0.003562
    3  O   1  S   0.050326   0.000557  -0.000000  -0.000000  -0.000455
    4  O   1  S  -0.019840   0.004081   0.000002   0.000006   0.010280
    5  O   1  X   0.001043   0.000166  -0.000000  -0.000000  -0.002073
    6  O   1  Y  -0.000001   0.000000   0.000006   0.000011  -0.000000
    7  O   1  Z   0.000001  -0.000000   0.000010  -0.000007   0.000000
    8  O   1  X  -0.002238   0.002611  -0.000000   0.000000  -0.002581
    9  O   1  Y   0.000002  -0.000000   0.000129   0.000344  -0.000000
   10  O   1  Z  -0.000001   0.000000   0.000194  -0.000229   0.000001
   11  O   1  X  -0.000979  -0.018714   0.000001   0.000001   0.012784
   12  O   1  Y   0.000001   0.000000   0.006476   0.000771  -0.000001
   13  O   1  Z   0.000000   0.000001   0.009737  -0.000513   0.000001
   14  O   1 XX   0.002759   0.000034  -0.000000  -0.000000  -0.000067
   15  O   1 YY   0.002799  -0.000069  -0.000000  -0.000000  -0.000408
   16  O   1 ZZ   0.002791  -0.000076  -0.000000  -0.000000  -0.000403
   17  O   1 XY   0.000000   0.000000   0.000006  -0.000019   0.000000
   18  O   1 XZ   0.000000  -0.000000   0.000009   0.000013  -0.000000
   19  O   1 YZ  -0.000011  -0.000010   0.000000   0.000000   0.000006
   20  O   1 XX   0.009444   0.000496  -0.000000   0.000000  -0.000266
   21  O   1 YY   0.009572   0.000718  -0.000000  -0.000000  -0.001647
   22  O   1 ZZ   0.009356   0.000795   0.000000  -0.000000  -0.001539
   23  O   1 XY   0.000000  -0.000000  -0.000189  -0.000174   0.000000
   24  O   1 XZ   0.000000   0.000000  -0.000285   0.000115   0.000000
   25  O   1 YZ  -0.000298   0.000107  -0.000000   0.000000   0.000149
   26  O    XXX   0.000896   0.000530  -0.000000  -0.000000  -0.001350
   27  O    YYY  -0.000001   0.000000  -0.000034  -0.000186  -0.000000
   28  O    ZZZ   0.000000  -0.000000  -0.000107   0.000136   0.000000
   29  O    XXY  -0.000000   0.000000   0.000062   0.000106  -0.000000
   30  O    XXZ   0.000000  -0.000000   0.000093  -0.000071   0.000000
   31  O    YYX   0.000443  -0.000030   0.000000   0.000000  -0.000019
   32  O    YYZ   0.000000  -0.000000  -0.000063   0.000036   0.000000
   33  O    ZZX   0.000459   0.000023  -0.000000   0.000000  -0.000014
   34  O    ZZY  -0.000000   0.000000  -0.000092  -0.000078   0.000000
   35  O    XYZ   0.000022   0.000073   0.000000  -0.000000   0.000006
   36  O   1  S  -0.001150   0.019136  -0.000000   0.000003   0.002054
   37  O   1  X   0.001314  -0.004133  -0.000000  -0.000002  -0.002546
   38  O   1  Y  -0.000000  -0.000001   0.000329   0.000032  -0.000000
   39  O   1  Z   0.000000   0.000000   0.000495  -0.000021   0.000000
   40  O   1 XX   0.006021   0.011956   0.000000   0.000000  -0.009925
   41  O   1 YY   0.004905  -0.001620  -0.000001  -0.000000  -0.001063
   42  O   1 ZZ   0.004845  -0.002569   0.000002   0.000000  -0.000271
   43  O   1 XY   0.000000   0.000002   0.002672  -0.000229  -0.000002
   44  O   1 XZ   0.000000   0.000000   0.004017   0.000152   0.000000
   45  O   1 YZ  -0.000083  -0.001307  -0.000000   0.000001   0.001092
   46  O    XXX   0.001172   0.003556  -0.000000   0.000001   0.000142
   47  O    YYY  -0.000001   0.000001  -0.000423  -0.000060  -0.000000
   48  O    ZZZ   0.000001  -0.000001  -0.000086  -0.000021   0.000000
   49  O    XXY  -0.000000  -0.000000  -0.000463  -0.000372   0.000000
   50  O    XXZ   0.000000   0.000000  -0.000696   0.000248   0.000000
   51  O    YYX   0.000398   0.003266  -0.000000  -0.000000  -0.002243
   52  O    YYZ   0.000000   0.000000   0.000106   0.000115  -0.000000
   53  O    ZZX   0.000312   0.003227   0.000000   0.000000  -0.002388
   54  O    ZZY  -0.000000   0.000000   0.000562  -0.000050  -0.000000
   55  O    XYZ  -0.000120  -0.000054  -0.000000   0.000000  -0.000200
   56  H   2  S   0.000261  -0.000339  -0.000351   0.000000   0.000731
   57  H   2  S  -0.000054   0.002548   0.009334  -0.000003  -0.005857
   58  H   2  S  -0.002965  -0.008443  -0.001522  -0.000000   0.000244
   59  H   2  X  -0.000111   0.000193  -0.000034  -0.000000  -0.000232
   60  H   2  Y   0.000102   0.000059  -0.000041   0.000006  -0.000017
   61  H   2  Z   0.000154   0.000088  -0.000061  -0.000004  -0.000026
   62  H   2  X  -0.000140  -0.001113  -0.001472   0.000000   0.001580
   63  H   2  Y  -0.000184  -0.001175   0.000198   0.000002  -0.000713
   64  H   2  Z  -0.000276  -0.001764   0.000297  -0.000003  -0.001073
   65  H   2 XX   0.000053   0.000122   0.000110   0.000000   0.000124
   66  H   2 YY   0.000048  -0.000258  -0.000258   0.000036   0.000500
   67  H   2 ZZ   0.000059  -0.000207  -0.000248  -0.000036   0.000280
   68  H   2 XY  -0.000033   0.000026  -0.000024   0.000050  -0.000005
   69  H   2 XZ  -0.000049   0.000038  -0.000035  -0.000034  -0.000007
   70  H   2 YZ   0.000016   0.000071   0.000014   0.000017  -0.000303
   71  H   2  S  -0.000214   0.000015   0.000810   0.000000   0.000392
   72  H   2  X   0.000538   0.001864  -0.000068   0.000001   0.001111
   73  H   2  Y  -0.000545  -0.000963  -0.000417  -0.000162   0.000104
   74  H   2  Z  -0.000819  -0.001447  -0.000628   0.000107   0.000155
   75  H   2 XX  -0.000037   0.000215   0.000707  -0.000000   0.000317
   76  H   2 YY  -0.000084   0.001402   0.001231   0.000030  -0.000116
   77  H   2 ZZ  -0.000213   0.000657   0.000584  -0.000031  -0.000087
   78  H   2 XY   0.000043   0.000253   0.000093   0.000083   0.000147
   79  H   2 XZ   0.000064   0.000380   0.000140  -0.000055   0.000221
   80  H   2 YZ  -0.000177  -0.001028  -0.000891   0.000015   0.000041
   81  H   3  S   0.000261  -0.000339   0.000351   0.000000   0.000731
   82  H   3  S  -0.000056   0.002546  -0.009337  -0.000003  -0.005857
   83  H   3  S  -0.002967  -0.008444   0.001524  -0.000000   0.000244
   84  H   3  X  -0.000111   0.000193   0.000035  -0.000000  -0.000232
   85  H   3  Y  -0.000102  -0.000058  -0.000041   0.000006   0.000017
   86  H   3  Z  -0.000154  -0.000088  -0.000061  -0.000004   0.000026
   87  H   3  X  -0.000140  -0.001113   0.001473   0.000000   0.001580
   88  H   3  Y   0.000184   0.001173   0.000197   0.000004   0.000714
   89  H   3  Z   0.000277   0.001766   0.000297  -0.000001   0.001073
   90  H   3 XX   0.000053   0.000122  -0.000110   0.000000   0.000124
   91  H   3 YY   0.000048  -0.000258   0.000258  -0.000036   0.000500
   92  H   3 ZZ   0.000059  -0.000207   0.000248   0.000036   0.000280
   93  H   3 XY   0.000032  -0.000025  -0.000024   0.000050   0.000004
   94  H   3 XZ   0.000049  -0.000038  -0.000036  -0.000034   0.000007
   95  H   3 YZ   0.000016   0.000071  -0.000014  -0.000018  -0.000303
   96  H   3  S  -0.000215   0.000015  -0.000810   0.000000   0.000393
   97  H   3  X   0.000538   0.001864   0.000068   0.000001   0.001111
   98  H   3  Y   0.000545   0.000962  -0.000418  -0.000161  -0.000103
   99  H   3  Z   0.000820   0.001447  -0.000628   0.000108  -0.000156
  100  H   3 XX  -0.000037   0.000215  -0.000708  -0.000000   0.000317
  101  H   3 YY  -0.000084   0.001403  -0.001232  -0.000030  -0.000116
  102  H   3 ZZ  -0.000213   0.000656  -0.000584   0.000030  -0.000086
  103  H   3 XY  -0.000043  -0.000253   0.000093   0.000083  -0.000147
  104  H   3 XZ  -0.000064  -0.000380   0.000140  -0.000055  -0.000221
  105  H   3 YZ  -0.000178  -0.001028   0.000891  -0.000015   0.000040
  106  CU  4  S   0.000032   0.765364   0.000000   0.000000   0.006758
  107  CU  4  X  -0.000023  -0.007844  -0.000035   0.000018   0.832801
  108  CU  4  Y   0.000000  -0.000000   0.459782   0.691324   0.000005
  109  CU  4  Z  -0.000000  -0.000000   0.691222  -0.459850   0.000039
  110  CU  4 XX  -0.000028  -0.006627   0.000000   0.000000  -0.004677
  111  CU  4 YY  -0.000018  -0.007191  -0.000000  -0.000000   0.003179
  112  CU  4 ZZ  -0.000016  -0.006971  -0.000000   0.000000   0.003143
  113  CU  4 XY  -0.000000   0.000000  -0.001457  -0.002024  -0.000000
  114  CU  4 XZ   0.000000  -0.000000  -0.002190   0.001346  -0.000000
  115  CU  4 YZ   0.000003   0.000303  -0.000000   0.000000  -0.000050
  116  CU  4 XX   0.000150   0.010626   0.000000  -0.000000  -0.005107
  117  CU  4 YY  -0.000062   0.015838  -0.000000  -0.000000  -0.000884
  118  CU  4 ZZ  -0.000069   0.016016  -0.000000  -0.000000  -0.000830
  119  CU  4 XY   0.000000  -0.000000  -0.001051  -0.001717  -0.000000
  120  CU  4 XZ  -0.000000  -0.000000  -0.001581   0.001142  -0.000000
  121  CU  4 YZ  -0.000009   0.000246  -0.000000   0.000000   0.000074
  122  CU  4  S  -0.000458  -0.167517  -0.000000   0.000001   0.015900
  123  CU  4  X  -0.001064  -0.011814   0.000000  -0.000000   0.007599
  124  CU  4  Y  -0.000000  -0.000001   0.000007  -0.000333   0.000000
  125  CU  4  Z   0.000000   0.000000   0.000011   0.000221   0.000000
  126  CU  4  S   0.001582   0.000157  -0.000000  -0.000002  -0.003042
  127  CU  4  X   0.000825  -0.000660  -0.000000  -0.000001  -0.001143
  128  CU  4  Y   0.000000   0.000000   0.000435   0.000709  -0.000000
  129  CU  4  Z  -0.000000  -0.000000   0.000654  -0.000472   0.000000
  130  CU  4  S  -0.000258   0.308960   0.000000  -0.000000   0.002675
  131  CU  4  X   0.000113   0.000403  -0.000011   0.000005   0.260403
  132  CU  4  Y  -0.000000  -0.000000   0.149280   0.224659   0.000001
  133  CU  4  Z   0.000000  -0.000000   0.224424  -0.149437   0.000012
  134  CU  4 XX  -0.000605   0.042762   0.000000  -0.000000   0.001953
  135  CU  4 YY  -0.000131   0.050376   0.000000  -0.000000  -0.003570
  136  CU  4 ZZ  -0.000112   0.050692  -0.000000  -0.000000  -0.003643
  137  CU  4 XY  -0.000000  -0.000000   0.000105  -0.000126   0.000000
  138  CU  4 XZ   0.000000  -0.000000   0.000158   0.000084   0.000000
  139  CU  4 YZ   0.000026   0.000435   0.000000   0.000000  -0.000100
  140  CU   XXX  -0.000015  -0.000679  -0.000000   0.000000  -0.003885
  141  CU   YYY   0.000000  -0.000000  -0.003376  -0.005271   0.000000
  142  CU   ZZZ  -0.000000  -0.000000  -0.005149   0.003551  -0.000000
  143  CU   XXY  -0.000000  -0.000000   0.001589   0.002524  -0.000000
  144  CU   XXZ   0.000000  -0.000000   0.002389  -0.001679  -0.000000
  145  CU   YYX  -0.000009  -0.000298   0.000000  -0.000000   0.000143
  146  CU   YYZ  -0.000000  -0.000000  -0.002322   0.001496  -0.000000
  147  CU   ZZX  -0.000009  -0.000308   0.000001  -0.000000   0.000017
  148  CU   ZZY   0.000000  -0.000000  -0.001611  -0.002340   0.000000
  149  CU   XYZ   0.000000  -0.000014   0.000000   0.000000  -0.000174
  150  CU   XXX  -0.000010  -0.003567   0.000001  -0.000000  -0.022838
  151  CU   YYY   0.000000  -0.000000  -0.014171  -0.021624   0.000000
  152  CU   ZZZ  -0.000000  -0.000000  -0.021263   0.014354  -0.000001
  153  CU   XXY   0.000000  -0.000000  -0.004888  -0.007488   0.000000
  154  CU   XXZ  -0.000000  -0.000000  -0.007349   0.004981  -0.000001
  155  CU   YYX  -0.000040  -0.001127   0.000001  -0.000000  -0.007757
  156  CU   YYZ  -0.000000  -0.000000  -0.009498   0.006479  -0.000000
  157  CU   ZZX  -0.000040  -0.001069   0.000001  -0.000000  -0.007810
  158  CU   ZZY   0.000000  -0.000000  -0.006281  -0.009682   0.000000
  159  CU   XYZ  -0.000000   0.000080   0.000000   0.000000  -0.000072

                      6          7          8          9         10
                   -1.8275    -1.3296    -1.3263    -1.2633    -1.2633
                     A          A          A          A          A   
    1  O   1  S  -0.012262  -0.000000   0.000000  -0.000000   0.001124
    2  O   1  S   0.506741   0.000002  -0.000002  -0.000000   0.002028
    3  O   1  S   0.132135   0.000000  -0.000000  -0.000000   0.001220
    4  O   1  S   0.295101  -0.000087   0.000001   0.000002  -0.026016
    5  O   1  X   0.027517  -0.000012   0.000001  -0.000000   0.002706
    6  O   1  Y  -0.000007   0.017771   0.019514   0.000002  -0.000001
    7  O   1  Z   0.000017  -0.011821   0.029336   0.000004   0.000002
    8  O   1  X   0.025481  -0.000020   0.000002   0.000000   0.002800
    9  O   1  Y  -0.000013   0.019673   0.026929   0.000005  -0.000002
   10  O   1  Z   0.000015  -0.013087   0.040484   0.000008   0.000002
   11  O   1  X  -0.019491  -0.000015  -0.000000   0.000002  -0.031046
   12  O   1  Y  -0.000004  -0.004828   0.009037   0.000044  -0.000008
   13  O   1  Z   0.000003   0.003211   0.013587   0.000066  -0.000002
   14  O   1 XX   0.001710   0.000000   0.000000  -0.000000   0.000066
   15  O   1 YY   0.000301  -0.000000  -0.000000   0.000077  -0.000140
   16  O   1 ZZ   0.002717  -0.000000   0.000000  -0.000077  -0.000040
   17  O   1 XY  -0.000001  -0.000083   0.000137  -0.000000   0.000000
   18  O   1 XZ   0.000002   0.000055   0.000206  -0.000000   0.000000
   19  O   1 YZ   0.003327   0.000000  -0.000000   0.000037   0.000138
   20  O   1 XX   0.004534  -0.000001   0.000001   0.000000  -0.000492
   21  O   1 YY  -0.007537  -0.000001  -0.000002   0.000136   0.001271
   22  O   1 ZZ  -0.002664  -0.000003   0.000002  -0.000136   0.001021
   23  O   1 XY  -0.000002  -0.003432   0.002522   0.000003   0.000000
   24  O   1 XZ   0.000001   0.002283   0.003792   0.000004  -0.000000
   25  O   1 YZ   0.006712  -0.000003  -0.000001   0.000066  -0.000346
   26  O    XXX   0.001651  -0.000002   0.000000   0.000000   0.000081
   27  O    YYY  -0.000000   0.001902   0.001446   0.000001   0.000000
   28  O    ZZZ   0.000002  -0.001428   0.002584   0.000001  -0.000000
   29  O    XXY  -0.000001   0.001095   0.000947   0.000000   0.000000
   30  O    XXZ   0.000001  -0.000728   0.001423   0.000000  -0.000000
   31  O    YYX   0.001124  -0.000001  -0.000000   0.000020  -0.000044
   32  O    YYZ  -0.000001  -0.000306   0.001263   0.000000  -0.000000
   33  O    ZZX   0.002695  -0.000001   0.000000  -0.000020   0.000072
   34  O    ZZY   0.000000   0.000787   0.001206   0.000000   0.000000
   35  O    XYZ   0.002164  -0.000000  -0.000000   0.000010   0.000160
   36  O   1  S   0.006118  -0.000028   0.000005  -0.000007   0.111860
   37  O   1  X  -0.000504   0.000033   0.000001   0.000001  -0.021026
   38  O   1  Y   0.000002  -0.011973  -0.007549  -0.000020  -0.000010
   39  O   1  Z   0.000000   0.007964  -0.011349  -0.000030   0.000002
   40  O   1 XX   0.003459  -0.000017  -0.000001   0.000000  -0.003888
   41  O   1 YY  -0.008808   0.000001  -0.000003  -0.004024   0.002952
   42  O   1 ZZ  -0.010879  -0.000009  -0.000001   0.004024  -0.003877
   43  O   1 XY   0.000003   0.006018   0.006853   0.000029   0.000002
   44  O   1 XZ  -0.000004  -0.004003   0.010302   0.000044  -0.000002
   45  O   1 YZ  -0.002852  -0.000013  -0.000002  -0.001947  -0.009407
   46  O    XXX  -0.012676  -0.000015   0.000001  -0.000000   0.000983
   47  O    YYY   0.000001   0.005239   0.006517   0.000000   0.000001
   48  O    ZZZ  -0.000001  -0.003570   0.010274   0.000002  -0.000001
   49  O    XXY  -0.000002   0.007040   0.009023   0.000004   0.000001
   50  O    XXZ  -0.000001  -0.004683   0.013565   0.000007  -0.000000
   51  O    YYX  -0.001603  -0.000004   0.000001  -0.001454   0.000249
   52  O    YYZ  -0.000001  -0.001421   0.004720   0.000001  -0.000000
   53  O    ZZX  -0.001884  -0.000006   0.000000   0.001454  -0.001799
   54  O    ZZY   0.000000   0.002309   0.003564   0.000002   0.000000
   55  O    XYZ  -0.000387  -0.000002   0.000000  -0.000704  -0.002822
   56  H   2  S   0.075551  -0.000005  -0.013311  -0.000001   0.002214
   57  H   2  S   0.076356   0.000048   0.013626   0.000096   0.037226
   58  H   2  S   0.009600  -0.000003   0.027846  -0.000064  -0.067225
   59  H   2  X  -0.007079   0.000000   0.001821   0.000000  -0.000402
   60  H   2  Y   0.005639   0.000554  -0.000133   0.000094   0.000146
   61  H   2  Z   0.008473  -0.000369  -0.000199  -0.000062   0.000219
   62  H   2  X  -0.009939  -0.000006  -0.003217  -0.000007  -0.001392
   63  H   2  Y   0.009606  -0.001146   0.007520  -0.003034   0.003061
   64  H   2  Z   0.014437   0.000783   0.011296   0.002037   0.004596
   65  H   2 XX   0.000802  -0.000000  -0.001368   0.000000   0.000646
   66  H   2 YY  -0.000080  -0.000177   0.000110  -0.000308   0.000644
   67  H   2 ZZ   0.001055   0.000177   0.000577   0.000309   0.000778
   68  H   2 XY  -0.001128  -0.000389   0.000012   0.000263  -0.000111
   69  H   2 XZ  -0.001695   0.000259   0.000018  -0.000176  -0.000167
   70  H   2 YZ   0.001565  -0.000085   0.000645  -0.000148   0.000185
   71  H   2  S  -0.000311  -0.000003   0.001843  -0.000010   0.001081
   72  H   2  X  -0.001252  -0.000013  -0.009373   0.000010   0.021024
   73  H   2  Y   0.000790   0.005351   0.009594   0.001264  -0.004666
   74  H   2  Z   0.001189  -0.003555   0.014424  -0.000839  -0.007017
   75  H   2 XX  -0.003777   0.000006   0.000029   0.000009   0.004811
   76  H   2 YY  -0.001293  -0.000700  -0.003066   0.000184   0.008968
   77  H   2 ZZ   0.000015   0.000707  -0.000817  -0.000153   0.008866
   78  H   2 XY  -0.000622  -0.001120  -0.002391  -0.000324   0.001964
   79  H   2 XZ  -0.000934   0.000744  -0.003594   0.000217   0.002952
   80  H   2 YZ   0.001802  -0.000337   0.003102   0.000078  -0.000139
   81  H   3  S   0.075573  -0.000005   0.013312   0.000001   0.002214
   82  H   3  S   0.076376   0.000049  -0.013627  -0.000101   0.037234
   83  H   3  S   0.009593  -0.000002  -0.027854   0.000072  -0.067221
   84  H   3  X  -0.007081   0.000000  -0.001822   0.000000  -0.000402
   85  H   3  Y  -0.005636   0.000554  -0.000132  -0.000094  -0.000146
   86  H   3  Z  -0.008478  -0.000368  -0.000200   0.000063  -0.000219
   87  H   3  X  -0.009940  -0.000007   0.003216   0.000007  -0.001393
   88  H   3  Y  -0.009603  -0.001166   0.007512   0.003053  -0.003055
   89  H   3  Z  -0.014444   0.000754   0.011303  -0.002011  -0.004600
   90  H   3 XX   0.000802  -0.000001   0.001368  -0.000000   0.000646
   91  H   3 YY  -0.000081   0.000177  -0.000109  -0.000309   0.000644
   92  H   3 ZZ   0.001057  -0.000177  -0.000578   0.000307   0.000778
   93  H   3 XY   0.001128  -0.000389   0.000012  -0.000264   0.000111
   94  H   3 XZ   0.001696   0.000259   0.000018   0.000175   0.000167
   95  H   3 YZ   0.001565   0.000087  -0.000645  -0.000150   0.000184
   96  H   3  S  -0.000312  -0.000003  -0.001843   0.000010   0.001083
   97  H   3  X  -0.001250  -0.000013   0.009372  -0.000013   0.021023
   98  H   3  Y  -0.000790   0.005348   0.009596  -0.001263   0.004668
   99  H   3  Z  -0.001187  -0.003562   0.014426   0.000840   0.007017
  100  H   3 XX  -0.003778   0.000006  -0.000027  -0.000010   0.004812
  101  H   3 YY  -0.001293   0.000705   0.003070   0.000150   0.008967
  102  H   3 ZZ   0.000016  -0.000698   0.000815  -0.000183   0.008867
  103  H   3 XY   0.000620  -0.001120  -0.002391   0.000325  -0.001964
  104  H   3 XZ   0.000934   0.000745  -0.003595  -0.000215  -0.002953
  105  H   3 YZ   0.001802   0.000343  -0.003101   0.000084  -0.000140
  106  CU  4  S  -0.014363  -0.000001   0.000001   0.000000  -0.000555
  107  CU  4  X  -0.022189  -0.000001   0.000001  -0.000000  -0.000068
  108  CU  4  Y  -0.000001   0.004709   0.002537   0.000000  -0.000000
  109  CU  4  Z  -0.000000  -0.003132   0.003814   0.000000   0.000000
  110  CU  4 XX   0.011463   0.000030  -0.000053  -0.000001  -0.019423
  111  CU  4 YY  -0.005781   0.000004   0.000003   0.581584  -0.234089
  112  CU  4 ZZ  -0.005975  -0.000034   0.000051  -0.581583   0.253165
  113  CU  4 XY   0.000003   0.609929   0.402879  -0.000016  -0.000030
  114  CU  4 XZ  -0.000001  -0.405713   0.605669   0.000030  -0.000018
  115  CU  4 YZ  -0.000267   0.000027   0.000021   0.281427   0.671289
  116  CU  4 XX   0.010667   0.000017  -0.000028  -0.000000  -0.010751
  117  CU  4 YY  -0.003637   0.000003   0.000001   0.313075  -0.125912
  118  CU  4 ZZ  -0.003765  -0.000017   0.000027  -0.313074   0.136154
  119  CU  4 XY   0.000002   0.320992   0.212239  -0.000009  -0.000016
  120  CU  4 XZ  -0.000000  -0.213517   0.319070   0.000016  -0.000010
  121  CU  4 YZ  -0.000176   0.000014   0.000011   0.151496   0.361048
  122  CU  4  S   0.029195   0.000002  -0.000001   0.000000  -0.002322
  123  CU  4  X   0.003868   0.000014  -0.000001   0.000000  -0.008165
  124  CU  4  Y   0.000001   0.000660   0.003145   0.000004  -0.000000
  125  CU  4  Z  -0.000000  -0.000439   0.004728   0.000007  -0.000001
  126  CU  4  S  -0.001374   0.000026  -0.000001   0.000002  -0.024232
  127  CU  4  X  -0.000685   0.000009  -0.000001   0.000001  -0.009024
  128  CU  4  Y  -0.000000   0.006334   0.004673   0.000001  -0.000000
  129  CU  4  Z   0.000000  -0.004213   0.007025   0.000002  -0.000000
  130  CU  4  S  -0.014889   0.000003   0.000000   0.000000  -0.003392
  131  CU  4  X  -0.013453  -0.000000   0.000000  -0.000000   0.000083
  132  CU  4  Y  -0.000001   0.003498   0.002419   0.000000  -0.000000
  133  CU  4  Z  -0.000000  -0.002327   0.003637  -0.000000   0.000000
  134  CU  4 XX  -0.005602   0.000014  -0.000008   0.000000  -0.008637
  135  CU  4 YY  -0.007318   0.000004   0.000001   0.084748  -0.038320
  136  CU  4 ZZ  -0.007196  -0.000001   0.000007  -0.084748   0.033959
  137  CU  4 XY   0.000001   0.085822   0.058632   0.000001  -0.000005
  138  CU  4 XZ  -0.000000  -0.057087   0.088144   0.000009  -0.000003
  139  CU  4 YZ   0.000169   0.000004   0.000003   0.041009   0.099579
  140  CU   XXX   0.001400   0.000000   0.000000   0.000000   0.000048
  141  CU   YYY   0.000000  -0.000114  -0.000074  -0.000000   0.000000
  142  CU   ZZZ   0.000000   0.000077  -0.000114   0.000000  -0.000000
  143  CU   XXY   0.000000  -0.001098  -0.000688   0.000000   0.000000
  144  CU   XXZ   0.000000   0.000730  -0.001035  -0.000000   0.000000
  145  CU   YYX   0.000494  -0.000000  -0.000000  -0.000531   0.000215
  146  CU   YYZ   0.000000   0.000032  -0.000052  -0.000000  -0.000000
  147  CU   ZZX   0.000497   0.000000  -0.000000   0.000531  -0.000241
  148  CU   ZZY   0.000000  -0.000050  -0.000037   0.000000  -0.000000
  149  CU   XYZ   0.000003  -0.000000  -0.000000  -0.000257  -0.000629
  150  CU   XXX   0.009578  -0.000000   0.000000   0.000000  -0.000008
  151  CU   YYY   0.000000  -0.002133  -0.001478  -0.000000   0.000000
  152  CU   ZZZ   0.000000   0.001361  -0.002136   0.000000  -0.000000
  153  CU   XXY   0.000000  -0.005556  -0.003628   0.000000   0.000000
  154  CU   XXZ   0.000000   0.003696  -0.005455   0.000000  -0.000000
  155  CU   YYX   0.002101  -0.000000  -0.000000  -0.002426   0.001067
  156  CU   YYZ   0.000000   0.000728  -0.000932  -0.000000  -0.000000
  157  CU   ZZX   0.002139   0.000000  -0.000000   0.002426  -0.000917
  158  CU   ZZY   0.000000  -0.000977  -0.000543   0.000000  -0.000000
  159  CU   XYZ   0.000052   0.000000  -0.000000  -0.001174  -0.002734

                     11         12         13         14         15
                   -1.1912    -1.1136    -1.0064    -0.8691    -0.5030
                     A          A          A          A          A   
    1  O   1  S  -0.000001   0.001123   0.000002   0.000089  -0.001310
    2  O   1  S  -0.000029  -0.075105   0.000047  -0.032625  -0.079856
    3  O   1  S  -0.000006  -0.027350   0.000012  -0.014090  -0.020851
    4  O   1  S  -0.000079  -0.136209   0.000053  -0.036216  -0.022432
    5  O   1  X   0.000052   0.309571   0.000081   0.041667   0.064239
    6  O   1  Y   0.166322  -0.000090   0.306730   0.000009   0.000014
    7  O   1  Z   0.250054   0.000003  -0.204020  -0.000005  -0.000005
    8  O   1  X   0.000053   0.355458   0.000092   0.047190   0.086048
    9  O   1  Y   0.185678  -0.000104   0.355249   0.000011   0.000016
   10  O   1  Z   0.279154  -0.000000  -0.236292  -0.000004  -0.000004
   11  O   1  X   0.000036   0.269495   0.000091   0.104049   0.075270
   12  O   1  Y   0.075505  -0.000058   0.238576   0.000010  -0.000014
   13  O   1  Z   0.113516   0.000004  -0.158688  -0.000005   0.000023
   14  O   1 XX   0.000000  -0.000105   0.000001  -0.000481   0.002147
   15  O   1 YY  -0.000004  -0.002834  -0.000001  -0.001681  -0.000885
   16  O   1 ZZ   0.000005  -0.000395  -0.000001  -0.001380  -0.000604
   17  O   1 XY   0.005259  -0.000004   0.001667  -0.000000  -0.000000
   18  O   1 XZ   0.007907   0.000001  -0.001109   0.000000   0.000000
   19  O   1 YZ  -0.000001   0.003360   0.000002   0.000414   0.000386
   20  O   1 XX  -0.000002  -0.015182  -0.000002   0.003160   0.004974
   21  O   1 YY  -0.000008  -0.008220  -0.000006  -0.008463   0.002536
   22  O   1 ZZ   0.000007  -0.004439  -0.000002  -0.007599   0.005438
   23  O   1 XY   0.010646  -0.000012   0.002442   0.000000  -0.000003
   24  O   1 XZ   0.016006   0.000001  -0.001624   0.000001   0.000002
   25  O   1 YZ  -0.000006   0.005209   0.000006   0.001191   0.003997
   26  O    XXX   0.000003   0.017028   0.000005  -0.002563   0.004100
   27  O    YYY   0.007271  -0.000004   0.015963   0.000000   0.000001
   28  O    ZZZ   0.014225   0.000000  -0.012954  -0.000000  -0.000001
   29  O    XXY   0.004294  -0.000004   0.007948  -0.000000   0.000001
   30  O    XXZ   0.006456   0.000001  -0.005287   0.000000  -0.000000
   31  O    YYX  -0.000000   0.006289   0.000001   0.000901   0.000920
   32  O    YYZ   0.007226  -0.000001  -0.001000   0.000000  -0.000000
   33  O    ZZX   0.000002   0.007996   0.000001   0.001306   0.001220
   34  O    ZZY   0.007745  -0.000003   0.006217   0.000000   0.000001
   35  O    XYZ  -0.000001   0.002352   0.000001   0.000557   0.000412
   36  O   1  S  -0.000014  -0.067445   0.000008  -0.017450   0.209091
   37  O   1  X   0.000002  -0.003874  -0.000016  -0.009367  -0.100892
   38  O   1  Y   0.001081  -0.000002   0.012806  -0.000001  -0.000025
   39  O   1  Z   0.001626   0.000000  -0.008518  -0.000001   0.000011
   40  O   1 XX  -0.000008  -0.077665  -0.000017  -0.055333   0.014820
   41  O   1 YY   0.000004   0.002799  -0.000002  -0.006812   0.004340
   42  O   1 ZZ   0.000001   0.003401   0.000010  -0.005848   0.021128
   43  O   1 XY  -0.017112  -0.000006  -0.022972  -0.000006  -0.000007
   44  O   1 XZ  -0.025727   0.000004   0.015280   0.000002   0.000007
   45  O   1 YZ  -0.000004   0.000830   0.000013   0.001329   0.023124
   46  O    XXX   0.000006   0.044593   0.000006  -0.004215   0.019705
   47  O    YYY   0.009778  -0.000007   0.024850  -0.000001   0.000005
   48  O    ZZZ   0.016515  -0.000000  -0.019345   0.000002  -0.000001
   49  O    XXY   0.010536  -0.000005   0.022595   0.000000   0.000001
   50  O    XXZ   0.015840  -0.000001  -0.015029   0.000001  -0.000001
   51  O    YYX  -0.000000   0.003527  -0.000000  -0.006438   0.008652
   52  O    YYZ   0.007862  -0.000001  -0.002875   0.000001  -0.000003
   53  O    ZZX  -0.000001   0.004886   0.000000  -0.007039   0.011479
   54  O    ZZY   0.006848  -0.000004   0.010002  -0.000000   0.000003
   55  O    XYZ  -0.000000   0.001872   0.000002  -0.000828   0.003893
   56  H   2  S  -0.128623   0.081600  -0.000009   0.011110   0.015695
   57  H   2  S  -0.191044   0.091390  -0.000030   0.006612  -0.021272
   58  H   2  S  -0.030693   0.059814   0.000010   0.004315  -0.061008
   59  H   2  X   0.012040  -0.000535   0.000003  -0.000174   0.001652
   60  H   2  Y  -0.004977   0.005610   0.007525   0.000374   0.000337
   61  H   2  Z  -0.007476   0.008433  -0.005006   0.000562   0.000506
   62  H   2  X   0.023770   0.004441   0.000008   0.006456   0.013184
   63  H   2  Y  -0.007524   0.009126   0.017287   0.000137  -0.008195
   64  H   2  Z  -0.011298   0.013718  -0.011497   0.000201  -0.012315
   65  H   2 XX  -0.002822  -0.001676  -0.000001   0.000438  -0.000602
   66  H   2 YY   0.000991   0.001772   0.002120   0.001336  -0.000253
   67  H   2 ZZ  -0.000295   0.002989  -0.002118   0.000916  -0.000162
   68  H   2 XY   0.002589  -0.000977  -0.002392   0.000177   0.000412
   69  H   2 XZ   0.003888  -0.001469   0.001593   0.000266   0.000619
   70  H   2 YZ  -0.001774   0.001677   0.001025  -0.000579   0.000125
   71  H   2  S   0.002463   0.000775   0.000002  -0.001182   0.002787
   72  H   2  X   0.004651   0.001801   0.000008   0.010133   0.057755
   73  H   2  Y   0.002319   0.004217   0.009604   0.000850  -0.010323
   74  H   2  Z   0.003489   0.006334  -0.006384   0.001272  -0.015537
   75  H   2 XX  -0.002305  -0.000195  -0.000006   0.000415  -0.005312
   76  H   2 YY   0.000233  -0.006332   0.002610   0.001732  -0.000363
   77  H   2 ZZ   0.003129  -0.004555  -0.002616   0.002014  -0.001824
   78  H   2 XY   0.001030   0.001269  -0.000159   0.001779   0.002415
   79  H   2 XZ   0.001549   0.001906   0.000104   0.002673   0.003629
   80  H   2 YZ   0.003989   0.002451   0.001266   0.000392  -0.002007
   81  H   3  S   0.128657   0.081563  -0.000009   0.011110   0.015696
   82  H   3  S   0.191103   0.091337  -0.000030   0.006606  -0.021293
   83  H   3  S   0.030701   0.059806   0.000010   0.004316  -0.061028
   84  H   3  X  -0.012043  -0.000531   0.000003  -0.000173   0.001652
   85  H   3  Y  -0.004974  -0.005608   0.007527  -0.000373  -0.000336
   86  H   3  Z  -0.007485  -0.008433  -0.005006  -0.000562  -0.000507
   87  H   3  X  -0.023776   0.004448   0.000008   0.006459   0.013186
   88  H   3  Y  -0.007518  -0.009123   0.017287  -0.000130   0.008191
   89  H   3  Z  -0.011316  -0.013719  -0.011499  -0.000201   0.012320
   90  H   3 XX   0.002821  -0.001678  -0.000001   0.000438  -0.000602
   91  H   3 YY  -0.000993   0.001772  -0.002118   0.001337  -0.000253
   92  H   3 ZZ   0.000299   0.002990   0.002120   0.000916  -0.000161
   93  H   3 XY   0.002587   0.000977  -0.002393  -0.000177  -0.000411
   94  H   3 XZ   0.003893   0.001469   0.001590  -0.000266  -0.000618
   95  H   3 YZ   0.001775   0.001677  -0.001026  -0.000579   0.000126
   96  H   3  S  -0.002464   0.000777   0.000002  -0.001182   0.002788
   97  H   3  X  -0.004649   0.001803   0.000008   0.010134   0.057763
   98  H   3  Y   0.002322  -0.004212   0.009601  -0.000843   0.010342
   99  H   3  Z   0.003489  -0.006338  -0.006390  -0.001273   0.015531
  100  H   3 XX   0.002306  -0.000196  -0.000006   0.000416  -0.005314
  101  H   3 YY  -0.000234  -0.006335  -0.002616   0.001729  -0.000368
  102  H   3 ZZ  -0.003130  -0.004553   0.002611   0.002015  -0.001822
  103  H   3 XY   0.001031  -0.001267  -0.000157  -0.001778  -0.002413
  104  H   3 XZ   0.001548  -0.001907   0.000106  -0.002675  -0.003630
  105  H   3 YZ  -0.003989   0.002451  -0.001263   0.000390  -0.002008
  106  CU  4  S   0.000012   0.061507   0.000020   0.025426  -0.209581
  107  CU  4  X   0.000013   0.062122   0.000018   0.026115   0.067421
  108  CU  4  Y  -0.005731   0.000008  -0.015839   0.000000   0.000005
  109  CU  4  Z  -0.008616   0.000000   0.010535   0.000001   0.000001
  110  CU  4 XX  -0.000005  -0.067169  -0.000031   0.743977   0.038312
  111  CU  4 YY  -0.000002   0.036859   0.000012  -0.377619  -0.014575
  112  CU  4 ZZ   0.000007   0.030985   0.000019  -0.364833  -0.015647
  113  CU  4 XY  -0.056486   0.000046  -0.058706   0.000005   0.000003
  114  CU  4 XZ  -0.084922  -0.000019   0.039048   0.000061   0.000001
  115  CU  4 YZ  -0.000009  -0.008093   0.000002   0.017617  -0.001477
  116  CU  4 XX  -0.000006  -0.053639  -0.000023   0.376935   0.027962
  117  CU  4 YY  -0.000001   0.021182   0.000007  -0.190956  -0.004011
  118  CU  4 ZZ   0.000004   0.018096   0.000010  -0.184395  -0.005281
  119  CU  4 XY  -0.028632   0.000023  -0.028096   0.000002   0.000002
  120  CU  4 XZ  -0.043046  -0.000010   0.018688   0.000031   0.000001
  121  CU  4 YZ  -0.000005  -0.004251   0.000001   0.009040  -0.001750
  122  CU  4  S  -0.000029  -0.159558  -0.000057  -0.091426   0.768216
  123  CU  4  X  -0.000004  -0.017510  -0.000014   0.030335  -0.251169
  124  CU  4  Y   0.004455  -0.000006   0.027117   0.000004  -0.000020
  125  CU  4  Z   0.006698  -0.000000  -0.018037  -0.000001  -0.000002
  126  CU  4  S   0.000003   0.001288  -0.000015   0.015543   0.225512
  127  CU  4  X   0.000002   0.000222  -0.000005   0.006697  -0.051349
  128  CU  4  Y  -0.000763   0.000001  -0.003443  -0.000001  -0.000004
  129  CU  4  Z  -0.001147  -0.000000   0.002290   0.000001  -0.000001
  130  CU  4  S   0.000013   0.069720   0.000021   0.030128  -0.188287
  131  CU  4  X   0.000008   0.038443   0.000012   0.009341   0.049713
  132  CU  4  Y  -0.004664   0.000006  -0.013407  -0.000000   0.000003
  133  CU  4  Z  -0.007012   0.000000   0.008918   0.000001   0.000001
  134  CU  4 XX   0.000005   0.022130  -0.000001   0.135631  -0.005243
  135  CU  4 YY   0.000004   0.029980   0.000008  -0.023986  -0.002497
  136  CU  4 ZZ   0.000007   0.028712   0.000007  -0.022523  -0.000512
  137  CU  4 XY  -0.007447   0.000007  -0.000504   0.000003  -0.000002
  138  CU  4 XZ  -0.011196  -0.000003   0.000335   0.000007   0.000002
  139  CU  4 YZ  -0.000002  -0.001747  -0.000001   0.002016   0.002734
  140  CU   XXX  -0.000001  -0.004325  -0.000001  -0.002452  -0.005371
  141  CU   YYY   0.000454  -0.000001   0.001420   0.000000  -0.000000
  142  CU   ZZZ   0.000684  -0.000000  -0.000945  -0.000000  -0.000000
  143  CU   XXY   0.000350  -0.000000   0.000797  -0.000000  -0.000000
  144  CU   XXZ   0.000527   0.000000  -0.000530  -0.000000   0.000000
  145  CU   YYX  -0.000000  -0.001543  -0.000000  -0.000208  -0.003008
  146  CU   YYZ   0.000306  -0.000000  -0.000421  -0.000000  -0.000000
  147  CU   ZZX  -0.000000  -0.001548  -0.000001  -0.000220  -0.003006
  148  CU   ZZY   0.000204  -0.000000   0.000635   0.000000  -0.000000
  149  CU   XYZ   0.000000  -0.000007  -0.000000  -0.000015   0.000002
  150  CU   XXX  -0.000006  -0.029246  -0.000009  -0.014865  -0.039487
  151  CU   YYY   0.002182  -0.000003   0.006701   0.000000  -0.000001
  152  CU   ZZZ   0.003294  -0.000000  -0.004471  -0.000000  -0.000001
  153  CU   XXY   0.003092  -0.000004   0.008004  -0.000000  -0.000001
  154  CU   XXZ   0.004649   0.000000  -0.005324  -0.000001  -0.000001
  155  CU   YYX  -0.000001  -0.007656  -0.000002  -0.000795  -0.012126
  156  CU   YYZ   0.001477  -0.000000  -0.001971  -0.000000  -0.000000
  157  CU   ZZX  -0.000001  -0.007647  -0.000002  -0.000849  -0.012019
  158  CU   ZZY   0.000995  -0.000001   0.002992   0.000000  -0.000001
  159  CU   XYZ   0.000000   0.000013  -0.000000  -0.000074   0.000146

                     16         17         18         19         20
                   -0.3446    -0.3364    -0.2961    -0.2169    -0.2003
                     A          A          A          A          A   
    1  O   1  S   0.000000  -0.000000   0.006621   0.005747  -0.000002
    2  O   1  S  -0.000000  -0.000004   0.173892   0.035430  -0.000001
    3  O   1  S  -0.000000  -0.000002   0.050272   0.019346  -0.000004
    4  O   1  S   0.000004  -0.000063   0.393813  -0.031793  -0.000184
    5  O   1  X   0.000001  -0.000006  -0.008666   0.103082  -0.000008
    6  O   1  Y  -0.015092  -0.047813  -0.000027  -0.000027  -0.054673
    7  O   1  Z  -0.022690   0.031802  -0.000000  -0.000018  -0.082198
    8  O   1  X   0.000003  -0.000012  -0.005875   0.122427  -0.000025
    9  O   1  Y  -0.013791  -0.056275  -0.000036  -0.000032  -0.071428
   10  O   1  Z  -0.020734   0.037431  -0.000002  -0.000029  -0.107388
   11  O   1  X  -0.000003  -0.000015  -0.119924  -0.015878   0.000004
   12  O   1  Y  -0.037787  -0.093118  -0.000062  -0.000075  -0.129525
   13  O   1  Z  -0.056811   0.061937   0.000005   0.000000  -0.194732
   14  O   1 XX   0.000000  -0.000000  -0.000247   0.003283  -0.000001
   15  O   1 YY   0.000000  -0.000000   0.000820  -0.000046  -0.000000
   16  O   1 ZZ  -0.000001   0.000000  -0.000277  -0.000744   0.000000
   17  O   1 XY  -0.002164  -0.001742   0.000001   0.000001   0.001118
   18  O   1 XZ  -0.003254   0.001159  -0.000000   0.000001   0.001680
   19  O   1 YZ   0.000000   0.000000  -0.001510  -0.000961  -0.000000
   20  O   1 XX   0.000001  -0.000002  -0.005570   0.013763  -0.000007
   21  O   1 YY   0.000001  -0.000001   0.000434   0.011189  -0.000002
   22  O   1 ZZ  -0.000001  -0.000002  -0.001993   0.006637  -0.000010
   23  O   1 XY  -0.005539  -0.008367   0.000001   0.000002   0.001554
   24  O   1 XZ  -0.008327   0.005565  -0.000001  -0.000000   0.002336
   25  O   1 YZ   0.000000  -0.000002  -0.003343  -0.006271  -0.000005
   26  O    XXX   0.000000  -0.000000   0.000896   0.005553  -0.000002
   27  O    YYY   0.000032  -0.000868   0.000001   0.000001  -0.001717
   28  O    ZZZ  -0.000270   0.000910  -0.000001  -0.000003  -0.003316
   29  O    XXY  -0.000128  -0.000539   0.000000   0.000000  -0.000812
   30  O    XXZ  -0.000192   0.000358  -0.000000  -0.000001  -0.001222
   31  O    YYX   0.000000  -0.000000   0.000266   0.000151  -0.000000
   32  O    YYZ  -0.000205  -0.000275  -0.000001  -0.000000  -0.001676
   33  O    ZZX  -0.000000  -0.000000  -0.000242  -0.000104   0.000000
   34  O    ZZY  -0.000421  -0.000257   0.000000  -0.000000  -0.001770
   35  O    XYZ   0.000000  -0.000000  -0.000700  -0.000351  -0.000000
   36  O   1  S   0.000053  -0.000072   1.207134  -0.838806  -0.000309
   37  O   1  X   0.000000   0.000042  -0.103958   0.014827  -0.000023
   38  O   1  Y  -0.014985  -0.079221   0.000009   0.000074   0.406285
   39  O   1  Z  -0.022529   0.052693   0.000006   0.000020   0.610822
   40  O   1 XX   0.000001  -0.000003   0.062142   0.052923  -0.000062
   41  O   1 YY   0.000002   0.000002   0.019714   0.074310   0.000022
   42  O   1 ZZ  -0.000005  -0.000006   0.013011   0.089074  -0.000062
   43  O   1 XY  -0.001618   0.007199   0.000012   0.000025   0.002166
   44  O   1 XZ  -0.002433  -0.004788  -0.000003   0.000001   0.003256
   45  O   1 YZ   0.000001  -0.000008  -0.009232   0.020336  -0.000001
   46  O    XXX   0.000001  -0.000007   0.010415   0.001313  -0.000016
   47  O    YYY   0.005045   0.003450   0.000006   0.000010  -0.003532
   48  O    ZZZ   0.006464  -0.001809  -0.000007  -0.000008  -0.007548
   49  O    XXY   0.004955   0.003024   0.000002   0.000003  -0.006782
   50  O    XXZ   0.007450  -0.002011  -0.000003  -0.000007  -0.010196
   51  O    YYX   0.000002  -0.000001   0.004909   0.008897  -0.000008
   52  O    YYZ   0.002596  -0.001806  -0.000002  -0.000007  -0.003963
   53  O    ZZX  -0.000000  -0.000002   0.005730   0.010065  -0.000017
   54  O    ZZY   0.000727   0.001735   0.000002   0.000006  -0.004634
   55  O    XYZ   0.000001  -0.000001   0.001131   0.001609  -0.000003
   56  H   2  S   0.022677   0.000005  -0.030209  -0.009434  -0.025797
   57  H   2  S   0.036063   0.000033  -0.023919   0.051480  -0.245200
   58  H   2  S   0.074658   0.000040  -0.509958  -0.210086   0.676570
   59  H   2  X  -0.000464  -0.000000  -0.002604  -0.001796  -0.005591
   60  H   2  Y   0.001001  -0.001342   0.002493   0.002848   0.002342
   61  H   2  Z   0.001504   0.000893   0.003748   0.004279   0.003519
   62  H   2  X   0.002623  -0.000004  -0.012248  -0.007760   0.002870
   63  H   2  Y   0.005938  -0.004225   0.009928   0.030301  -0.000516
   64  H   2  Z   0.008920   0.002824   0.014922   0.045539  -0.000793
   65  H   2 XX  -0.000413  -0.000000   0.000849   0.001790  -0.001747
   66  H   2 YY   0.000401  -0.000686   0.000707   0.000839  -0.003305
   67  H   2 ZZ   0.000867   0.000686   0.001396   0.003413  -0.004060
   68  H   2 XY  -0.000376   0.000254  -0.001051  -0.000990   0.000009
   69  H   2 XZ  -0.000565  -0.000169  -0.001580  -0.001487   0.000013
   70  H   2 YZ   0.000644  -0.000331   0.000949   0.003549  -0.001041
   71  H   2  S   0.014933  -0.000004  -0.079576  -0.513556  -1.391338
   72  H   2  X   0.007934  -0.000023   0.041397   0.072002  -0.070841
   73  H   2  Y   0.012803   0.010894  -0.005132   0.068702   0.081931
   74  H   2  Z   0.019239  -0.007239  -0.007678   0.103216   0.122920
   75  H   2 XX  -0.005596   0.000002   0.018226  -0.000951  -0.074156
   76  H   2 YY  -0.005054  -0.001279   0.020212   0.034385  -0.069014
   77  H   2 ZZ  -0.003107   0.001274   0.019893   0.042985  -0.069958
   78  H   2 XY  -0.003729  -0.004380  -0.002964  -0.002871   0.003515
   79  H   2 XZ  -0.005604   0.002911  -0.004459  -0.004321   0.005314
   80  H   2 YZ   0.002689  -0.000615  -0.000448   0.011869  -0.001269
   81  H   3  S  -0.022676   0.000005  -0.030197  -0.009409   0.025783
   82  H   3  S  -0.036051   0.000033  -0.023867   0.051559   0.245288
   83  H   3  S  -0.074703   0.000040  -0.509990  -0.210085  -0.676266
   84  H   3  X   0.000464  -0.000000  -0.002603  -0.001794   0.005591
   85  H   3  Y   0.001000  -0.001343  -0.002493  -0.002846   0.002340
   86  H   3  Z   0.001505   0.000892  -0.003749  -0.004281   0.003521
   87  H   3  X  -0.002621  -0.000004  -0.012251  -0.007750  -0.002894
   88  H   3  Y   0.005932  -0.004239  -0.009926  -0.030289  -0.000557
   89  H   3  Z   0.008925   0.002806  -0.014928  -0.045554  -0.000820
   90  H   3 XX   0.000413  -0.000000   0.000849   0.001789   0.001747
   91  H   3 YY  -0.000400   0.000685   0.000707   0.000837   0.003305
   92  H   3 ZZ  -0.000868  -0.000686   0.001397   0.003417   0.004061
   93  H   3 XY  -0.000376   0.000254   0.001051   0.000989   0.000009
   94  H   3 XZ  -0.000565  -0.000169   0.001580   0.001488   0.000014
   95  H   3 YZ  -0.000643   0.000333   0.000949   0.003550   0.001041
   96  H   3  S  -0.014931  -0.000004  -0.079535  -0.513036   1.391687
   97  H   3  X  -0.007924  -0.000023   0.041404   0.072056   0.070729
   98  H   3  Y   0.012797   0.010885   0.005105  -0.068590   0.081627
   99  H   3  Z   0.019249  -0.007247   0.007713  -0.103193   0.122978
  100  H   3 XX   0.005601   0.000002   0.018231  -0.000951   0.074158
  101  H   3 YY   0.005063   0.001272   0.020222   0.034373   0.069030
  102  H   3 ZZ   0.003108  -0.001277   0.019893   0.043003   0.069943
  103  H   3 XY  -0.003728  -0.004378   0.002967   0.002876   0.003548
  104  H   3 XZ  -0.005607   0.002914   0.004459   0.004319   0.005306
  105  H   3 YZ  -0.002687   0.000620  -0.000444   0.011865   0.001289
  106  CU  4  S  -0.000001  -0.000003   0.021145  -0.097669   0.000033
  107  CU  4  X   0.000008   0.000011   0.104093  -0.032928  -0.000003
  108  CU  4  Y  -0.087533  -0.130665   0.000014   0.000010   0.027331
  109  CU  4  Z  -0.131600   0.086911  -0.000002   0.000005   0.041091
  110  CU  4 XX  -0.000001  -0.000005  -0.066477   0.065715  -0.000005
  111  CU  4 YY   0.000001   0.000005   0.031583  -0.031035   0.000004
  112  CU  4 ZZ  -0.000000   0.000001   0.034768  -0.027953  -0.000002
  113  CU  4 XY   0.006731   0.018283  -0.000006   0.000007  -0.005740
  114  CU  4 XZ   0.010119  -0.012161  -0.000000   0.000003  -0.008630
  115  CU  4 YZ   0.000001  -0.000001   0.004387   0.004245   0.000002
  116  CU  4 XX  -0.000001  -0.000002  -0.030006   0.039767  -0.000008
  117  CU  4 YY   0.000001   0.000003   0.007034  -0.003841  -0.000001
  118  CU  4 ZZ  -0.000001   0.000000   0.009199  -0.002335  -0.000006
  119  CU  4 XY   0.003164   0.009265  -0.000003   0.000003  -0.004166
  120  CU  4 XZ   0.004757  -0.006162   0.000000   0.000001  -0.006263
  121  CU  4 YZ   0.000001  -0.000001   0.002982   0.002073   0.000002
  122  CU  4  S   0.000003   0.000018  -0.058373   0.391388  -0.000138
  123  CU  4  X  -0.000035  -0.000046  -0.572091   0.070396   0.000104
  124  CU  4  Y   0.356270   0.537321  -0.000072  -0.000061  -0.161552
  125  CU  4  Z   0.535630  -0.357395   0.000010  -0.000025  -0.242882
  126  CU  4  S  -0.000015  -0.000004  -0.684681   0.624444   0.000146
  127  CU  4  X  -0.000028  -0.000041  -0.803002   1.138824  -0.000145
  128  CU  4  Y   0.261000   0.422411  -0.000072   0.000046  -0.149618
  129  CU  4  Z   0.392397  -0.280964   0.000006   0.000006  -0.224941
  130  CU  4  S  -0.000001   0.000003   0.014619  -0.048749   0.000010
  131  CU  4  X   0.000005   0.000007   0.055631  -0.006945  -0.000005
  132  CU  4  Y  -0.056147  -0.084432   0.000008   0.000006   0.016397
  133  CU  4  Z  -0.084414   0.056160  -0.000001   0.000004   0.024652
  134  CU  4 XX  -0.000001   0.000010   0.018194  -0.047630  -0.000004
  135  CU  4 YY  -0.000004  -0.000001  -0.041367   0.114354  -0.000050
  136  CU  4 ZZ   0.000001   0.000006  -0.045938   0.109381  -0.000030
  137  CU  4 XY  -0.008966  -0.021666   0.000004  -0.000006   0.016257
  138  CU  4 XZ  -0.013480   0.014411   0.000001  -0.000002   0.024441
  139  CU  4 YZ  -0.000003   0.000003  -0.006297  -0.006851  -0.000006
  140  CU   XXX  -0.000000  -0.000001  -0.004611   0.000522   0.000000
  141  CU   YYY   0.006181   0.009413  -0.000001  -0.000001  -0.001709
  142  CU   ZZZ   0.009323  -0.006282   0.000000  -0.000000  -0.002582
  143  CU   XXY   0.002378   0.003581  -0.000000  -0.000000  -0.000768
  144  CU   XXZ   0.003575  -0.002382   0.000000  -0.000000  -0.001155
  145  CU   YYX  -0.000000  -0.000001  -0.003936   0.000575   0.000000
  146  CU   YYZ   0.004177  -0.002767   0.000000  -0.000000  -0.001158
  147  CU   ZZX  -0.000000  -0.000000  -0.003951   0.000565   0.000000
  148  CU   ZZY   0.002805   0.004202  -0.000000  -0.000000  -0.000781
  149  CU   XYZ  -0.000000  -0.000000  -0.000020  -0.000015   0.000000
  150  CU   XXX  -0.000003  -0.000004  -0.030466  -0.002399   0.000004
  151  CU   YYY   0.032755   0.050186  -0.000005  -0.000003  -0.008362
  152  CU   ZZZ   0.049296  -0.033413   0.000001  -0.000002  -0.012522
  153  CU   XXY   0.014054   0.020723  -0.000002  -0.000003  -0.005252
  154  CU   XXZ   0.021129  -0.013784  -0.000000  -0.000001  -0.007897
  155  CU   YYX  -0.000001  -0.000002  -0.014915   0.003924  -0.000000
  156  CU   YYZ   0.022059  -0.014878   0.000000  -0.000001  -0.005587
  157  CU   ZZX  -0.000001  -0.000002  -0.015277   0.003688   0.000001
  158  CU   ZZY   0.014718   0.022432  -0.000002  -0.000001  -0.003673
  159  CU   XYZ  -0.000000   0.000000  -0.000498  -0.000325  -0.000000

                     21         22         23         24         25
                   -0.1821    -0.1546    -0.1467    -0.1303    -0.1224
                     A          A          A          A          A   
    1  O   1  S   0.001892  -0.000003  -0.000001  -0.010231  -0.000003
    2  O   1  S  -0.067741  -0.000040  -0.000004  -0.136451   0.000014
    3  O   1  S  -0.005100  -0.000016  -0.000000  -0.049609   0.000002
    4  O   1  S   1.009879   0.000546  -0.000158   0.683474  -0.000881
    5  O   1  X  -0.040330  -0.000020   0.000002  -0.035546   0.000007
    6  O   1  Y   0.000028  -0.066466  -0.017051   0.000040   0.029449
    7  O   1  Z  -0.000023   0.044210  -0.025635   0.000009  -0.019588
    8  O   1  X   0.055809   0.000015  -0.000008   0.009920  -0.000042
    9  O   1  Y   0.000021  -0.087536  -0.047538   0.000027   0.033123
   10  O   1  Z  -0.000005   0.058224  -0.071470   0.000032  -0.022032
   11  O   1  X  -0.168105   0.000017  -0.000041   0.747333  -0.000066
   12  O   1  Y  -0.000225  -0.118361  -0.128587  -0.000125  -0.192685
   13  O   1  Z   0.000096   0.078728  -0.193323   0.000017   0.128164
   14  O   1 XX   0.004167  -0.000000   0.000000  -0.002957   0.000000
   15  O   1 YY   0.000328  -0.000001   0.000001  -0.001221   0.000001
   16  O   1 ZZ  -0.000761   0.000000  -0.000001   0.001333  -0.000001
   17  O   1 XY   0.000001   0.000280  -0.003074   0.000000   0.002381
   18  O   1 XZ  -0.000001  -0.000186  -0.004622  -0.000001  -0.001584
   19  O   1 YZ  -0.001500   0.000000   0.000000   0.003518  -0.000001
   20  O   1 XX   0.026537   0.000001   0.000002   0.008388  -0.000010
   21  O   1 YY   0.022209  -0.000003   0.000014  -0.018129  -0.000007
   22  O   1 ZZ   0.048901   0.000006  -0.000011   0.013788  -0.000025
   23  O   1 XY  -0.000017   0.001938  -0.020586  -0.000015   0.009698
   24  O   1 XZ   0.000008  -0.001289  -0.030950   0.000004  -0.006451
   25  O   1 YZ   0.036767   0.000020   0.000005   0.043964  -0.000029
   26  O    XXX   0.007103   0.000007   0.000001  -0.005964  -0.000000
   27  O    YYY   0.000004   0.009299  -0.001230   0.000000   0.005187
   28  O    ZZZ  -0.000004  -0.004226  -0.003140   0.000003  -0.004803
   29  O    XXY   0.000003   0.003644  -0.001242   0.000001   0.001849
   30  O    XXZ  -0.000002  -0.002424  -0.001868  -0.000000  -0.001230
   31  O    YYX   0.000869   0.000004   0.000001   0.000446  -0.000002
   32  O    YYZ  -0.000001  -0.005908  -0.001743  -0.000001   0.000628
   33  O    ZZX   0.001397   0.000004   0.000000   0.002590  -0.000002
   34  O    ZZY   0.000002   0.004932  -0.002311   0.000001   0.001785
   35  O    XYZ   0.000727  -0.000001   0.000001   0.002953   0.000000
   36  O   1  S   6.226471  -0.002897  -0.000148   1.093446   0.001125
   37  O   1  X  -0.264354  -0.000479  -0.000087   0.811249   0.001969
   38  O   1  Y  -0.000607   1.755383   2.103252  -0.000058  -0.953865
   39  O   1  Z   0.000585  -1.167582   3.162099   0.000141   0.634456
   40  O   1 XX   0.307210   0.000055  -0.000010  -0.020324  -0.000026
   41  O   1 YY   0.018690  -0.000014   0.000096  -0.127833  -0.000031
   42  O   1 ZZ   0.109349   0.000051  -0.000045  -0.113469  -0.000167
   43  O   1 XY  -0.000047   0.104678  -0.039392  -0.000142  -0.102917
   44  O   1 XZ   0.000028  -0.069626  -0.059224   0.000035   0.068455
   45  O   1 YZ   0.124878   0.000170   0.000044   0.019785  -0.000207
   46  O    XXX   0.106624   0.000073  -0.000006   0.021472  -0.000047
   47  O    YYY   0.000015   0.063289  -0.023228  -0.000013   0.018643
   48  O    ZZZ   0.000007  -0.050960  -0.039846   0.000014  -0.004525
   49  O    XXY  -0.000003   0.025750  -0.013580  -0.000016   0.007520
   50  O    XXZ  -0.000000  -0.017127  -0.020416   0.000012  -0.005002
   51  O    YYX   0.069182   0.000035   0.000003  -0.002791  -0.000018
   52  O    YYZ  -0.000017  -0.004607  -0.019112  -0.000003  -0.018178
   53  O    ZZX   0.086306   0.000045  -0.000007   0.006393  -0.000031
   54  O    ZZY   0.000008   0.024806  -0.017107  -0.000010   0.011445
   55  O    XYZ   0.023588   0.000022   0.000003   0.012651  -0.000020
   56  H   2  S   0.021051  -0.000004   0.005232   0.039005  -0.000003
   57  H   2  S  -0.153684  -0.000611  -0.743471  -0.480568   0.000637
   58  H   2  S  -2.373048   0.002272   3.667120   0.580911  -0.001810
   59  H   2  X   0.006876  -0.000001  -0.002239   0.003898   0.000003
   60  H   2  Y  -0.002817  -0.000502   0.001711  -0.002528  -0.000178
   61  H   2  Z  -0.004234   0.000332   0.002573  -0.003798   0.000121
   62  H   2  X   0.102241   0.000067   0.081198   0.064349  -0.000105
   63  H   2  Y  -0.093509  -0.017552  -0.044496  -0.127714   0.040841
   64  H   2  Z  -0.140510   0.011569  -0.066880  -0.191982  -0.027052
   65  H   2 XX   0.002217  -0.000008  -0.015213  -0.009346   0.000009
   66  H   2 YY   0.001424  -0.000399  -0.013688  -0.005049  -0.000412
   67  H   2 ZZ  -0.001028   0.000377  -0.015136  -0.011320   0.000433
   68  H   2 XY   0.003490   0.000853   0.002346   0.004547  -0.001145
   69  H   2 XZ   0.005244  -0.000562   0.003524   0.006832   0.000755
   70  H   2 YZ  -0.003383  -0.000191  -0.001997  -0.008645  -0.000201
   71  H   2  S   0.001116   0.000165   1.317191  -0.972003  -0.000198
   72  H   2  X   0.627298  -0.000135  -0.148180  -0.199017  -0.000341
   73  H   2  Y  -0.290302  -0.376720  -0.040071  -0.311763   0.341488
   74  H   2  Z  -0.436446   0.250716  -0.060646  -0.468729  -0.227115
   75  H   2 XX   0.064798  -0.000194  -0.325703  -0.049028   0.000252
   76  H   2 YY   0.093747  -0.052456  -0.312557  -0.151132   0.049174
   77  H   2 ZZ   0.063633   0.052045  -0.334469  -0.192933  -0.048790
   78  H   2 XY   0.028255   0.037256   0.010891   0.027345  -0.013662
   79  H   2 XZ   0.042483  -0.024786   0.016406   0.041125   0.009050
   80  H   2 YZ  -0.041489  -0.025277  -0.030146  -0.057594   0.023701
   81  H   3  S   0.021044  -0.000004  -0.005231   0.038976  -0.000003
   82  H   3  S  -0.153628  -0.000611   0.743580  -0.480475   0.000636
   83  H   3  S  -2.373858   0.002270  -3.666948   0.580337  -0.001807
   84  H   3  X   0.006878  -0.000001   0.002238   0.003898   0.000003
   85  H   3  Y   0.002816  -0.000500   0.001712   0.002527  -0.000181
   86  H   3  Z   0.004235   0.000335   0.002574   0.003802   0.000117
   87  H   3  X   0.102229   0.000067  -0.081205   0.064302  -0.000105
   88  H   3  Y   0.093442  -0.017487  -0.044506   0.127681   0.040752
   89  H   3  Z   0.140557   0.011737  -0.066929   0.191989  -0.027219
   90  H   3 XX   0.002218  -0.000008   0.015212  -0.009342   0.000009
   91  H   3 YY   0.001429   0.000379   0.013685  -0.005041   0.000431
   92  H   3 ZZ  -0.001029  -0.000401   0.015138  -0.011323  -0.000409
   93  H   3 XY  -0.003486   0.000848   0.002343  -0.004543  -0.001140
   94  H   3 XZ  -0.005245  -0.000570   0.003526  -0.006835   0.000765
   95  H   3 YZ  -0.003379   0.000186   0.001997  -0.008644   0.000207
   96  H   3  S   0.001557   0.000164  -1.317338  -0.970954  -0.000197
   97  H   3  X   0.627313  -0.000135   0.148169  -0.199177  -0.000341
   98  H   3  Y   0.290351  -0.377002  -0.040525   0.311705   0.341511
   99  H   3  Z   0.436527   0.250619  -0.060525   0.468613  -0.227178
  100  H   3 XX   0.064860  -0.000194   0.325688  -0.048937   0.000252
  101  H   3 YY   0.093808   0.052060   0.312581  -0.151048  -0.048793
  102  H   3 ZZ   0.063683  -0.052471   0.334459  -0.192869   0.049176
  103  H   3 XY  -0.028253   0.037278   0.010926  -0.027344  -0.013628
  104  H   3 XZ  -0.042473  -0.024790   0.016394  -0.041095   0.009103
  105  H   3 YZ  -0.041488   0.025307   0.030173  -0.057590  -0.023714
  106  CU  4  S  -0.117459  -0.000040   0.000001   0.025381   0.000000
  107  CU  4  X   0.034452   0.000009   0.000003  -0.054015  -0.000009
  108  CU  4  Y  -0.000001   0.036281  -0.049314   0.000023   0.130366
  109  CU  4  Z   0.000011  -0.024132  -0.074140  -0.000004  -0.086712
  110  CU  4 XX  -0.036303  -0.000010   0.000006  -0.001467   0.000001
  111  CU  4 YY   0.020884   0.000012  -0.000011   0.009174  -0.000002
  112  CU  4 ZZ   0.023502   0.000007   0.000006  -0.008304   0.000002
  113  CU  4 XY  -0.000002  -0.036189  -0.033695  -0.000005   0.016570
  114  CU  4 XZ  -0.000009   0.024071  -0.050659  -0.000006  -0.011022
  115  CU  4 YZ   0.003606  -0.000007  -0.000009  -0.024075   0.000007
  116  CU  4 XX   0.011248   0.000011   0.000002  -0.004501   0.000007
  117  CU  4 YY   0.023782   0.000020  -0.000007   0.007173   0.000006
  118  CU  4 ZZ   0.024410   0.000017   0.000003  -0.004883   0.000009
  119  CU  4 XY   0.000000  -0.020363  -0.018349  -0.000002   0.011347
  120  CU  4 XZ  -0.000005   0.013544  -0.027587  -0.000003  -0.007547
  121  CU  4 YZ   0.000864  -0.000003  -0.000005  -0.016607   0.000005
  122  CU  4  S   0.474698   0.000213   0.000001  -0.098319   0.000001
  123  CU  4  X  -0.803383  -0.000006   0.000001   0.654944   0.000153
  124  CU  4  Y  -0.000030  -0.284969   0.300868  -0.000172  -0.991130
  125  CU  4  Z  -0.000072   0.189546   0.452335   0.000037   0.659245
  126  CU  4  S  -3.137640  -0.000628   0.000165   1.009261   0.001343
  127  CU  4  X  -0.832092  -0.000062   0.000124  -0.517869   0.000431
  128  CU  4  Y   0.000055  -0.464554  -0.964378   0.000148   1.432801
  129  CU  4  Z  -0.000162   0.308995  -1.449879  -0.000160  -0.953019
  130  CU  4  S  -0.031662   0.000071   0.000002   0.028735   0.000039
  131  CU  4  X   0.019979   0.000011   0.000002  -0.031650   0.000003
  132  CU  4  Y   0.000000   0.011711  -0.027549   0.000010   0.056933
  133  CU  4  Z   0.000006  -0.007789  -0.041418  -0.000002  -0.037869
  134  CU  4 XX   0.040954   0.000157  -0.000006   0.120144   0.000075
  135  CU  4 YY   0.135927   0.000141   0.000014  -0.040162   0.000062
  136  CU  4 ZZ   0.137003   0.000144  -0.000009   0.002779   0.000055
  137  CU  4 XY  -0.000019   0.072883   0.051039   0.000004  -0.042816
  138  CU  4 XZ   0.000020  -0.048478   0.076733   0.000014   0.028479
  139  CU  4 YZ   0.001482   0.000000   0.000012   0.059148  -0.000014
  140  CU   XXX  -0.000635  -0.000002  -0.000000   0.001675  -0.000001
  141  CU   YYY  -0.000000  -0.000836   0.002915  -0.000001  -0.005506
  142  CU   ZZZ  -0.000001   0.000571   0.004382   0.000000   0.003674
  143  CU   XXY   0.000000  -0.000510   0.001068  -0.000000  -0.001789
  144  CU   XXZ  -0.000000   0.000339   0.001606   0.000000   0.001190
  145  CU   YYX  -0.001522  -0.000001   0.000000   0.002324  -0.000000
  146  CU   YYZ  -0.000000   0.000226   0.001959   0.000000   0.001619
  147  CU   ZZX  -0.001527  -0.000001  -0.000000   0.002375  -0.000000
  148  CU   ZZY  -0.000000  -0.000368   0.001302  -0.000000  -0.002458
  149  CU   XYZ  -0.000007   0.000000   0.000000   0.000070  -0.000000
  150  CU   XXX  -0.012540  -0.000010  -0.000001   0.016851  -0.000005
  151  CU   YYY  -0.000000  -0.001404   0.014377  -0.000004  -0.021253
  152  CU   ZZZ  -0.000002   0.001095   0.021449   0.000001   0.014022
  153  CU   XXY   0.000000  -0.001875   0.006208  -0.000001  -0.009575
  154  CU   XXZ  -0.000002   0.001247   0.009333   0.000001   0.006369
  155  CU   YYX   0.000481  -0.000006  -0.000000   0.003947  -0.000003
  156  CU   YYZ  -0.000001   0.000159   0.009549   0.000000   0.006506
  157  CU   ZZX   0.000327  -0.000005  -0.000001   0.005435  -0.000003
  158  CU   ZZY  -0.000000  -0.000564   0.006204  -0.000002  -0.009550
  159  CU   XYZ  -0.000212   0.000000   0.000000   0.002049  -0.000000

                     26         27         28         29         30
                   -0.1101    -0.0925    -0.0759    -0.0754    -0.0714
                     A          A          A          A          A   
    1  O   1  S  -0.010683   0.000001   0.026939  -0.000000   0.000000
    2  O   1  S  -0.058802  -0.000023   0.090954  -0.000000  -0.000002
    3  O   1  S  -0.023421  -0.000018   0.069155   0.000000  -0.000006
    4  O   1  S  -0.537408   0.000601  -0.545123  -0.000002   0.000340
    5  O   1  X   0.020800   0.000011  -0.098687  -0.000000  -0.000000
    6  O   1  Y  -0.000025  -0.071592  -0.000015  -0.000029  -0.001888
    7  O   1  Z  -0.000008  -0.107633  -0.000015  -0.000041  -0.002838
    8  O   1  X  -0.000521   0.000055  -0.169201  -0.000000   0.000020
    9  O   1  Y  -0.000014  -0.042497  -0.000019  -0.000189   0.026651
   10  O   1  Z   0.000016  -0.063892  -0.000053  -0.000258   0.040068
   11  O   1  X  -0.031178   0.000331  -0.553786  -0.000001   0.000152
   12  O   1  Y   0.000119   0.284841   0.000262  -0.002041   0.439651
   13  O   1  Z  -0.000085   0.428239  -0.000198  -0.003000   0.660986
   14  O   1 XX   0.002626  -0.000002  -0.000002   0.000000  -0.000001
   15  O   1 YY  -0.000075  -0.000006   0.005023   0.006131   0.000019
   16  O   1 ZZ  -0.004452   0.000003   0.003908  -0.006131  -0.000020
   17  O   1 XY   0.000000   0.003021  -0.000000   0.000001   0.001092
   18  O   1 XZ   0.000001   0.004541   0.000000   0.000001   0.001642
   19  O   1 YZ  -0.006029  -0.000000  -0.001537   0.002967   0.000010
   20  O   1 XX  -0.005159  -0.000008   0.038564   0.000000  -0.000007
   21  O   1 YY  -0.011401  -0.000034   0.064242   0.001202  -0.000016
   22  O   1 ZZ  -0.018138   0.000019   0.043999  -0.001202   0.000008
   23  O   1 XY   0.000012   0.037728   0.000010  -0.000106   0.022792
   24  O   1 XZ   0.000016   0.056721  -0.000014  -0.000146   0.034266
   25  O   1 YZ  -0.009280   0.000011  -0.027884   0.000582   0.000001
   26  O    XXX  -0.005750  -0.000000  -0.000174   0.000000  -0.000000
   27  O    YYY   0.000006  -0.005691  -0.000004  -0.000016   0.000302
   28  O    ZZZ  -0.000002  -0.008700  -0.000001  -0.000021   0.000494
   29  O    XXY   0.000001   0.000206  -0.000002  -0.000003   0.000998
   30  O    XXZ   0.000001   0.000310  -0.000001  -0.000004   0.001500
   31  O    YYX  -0.002863  -0.000004  -0.000423   0.005949   0.000020
   32  O    YYZ  -0.000002  -0.003929   0.000000  -0.000009   0.000232
   33  O    ZZX  -0.002778   0.000007  -0.003814  -0.005949  -0.000020
   34  O    ZZY   0.000005  -0.002743  -0.000003  -0.000001   0.000190
   35  O    XYZ   0.000117  -0.000001  -0.004671   0.002879   0.000010
   36  O   1  S   9.550988  -0.000237  -2.880926   0.000001   0.000300
   37  O   1  X   1.858206  -0.000691   4.822914   0.000001  -0.000004
   38  O   1  Y  -0.000076   0.240803   0.000151   0.006634  -1.608674
   39  O   1  Z  -0.000168   0.362031  -0.000047   0.009732  -2.418534
   40  O   1 XX  -0.337428   0.000026   0.387551  -0.000000   0.000037
   41  O   1 YY  -0.038337   0.000016   0.270642  -0.339960  -0.001299
   42  O   1 ZZ  -0.070984  -0.000177   0.146214   0.339960   0.001235
   43  O   1 XY   0.000164   0.060029   0.000049  -0.001289   0.199662
   44  O   1 XZ  -0.000086   0.090250  -0.000022  -0.001961   0.300178
   45  O   1 YZ  -0.044969   0.000062  -0.171393  -0.164536  -0.000601
   46  O    XXX  -0.073321   0.000030   0.003042  -0.000000   0.000014
   47  O    YYY   0.000041  -0.000661  -0.000028  -0.000029   0.002315
   48  O    ZZZ  -0.000004   0.012691  -0.000017  -0.000129   0.018561
   49  O    XXY   0.000036  -0.006315  -0.000007  -0.000149   0.016322
   50  O    XXZ  -0.000009  -0.009494  -0.000006  -0.000219   0.024538
   51  O    YYX  -0.028257   0.000026  -0.000740  -0.043451  -0.000154
   52  O    YYZ   0.000014   0.009268   0.000007  -0.000086   0.012259
   53  O    ZZX  -0.030740  -0.000008  -0.006247   0.043451   0.000163
   54  O    ZZY   0.000018   0.018377  -0.000016  -0.000154   0.021611
   55  O    XYZ  -0.003421   0.000012  -0.007586  -0.021030  -0.000075
   56  H   2  S   0.018780  -0.055680   0.005284  -0.000034  -0.003522
   57  H   2  S   1.105383   0.350070   0.709334  -0.006076   1.207023
   58  H   2  S  -6.188341   0.386176  -1.624912   0.014621  -3.419242
   59  H   2  X   0.003962  -0.006375   0.000568   0.000000  -0.000394
   60  H   2  Y  -0.001937   0.002682  -0.001096  -0.002245  -0.000112
   61  H   2  Z  -0.002910   0.004024  -0.001643   0.001493  -0.000150
   62  H   2  X   0.024330  -0.166417  -0.111380   0.000433  -0.123159
   63  H   2  Y   0.065734   0.079780   0.064872  -0.140370   0.074554
   64  H   2  Z   0.098883   0.119715   0.097488   0.092519   0.113024
   65  H   2 XX   0.022119   0.007067   0.010743  -0.000044   0.011022
   66  H   2 YY   0.023591   0.002623   0.009467  -0.001779   0.009026
   67  H   2 ZZ   0.025073   0.005975   0.013953   0.001690   0.013092
   68  H   2 XY   0.000277  -0.004639  -0.006106  -0.002265  -0.002519
   69  H   2 XZ   0.000415  -0.006972  -0.009175   0.001532  -0.003765
   70  H   2 YZ   0.002040   0.004627   0.006191  -0.000872   0.005589
   71  H   2  S  -0.592360   2.852613  -1.485553   0.010193  -2.451593
   72  H   2  X   0.749428  -0.795830  -0.613709  -0.001093  -0.094459
   73  H   2  Y  -0.142452   0.398876  -0.043281  -1.175724  -0.034176
   74  H   2  Z  -0.213257   0.598028  -0.064650   0.782579  -0.042586
   75  H   2 XX   0.457297   0.159148   0.267877  -0.001302   0.348719
   76  H   2 YY   0.526052   0.069922   0.185506  -0.133805   0.355871
   77  H   2 ZZ   0.533092   0.084582   0.194698   0.130509   0.338971
   78  H   2 XY   0.022790  -0.051669  -0.030248   0.154567  -0.018883
   79  H   2 XZ   0.034186  -0.077465  -0.045453  -0.102790  -0.029551
   80  H   2 YZ   0.009538   0.020456   0.012591  -0.063758  -0.024723
   81  H   3  S   0.018795   0.055667   0.005291   0.000034   0.003522
   82  H   3  S   1.105265  -0.351077   0.709411   0.006078  -1.207421
   83  H   3  S  -6.188319  -0.383968  -1.624552  -0.014624   3.419289
   84  H   3  X   0.003966   0.006379   0.000566  -0.000000   0.000395
   85  H   3  Y   0.001937   0.002675   0.001090   0.002243  -0.000094
   86  H   3  Z   0.002915   0.004030   0.001643  -0.001492  -0.000160
   87  H   3  X   0.024408   0.166489  -0.111410  -0.000433   0.123171
   88  H   3  Y  -0.065743   0.079709  -0.064847   0.139624   0.075472
   89  H   3  Z  -0.098783   0.120067  -0.097536  -0.093717   0.112530
   90  H   3 XX   0.022113  -0.007083   0.010741   0.000044  -0.011023
   91  H   3 YY   0.023588  -0.002630   0.009455  -0.001712  -0.009033
   92  H   3 ZZ   0.025066  -0.006000   0.013958   0.001801  -0.013086
   93  H   3 XY  -0.000279  -0.004641   0.006104   0.002287  -0.002500
   94  H   3 XZ  -0.000421  -0.006981   0.009182  -0.001495  -0.003780
   95  H   3 YZ   0.002037  -0.004633   0.006191  -0.000818  -0.005596
   96  H   3  S  -0.593227  -2.852415  -1.486490  -0.010194   2.451661
   97  H   3  X   0.749519   0.795634  -0.613674   0.001093   0.094382
   98  H   3  Y   0.141771   0.397563   0.042985   1.176140  -0.025941
   99  H   3  Z   0.214054   0.599364   0.065046  -0.781751  -0.047795
  100  H   3 XX   0.457256  -0.159376   0.267816   0.001303  -0.348745
  101  H   3 YY   0.526108  -0.070071   0.185488  -0.130381  -0.356826
  102  H   3 ZZ   0.532933  -0.085097   0.194593   0.133678  -0.338158
  103  H   3 XY  -0.022741  -0.051490   0.030229  -0.154547  -0.019955
  104  H   3 XZ  -0.034268  -0.077628   0.045470   0.102816  -0.028839
  105  H   3 YZ   0.009561  -0.020435   0.012613  -0.064105   0.024272
  106  CU  4  S   0.015630  -0.000011   0.069584   0.000000   0.000002
  107  CU  4  X  -0.091148  -0.000013   0.110950  -0.000000   0.000010
  108  CU  4  Y  -0.000027  -0.002014  -0.000011   0.000247  -0.073751
  109  CU  4  Z   0.000004  -0.003028   0.000013   0.000367  -0.110880
  110  CU  4 XX   0.031205  -0.000004  -0.049597   0.000000  -0.000008
  111  CU  4 YY  -0.035869   0.000042   0.020181  -0.054111  -0.000167
  112  CU  4 ZZ  -0.003074  -0.000035   0.025783   0.054111   0.000175
  113  CU  4 XY   0.000000   0.029984   0.000004  -0.000079   0.035186
  114  CU  4 XZ   0.000011   0.045080   0.000001  -0.000119   0.052900
  115  CU  4 YZ   0.045174   0.000001   0.007716  -0.026189  -0.000081
  116  CU  4 XX   0.004244   0.000001  -0.028789   0.000000  -0.000006
  117  CU  4 YY  -0.027825   0.000036   0.001578  -0.043805  -0.000140
  118  CU  4 ZZ  -0.005892  -0.000024   0.006525   0.043805   0.000142
  119  CU  4 XY  -0.000001   0.016081   0.000002  -0.000042   0.019985
  120  CU  4 XZ   0.000006   0.024177   0.000001  -0.000065   0.030047
  121  CU  4 YZ   0.030211   0.000002   0.006814  -0.021201  -0.000067
  122  CU  4  S  -0.125246   0.000051  -0.274136  -0.000000  -0.000018
  123  CU  4  X   0.711777   0.000110  -0.716842   0.000000  -0.000129
  124  CU  4  Y   0.000243   0.014615   0.000114  -0.002475   0.696016
  125  CU  4  Z  -0.000032   0.021972  -0.000116  -0.003670   1.046413
  126  CU  4  S   0.692064  -0.000956   6.419948   0.000002  -0.000260
  127  CU  4  X  -0.670631  -0.000589   3.410933   0.000001  -0.000069
  128  CU  4  Y  -0.000271   0.283594   0.000134   0.001467  -0.399096
  129  CU  4  Z   0.000219   0.426364   0.000209   0.002241  -0.600013
  130  CU  4  S  -0.076802   0.000015   0.057791   0.000000  -0.000008
  131  CU  4  X  -0.053876  -0.000007   0.064982  -0.000000   0.000004
  132  CU  4  Y  -0.000013   0.001975  -0.000000   0.000095  -0.027137
  133  CU  4  Z   0.000004   0.002970   0.000005   0.000142  -0.040798
  134  CU  4 XX  -0.087195   0.000066  -0.000586   0.000000   0.000002
  135  CU  4 YY  -0.066741  -0.000096  -0.036933   0.188608   0.000605
  136  CU  4 ZZ  -0.141309   0.000154  -0.055183  -0.188608  -0.000636
  137  CU  4 XY   0.000029  -0.055689  -0.000018   0.000027  -0.060778
  138  CU  4 XZ  -0.000026  -0.083725  -0.000006   0.000048  -0.091375
  139  CU  4 YZ  -0.102715  -0.000014  -0.025138   0.091283   0.000296
  140  CU   XXX   0.005006   0.000000  -0.005901  -0.000000  -0.000000
  141  CU   YYY   0.000001  -0.000262  -0.000000  -0.000009   0.002320
  142  CU   ZZZ  -0.000000  -0.000404  -0.000001  -0.000013   0.003518
  143  CU   XXY   0.000000  -0.000203   0.000000  -0.000001   0.000549
  144  CU   XXZ  -0.000000  -0.000305  -0.000000  -0.000002   0.000826
  145  CU   YYX   0.003962   0.000001  -0.004823  -0.000170  -0.000001
  146  CU   YYZ  -0.000000  -0.000184  -0.000000  -0.000006   0.001581
  147  CU   ZZX   0.003785   0.000000  -0.004894   0.000170   0.000000
  148  CU   ZZY   0.000001  -0.000132  -0.000000  -0.000004   0.001079
  149  CU   XYZ  -0.000244   0.000000  -0.000097  -0.000082  -0.000000
  150  CU   XXX   0.036263   0.000002  -0.037574   0.000000  -0.000002
  151  CU   YYY   0.000006  -0.001252  -0.000003  -0.000017   0.005366
  152  CU   ZZZ  -0.000002  -0.001709  -0.000002  -0.000028   0.008215
  153  CU   XXY   0.000002  -0.003725  -0.000001  -0.000019   0.003474
  154  CU   XXZ  -0.000001  -0.005601  -0.000001  -0.000029   0.005223
  155  CU   YYX   0.016213  -0.000002  -0.022021   0.003910   0.000013
  156  CU   YYZ  -0.000001  -0.000719  -0.000001  -0.000013   0.003713
  157  CU   ZZX   0.014383   0.000005  -0.022128  -0.003910  -0.000013
  158  CU   ZZY   0.000003  -0.000323  -0.000001  -0.000008   0.002602
  159  CU   XYZ  -0.002521  -0.000001  -0.000148   0.001892   0.000006

                     31         32         33         34         35
                   -0.0507     0.0066     0.0544     0.0666     0.0912
                     A          A          A          A          A   
    1  O   1  S  -0.020387   0.000043   0.043761   0.000004   0.047901
    2  O   1  S  -0.052847   0.000075   0.093553   0.000025   0.253260
    3  O   1  S  -0.067269   0.000085   0.075189   0.000022   0.117322
    4  O   1  S   0.205795   0.002512   1.937365   0.000250   4.852479
    5  O   1  X   0.032005  -0.000073  -0.057200   0.000003   0.096283
    6  O   1  Y   0.000003   0.028154  -0.000053   0.025183  -0.000061
    7  O   1  Z   0.000003  -0.018727   0.000022   0.037861  -0.000036
    8  O   1  X   0.122141  -0.000034  -0.087625  -0.000020   0.255406
    9  O   1  Y   0.000007   0.025056  -0.000033  -0.045456  -0.000167
   10  O   1  Z   0.000042  -0.016666   0.000013  -0.068340  -0.000058
   11  O   1  X   0.308595  -0.000559  -0.328542  -0.000003   2.171311
   12  O   1  Y   0.000181   1.448755  -0.001872   0.197264  -0.000746
   13  O   1  Z  -0.000244  -0.963631   0.001210   0.296573  -0.000942
   14  O   1 XX  -0.009001   0.000005   0.000670   0.000002  -0.000800
   15  O   1 YY  -0.003615   0.000003   0.002144  -0.000000   0.005210
   16  O   1 ZZ  -0.005242   0.000003   0.000209   0.000002  -0.001660
   17  O   1 XY   0.000001  -0.004483   0.000003   0.003225   0.000005
   18  O   1 XZ  -0.000001   0.002982  -0.000001   0.004848   0.000003
   19  O   1 YZ  -0.002241  -0.000003  -0.002666  -0.000003  -0.009462
   20  O   1 XX  -0.097223   0.000093   0.064246   0.000011   0.115032
   21  O   1 YY  -0.050365   0.000101   0.071232   0.000041   0.051806
   22  O   1 ZZ  -0.046089   0.000117   0.084260   0.000012   0.104405
   23  O   1 XY  -0.000008  -0.014508   0.000001  -0.031609  -0.000061
   24  O   1 XZ   0.000026   0.009650  -0.000010  -0.047521  -0.000012
   25  O   1 YZ   0.005890   0.000048   0.017946   0.000017   0.072452
   26  O    XXX  -0.004964  -0.000008  -0.015503  -0.000003  -0.016393
   27  O    YYY   0.000003  -0.022711   0.000025   0.002154  -0.000003
   28  O    ZZZ   0.000005   0.020197  -0.000025  -0.003664   0.000012
   29  O    XXY   0.000003  -0.011657   0.000009   0.003721  -0.000001
   30  O    XXZ   0.000001   0.007754  -0.000009   0.005594  -0.000001
   31  O    YYX   0.002446   0.000000  -0.006828  -0.000006  -0.004925
   32  O    YYZ  -0.000004  -0.001411   0.000006  -0.003450  -0.000000
   33  O    ZZX   0.004971  -0.000004  -0.006019   0.000004  -0.004309
   34  O    ZZY   0.000005  -0.008148   0.000009  -0.008455  -0.000001
   35  O    XYZ   0.003478  -0.000006   0.001115  -0.000002   0.000848
   36  O   1  S  13.316328  -0.001594   7.667803   0.002159   9.272655
   37  O   1  X  -0.992011  -0.007139  -6.189379  -0.000184   3.796147
   38  O   1  Y   0.000159   2.184215  -0.003151   3.431067  -0.000529
   39  O   1  Z  -0.000002  -1.452819   0.000818   5.158378  -0.001164
   40  O   1 XX   0.185473   0.000237   0.172704   0.000069   0.906841
   41  O   1 YY  -0.465815   0.000670   0.729944   0.000371   0.500950
   42  O   1 ZZ  -0.537196   0.001131   0.925096  -0.000069   0.440886
   43  O   1 XY   0.000165   0.365229  -0.000261  -0.207287  -0.000077
   44  O   1 XZ  -0.000092  -0.242930   0.000206  -0.311642   0.000001
   45  O   1 YZ  -0.098323   0.000764   0.268813   0.000122  -0.082735
   46  O    XXX   0.103412   0.000007  -0.109903  -0.000042  -0.016434
   47  O    YYY   0.000042  -0.147832   0.000176  -0.051297  -0.000045
   48  O    ZZZ  -0.000013   0.062800  -0.000050  -0.051403   0.000045
   49  O    XXY   0.000015  -0.056911   0.000089  -0.066762  -0.000046
   50  O    XXZ   0.000021   0.037854  -0.000048  -0.100372   0.000049
   51  O    YYX   0.007511   0.000013  -0.039060   0.000032  -0.020639
   52  O    YYZ   0.000037   0.100967  -0.000136  -0.016238   0.000017
   53  O    ZZX   0.007303   0.000040  -0.045173  -0.000061   0.007359
   54  O    ZZY   0.000007  -0.080133   0.000096   0.012150  -0.000048
   55  O    XYZ  -0.000287   0.000056  -0.008420   0.000025   0.038567
   56  H   2  S   0.017352   0.000010   0.038313  -0.027592  -0.058353
   57  H   2  S   0.435522  -0.001148  -0.017054  -1.077048  -0.982878
   58  H   2  S  -5.367290   0.003096  -2.588776   1.355800  -6.768570
   59  H   2  X   0.004250  -0.000011  -0.009264   0.001187   0.002515
   60  H   2  Y   0.000770   0.002323  -0.002925  -0.002041   0.008189
   61  H   2  Z   0.001154  -0.001558  -0.004397  -0.003073   0.012313
   62  H   2  X  -0.083321   0.000314   0.175630   0.003321   0.117955
   63  H   2  Y  -0.102091  -0.170866   0.033258  -0.171763  -0.242699
   64  H   2  Z  -0.153265   0.113670   0.049647  -0.258326  -0.364708
   65  H   2 XX   0.014888  -0.000008   0.012000  -0.012242  -0.004361
   66  H   2 YY   0.017292   0.002165   0.006780  -0.011482   0.003086
   67  H   2 ZZ   0.009878  -0.002194   0.010984  -0.014230  -0.002814
   68  H   2 XY   0.002827   0.000332  -0.000739   0.007293   0.003788
   69  H   2 XZ   0.004243  -0.000214  -0.001104   0.010966   0.005687
   70  H   2 YZ  -0.010222   0.001060   0.005787  -0.003797  -0.008133
   71  H   2  S   0.124195   0.000735   0.531824   1.398247  -1.157624
   72  H   2  X   0.251594   0.002466   2.983021  -1.812949   0.807515
   73  H   2  Y  -0.405320  -1.662891  -0.516391  -2.032159  -1.387862
   74  H   2  Z  -0.608001   1.106129  -0.779776  -3.057422  -2.084540
   75  H   2 XX   0.353058  -0.000672  -0.217236  -0.023174   0.148243
   76  H   2 YY   0.326795  -0.191555   0.123693  -0.405967  -0.007541
   77  H   2 ZZ   0.258790   0.191016   0.147139  -0.600787  -0.139085
   78  H   2 XY  -0.007865   0.089006   0.058732  -0.009784   0.079515
   79  H   2 XZ  -0.011893  -0.059111   0.088438  -0.014513   0.119489
   80  H   2 YZ  -0.094056  -0.092446   0.032941  -0.268148  -0.181494
   81  H   3  S   0.017346   0.000010   0.038296   0.027590  -0.058293
   82  H   3  S   0.435568  -0.001149  -0.017546   1.077278  -0.981930
   83  H   3  S  -5.368328   0.003097  -2.587235  -1.358368  -6.764116
   84  H   3  X   0.004257  -0.000011  -0.009268  -0.001189   0.002525
   85  H   3  Y  -0.000762   0.002338   0.002924  -0.002046  -0.008190
   86  H   3  Z  -0.001150  -0.001542   0.004396  -0.003072  -0.012311
   87  H   3  X  -0.083327   0.000314   0.175659  -0.003251   0.117640
   88  H   3  Y   0.101933  -0.170954  -0.032921  -0.171883   0.242425
   89  H   3  Z   0.153473   0.113690  -0.049849  -0.258322   0.364643
   90  H   3 XX   0.014890  -0.000008   0.011989   0.012242  -0.004355
   91  H   3 YY   0.017298  -0.002195   0.006774   0.011480   0.003090
   92  H   3 ZZ   0.009867   0.002166   0.010976   0.014245  -0.002809
   93  H   3 XY  -0.002824   0.000328   0.000733   0.007295  -0.003771
   94  H   3 XZ  -0.004252  -0.000224   0.001109   0.010966  -0.005677
   95  H   3 YZ  -0.010225  -0.001050   0.005791   0.003797  -0.008120
   96  H   3  S   0.124001   0.000735   0.532296  -1.398485  -1.155472
   97  H   3  X   0.251519   0.002467   2.982878   1.813947   0.805487
   98  H   3  Y   0.404073  -1.663246   0.519860  -2.033971   1.385163
   99  H   3  Z   0.608868   1.106233   0.778157  -3.055731   2.084514
  100  H   3 XX   0.353157  -0.000672  -0.217412   0.023202   0.148492
  101  H   3 YY   0.327122   0.190972   0.123057   0.406204  -0.007321
  102  H   3 ZZ   0.258634  -0.191510   0.147274   0.600779  -0.139198
  103  H   3 XY   0.007922   0.088944  -0.058862  -0.009643  -0.079342
  104  H   3 XZ   0.011842  -0.059252  -0.088357  -0.014695  -0.119342
  105  H   3 YZ  -0.093957   0.092692   0.032712   0.268224  -0.181356
  106  CU  4  S   0.070565   0.000039   0.065191   0.000004  -0.008467
  107  CU  4  X   0.071588   0.000025   0.039104   0.000000  -0.020570
  108  CU  4  Y   0.000015   0.026371   0.000006   0.010547  -0.000006
  109  CU  4  Z   0.000001  -0.017540  -0.000003   0.015857  -0.000006
  110  CU  4 XX  -0.045756  -0.000005  -0.014818   0.000002   0.055211
  111  CU  4 YY  -0.003585  -0.000029  -0.059307  -0.000054  -0.028412
  112  CU  4 ZZ   0.019976   0.000017   0.045527   0.000050  -0.026872
  113  CU  4 XY  -0.000012  -0.070832   0.000017   0.008159  -0.000014
  114  CU  4 XZ  -0.000003   0.047114  -0.000020   0.012267   0.000007
  115  CU  4 YZ   0.032453   0.000066   0.144404  -0.000007   0.002122
  116  CU  4 XX  -0.059317  -0.000037  -0.055721  -0.000002   0.047436
  117  CU  4 YY  -0.034923  -0.000066  -0.101802  -0.000043   0.004981
  118  CU  4 ZZ  -0.017930  -0.000030  -0.020570   0.000036   0.004299
  119  CU  4 XY  -0.000008  -0.049390   0.000016   0.007199  -0.000012
  120  CU  4 XZ  -0.000002   0.032852  -0.000017   0.010823   0.000004
  121  CU  4 YZ   0.023408   0.000051   0.111893  -0.000005  -0.000939
  122  CU  4  S  -0.500739  -0.000245  -0.429367  -0.000029  -0.019405
  123  CU  4  X  -1.471718  -0.000643  -0.895421  -0.000006   0.461872
  124  CU  4  Y  -0.000188  -0.275476  -0.000023  -0.290266   0.000028
  125  CU  4  Z  -0.000013   0.183231   0.000043  -0.436396   0.000093
  126  CU  4  S  -3.631448  -0.003797  -4.378615  -0.000102   2.012381
  127  CU  4  X  -1.511852  -0.001007  -1.410365  -0.000060   0.284887
  128  CU  4  Y  -0.000096  -0.293974   0.000364  -0.308990  -0.000045
  129  CU  4  Z   0.000023   0.195535  -0.000219  -0.464545  -0.000012
  130  CU  4  S  -0.242989  -0.000244  -0.340264  -0.000019   0.050647
  131  CU  4  X   0.011204  -0.000016  -0.021218   0.000001   0.002798
  132  CU  4  Y   0.000003   0.004293   0.000005   0.001487  -0.000004
  133  CU  4  Z   0.000002  -0.002855  -0.000005   0.002235  -0.000003
  134  CU  4 XX  -0.384312  -0.000543  -0.601572  -0.000029   0.031925
  135  CU  4 YY  -0.348757  -0.000299  -0.358457   0.000152   0.204196
  136  CU  4 ZZ  -0.414445  -0.000469  -0.749307  -0.000214   0.212427
  137  CU  4 XY   0.000029   0.248619  -0.000078  -0.081907   0.000053
  138  CU  4 XZ  -0.000000  -0.165367   0.000096  -0.123141  -0.000017
  139  CU  4 YZ  -0.090482  -0.000242  -0.538375   0.000019   0.011337
  140  CU   XXX  -0.000204   0.000005   0.005636   0.000000  -0.001624
  141  CU   YYY   0.000000   0.000052  -0.000001   0.000055   0.000001
  142  CU   ZZZ  -0.000000  -0.000025   0.000001   0.000084   0.000000
  143  CU   XXY  -0.000000  -0.000117  -0.000000   0.000239  -0.000000
  144  CU   XXZ   0.000000   0.000078   0.000000   0.000359  -0.000000
  145  CU   YYX  -0.000608   0.000001   0.001526   0.000000  -0.000126
  146  CU   YYZ  -0.000000  -0.000032   0.000000   0.000038   0.000000
  147  CU   ZZX  -0.000734   0.000001   0.001291  -0.000000  -0.000221
  148  CU   ZZY   0.000000   0.000027  -0.000000   0.000026   0.000000
  149  CU   XYZ  -0.000174   0.000000  -0.000324   0.000000  -0.000131
  150  CU   XXX  -0.008057   0.000034   0.042249   0.000002  -0.009100
  151  CU   YYY   0.000001   0.002835  -0.000004   0.007497   0.000003
  152  CU   ZZZ  -0.000001  -0.000873   0.000001   0.007720   0.000002
  153  CU   XXY  -0.000000   0.002038   0.000000  -0.003281  -0.000000
  154  CU   XXZ  -0.000002  -0.001355   0.000002  -0.004933   0.000000
  155  CU   YYX   0.007916   0.000014   0.019468   0.000000  -0.005630
  156  CU   YYZ  -0.000001  -0.002468   0.000004   0.002521  -0.000001
  157  CU   ZZX   0.006755   0.000013   0.018125   0.000002  -0.005850
  158  CU   ZZY   0.000001   0.001667  -0.000002  -0.001491   0.000002
  159  CU   XYZ  -0.001600  -0.000003  -0.001851  -0.000001  -0.000303

                     36         37         38         39         40
                    0.1145     0.1147     0.1451     0.1665     0.1795
                     A          A          A          A          A   
    1  O   1  S  -0.000002  -0.000031  -0.000017   0.007538   0.000021
    2  O   1  S  -0.000008  -0.000120  -0.000050  -0.043512   0.000137
    3  O   1  S  -0.000003  -0.000044  -0.000032   0.024771  -0.000044
    4  O   1  S  -0.000122  -0.001780  -0.000740  -2.292375  -0.000615
    5  O   1  X  -0.000002  -0.000024  -0.000019   0.007325   0.000025
    6  O   1  Y  -0.005156  -0.077249  -0.031285   0.000218   0.114268
    7  O   1  Z  -0.007750  -0.116139  -0.047034  -0.000183  -0.076005
    8  O   1  X  -0.000006  -0.000091  -0.000023  -0.050981  -0.000196
    9  O   1  Y  -0.013049  -0.195848  -0.032244   0.000249   0.133537
   10  O   1  Z  -0.019608  -0.294445  -0.048476  -0.000248  -0.088822
   11  O   1  X  -0.000030  -0.000427  -0.000370  -0.949541   0.001473
   12  O   1  Y  -0.060302  -0.907518  -1.411487   0.000510   0.242359
   13  O   1  Z  -0.090557  -1.364399  -2.122075  -0.002119  -0.161201
   14  O   1 XX   0.000000   0.000004   0.000000   0.001639   0.000001
   15  O   1 YY  -0.001985   0.000132  -0.000003   0.001343  -0.000011
   16  O   1 ZZ   0.001985  -0.000128   0.000002   0.006627  -0.000020
   17  O   1 XY   0.000284   0.004253   0.006310   0.000020   0.010716
   18  O   1 XZ   0.000426   0.006395   0.009486  -0.000007  -0.007127
   19  O   1 YZ  -0.000960   0.000065  -0.000002   0.007279  -0.000012
   20  O   1 XX  -0.000002  -0.000030  -0.000013  -0.001492  -0.000071
   21  O   1 YY   0.002178  -0.000122  -0.000031   0.046121  -0.000077
   22  O   1 ZZ  -0.002181   0.000077  -0.000022   0.045801  -0.000265
   23  O   1 XY  -0.004093  -0.061610   0.020395   0.000016   0.003368
   24  O   1 XZ  -0.006145  -0.092627   0.030662  -0.000011  -0.002240
   25  O   1 YZ   0.001052  -0.000089  -0.000023  -0.000441  -0.000230
   26  O    XXX   0.000000   0.000004   0.000005   0.005934  -0.000024
   27  O    YYY   0.000695   0.010218   0.013633   0.000067   0.035542
   28  O    ZZZ   0.000773   0.011336   0.020263  -0.000017  -0.019851
   29  O    XXY   0.000108   0.001543   0.002724   0.000021   0.010344
   30  O    XXZ   0.000164   0.002320   0.004096  -0.000009  -0.006880
   31  O    YYX   0.005514  -0.000364   0.000004  -0.003582  -0.000005
   32  O    YYZ   0.000275   0.004013   0.009000  -0.000023  -0.016651
   33  O    ZZX  -0.005514   0.000364   0.000005  -0.005673  -0.000004
   34  O    ZZY  -0.000059  -0.000924   0.005778   0.000033   0.017390
   35  O    XYZ   0.002669  -0.000178   0.000002  -0.002880   0.000000
   36  O   1  S  -0.000361  -0.005335  -0.002535  -0.735402  -0.023706
   37  O   1  X  -0.000108  -0.001604  -0.003778   7.795150  -0.013390
   38  O   1  Y  -0.169386  -2.540642   1.831057   0.004458   2.034308
   39  O   1  Z  -0.254603  -3.819688   2.752873  -0.001873  -1.353109
   40  O   1 XX  -0.000016  -0.000233  -0.000323   0.213549   0.000582
   41  O   1 YY  -0.218775   0.014307  -0.000121   0.157868  -0.000302
   42  O   1 ZZ   0.218751  -0.014666  -0.000264   0.118906  -0.001008
   43  O   1 XY   0.006698   0.095287  -0.094059   0.000729   0.331289
   44  O   1 XZ   0.010080   0.143257  -0.141411  -0.000503  -0.220355
   45  O   1 YZ  -0.105873   0.007087   0.000082  -0.053668  -0.000783
   46  O    XXX  -0.000000  -0.000003   0.000061  -0.048493  -0.000191
   47  O    YYY   0.001468   0.020840   0.116767   0.000347   0.180068
   48  O    ZZZ   0.001296   0.017271   0.166867  -0.000155  -0.154102
   49  O    XXY  -0.000118  -0.002540   0.081195   0.000240   0.118648
   50  O    XXZ  -0.000177  -0.003819   0.122071  -0.000063  -0.078918
   51  O    YYX  -0.038084   0.002539   0.000005   0.021931  -0.000196
   52  O    YYZ   0.000331   0.004034   0.072346   0.000075   0.001506
   53  O    ZZX   0.038083  -0.002546   0.000020   0.022548  -0.000310
   54  O    ZZY  -0.000596  -0.009863   0.040370   0.000121   0.066982
   55  O    XYZ  -0.018433   0.001221  -0.000013   0.000849  -0.000123
   56  H   2  S   0.000869   0.012635  -0.156454   0.138773  -0.000387
   57  H   2  S   0.050944   0.739319  -3.128107   2.505030  -0.004995
   58  H   2  S  -0.922416 -13.746619   7.555200  -5.671288   0.026059
   59  H   2  X  -0.000271  -0.004026  -0.014524  -0.001853   0.000004
   60  H   2  Y   0.000251   0.000502   0.005450  -0.008813   0.003473
   61  H   2  Z  -0.000087   0.000784   0.008180  -0.013266  -0.002233
   62  H   2  X   0.011566   0.175383   0.190059  -0.175888  -0.000359
   63  H   2  Y  -0.097035  -0.113135  -0.073268   0.152708  -0.104547
   64  H   2  Z   0.047489  -0.182845  -0.110053   0.229993   0.069694
   65  H   2 XX   0.001653   0.024563  -0.042872   0.042506  -0.000115
   66  H   2 YY  -0.002104   0.021403  -0.032476   0.040569  -0.005450
   67  H   2 ZZ   0.004596   0.015501  -0.039247   0.052132   0.005201
   68  H   2 XY   0.004891   0.007609   0.004438  -0.006762  -0.004234
   69  H   2 XZ  -0.002114   0.012072   0.006661  -0.010140   0.002804
   70  H   2 YZ  -0.002199  -0.007384  -0.009336   0.015918  -0.002585
   71  H   2  S  -0.172484  -2.582991  -0.317814  -0.769963   0.001595
   72  H   2  X   0.137859   2.065223   0.580627  -1.719828  -0.000188
   73  H   2  Y  -0.632957  -2.127914   0.167981  -0.110580  -1.032898
   74  H   2  Z   0.105590  -3.268178   0.252399  -0.160897   0.689495
   75  H   2 XX   0.035453   0.525051  -1.157767   0.940278  -0.002623
   76  H   2 YY   0.004063   0.656348  -1.120826   0.902653  -0.087596
   77  H   2 ZZ   0.074915   0.517319  -1.068171   0.966808   0.081742
   78  H   2 XY   0.003700   0.105959   0.066425  -0.063747   0.151003
   79  H   2 XZ   0.012833   0.158584   0.099867  -0.096504  -0.100612
   80  H   2 YZ  -0.031763  -0.183124   0.072470   0.087801  -0.041039
   81  H   3  S  -0.000869  -0.012642   0.156344   0.138868  -0.000387
   82  H   3  S  -0.050960  -0.739584   3.126851   2.507438  -0.004998
   83  H   3  S   0.922986  13.755061  -7.546826  -5.673000   0.026057
   84  H   3  X   0.000270   0.004024   0.014522  -0.001843   0.000004
   85  H   3  Y  -0.000177   0.000527   0.005434   0.008830   0.003405
   86  H   3  Z   0.000198   0.000764   0.008183   0.013260  -0.002341
   87  H   3  X  -0.011573  -0.175482  -0.189997  -0.176112  -0.000359
   88  H   3  Y   0.081326  -0.125037  -0.073180  -0.153191  -0.104762
   89  H   3  Z  -0.071168  -0.175227  -0.110121  -0.229905   0.069527
   90  H   3 XX  -0.001654  -0.024574   0.042836   0.042527  -0.000115
   91  H   3 YY  -0.004955  -0.020957   0.032430   0.040586   0.005207
   92  H   3 ZZ   0.002462  -0.015973   0.039208   0.052147  -0.005456
   93  H   3 XY  -0.003840   0.008195   0.004426   0.006745  -0.004221
   94  H   3 XZ   0.003694   0.011688   0.006666   0.010167   0.002820
   95  H   3 YZ  -0.001216   0.007611   0.009327   0.015934   0.002573
   96  H   3  S   0.172546   2.583905   0.318793  -0.769373   0.001593
   97  H   3  X  -0.137907  -2.065912  -0.579947  -1.721268  -0.000185
   98  H   3  Y   0.342035  -2.192616   0.166970   0.105072  -1.035386
   99  H   3  Z  -0.543077  -3.227442   0.251173   0.163321   0.686216
  100  H   3 XX  -0.035484  -0.525509   1.156970   0.941032  -0.002623
  101  H   3 YY  -0.083973  -0.651569   1.120119   0.903682   0.081830
  102  H   3 ZZ   0.004948  -0.522811   1.067551   0.967114  -0.087685
  103  H   3 XY   0.010398   0.105359   0.066415   0.064454   0.151189
  104  H   3 XZ   0.008386   0.159117   0.099849   0.096238  -0.100390
  105  H   3 YZ  -0.006891   0.185742  -0.072470   0.087943   0.040961
  106  CU  4  S   0.000000   0.000001   0.000023  -0.065064   0.000007
  107  CU  4  X   0.000000   0.000003   0.000018  -0.044747  -0.000005
  108  CU  4  Y  -0.000209  -0.003232  -0.005334  -0.000004   0.005699
  109  CU  4  Z  -0.000315  -0.004859  -0.008019  -0.000002  -0.003791
  110  CU  4 XX  -0.000001  -0.000020  -0.000043   0.042297  -0.000099
  111  CU  4 YY   0.185574  -0.012432   0.000044  -0.041766   0.000049
  112  CU  4 ZZ  -0.185573   0.012452  -0.000008   0.022873   0.000041
  113  CU  4 XY  -0.002522  -0.037518   0.069129   0.000323   0.173939
  114  CU  4 XZ  -0.003777  -0.056406   0.103931  -0.000155  -0.115695
  115  CU  4 YZ   0.089814  -0.006040  -0.000012   0.089038   0.000010
  116  CU  4 XX  -0.000001  -0.000018  -0.000046   0.068590  -0.000096
  117  CU  4 YY   0.150903  -0.010124   0.000009   0.013846  -0.000002
  118  CU  4 ZZ  -0.150904   0.010119  -0.000034   0.067619  -0.000010
  119  CU  4 XY  -0.001601  -0.023810   0.042434   0.000243   0.131223
  120  CU  4 XZ  -0.002395  -0.035798   0.063797  -0.000124  -0.087282
  121  CU  4 YZ   0.073034  -0.004912  -0.000010   0.074068   0.000006
  122  CU  4  S   0.000001   0.000017  -0.000115   0.395794  -0.000038
  123  CU  4  X  -0.000012  -0.000171  -0.000363   0.637797  -0.000568
  124  CU  4  Y   0.000249   0.004628   0.090522   0.000165   0.018608
  125  CU  4  Z   0.000380   0.006958   0.136093  -0.000024  -0.012377
  126  CU  4  S  -0.000054  -0.000800  -0.002306   5.513585  -0.007172
  127  CU  4  X  -0.000009  -0.000130  -0.000663   1.928051  -0.002282
  128  CU  4  Y   0.012897   0.193233  -0.562198  -0.001239  -0.683799
  129  CU  4  Z   0.019376   0.290513  -0.845228   0.000509   0.454826
  130  CU  4  S  -0.000002  -0.000024  -0.000106   0.254080  -0.000191
  131  CU  4  X  -0.000000  -0.000002  -0.000015   0.023336  -0.000024
  132  CU  4  Y  -0.000574  -0.008616   0.006131  -0.000002   0.004267
  133  CU  4  Z  -0.000865  -0.012954   0.009218   0.000009  -0.002838
  134  CU  4 XX  -0.000002  -0.000020  -0.000040   0.163661  -0.000003
  135  CU  4 YY  -0.797832   0.053462  -0.000390   0.673042  -0.000518
  136  CU  4 ZZ   0.797821  -0.053624  -0.000146   0.370923  -0.000486
  137  CU  4 XY   0.008114   0.120325  -0.214895  -0.001368  -0.748507
  138  CU  4 XZ   0.012139   0.180904  -0.323080   0.000702   0.497866
  139  CU  4 YZ  -0.386133   0.025978   0.000051  -0.416154  -0.000053
  140  CU   XXX   0.000000   0.000000   0.000002  -0.002805   0.000003
  141  CU   YYY   0.000078   0.001174  -0.000776   0.000001  -0.000257
  142  CU   ZZZ   0.000121   0.001808  -0.001168  -0.000001   0.000135
  143  CU   XXY   0.000015   0.000230  -0.001048  -0.000002  -0.001195
  144  CU   XXZ   0.000023   0.000345  -0.001576   0.000000   0.000795
  145  CU   YYX  -0.000506   0.000034   0.000001  -0.001885   0.000001
  146  CU   YYZ   0.000055   0.000820  -0.000523  -0.000001   0.000134
  147  CU   ZZX   0.000506  -0.000034   0.000001  -0.002143   0.000002
  148  CU   ZZY   0.000039   0.000583  -0.000349   0.000000  -0.000129
  149  CU   XYZ  -0.000245   0.000016   0.000000  -0.000356   0.000000
  150  CU   XXX   0.000000   0.000002   0.000019  -0.030721   0.000012
  151  CU   YYY   0.000494   0.007381  -0.005953  -0.000006  -0.007464
  152  CU   ZZZ   0.000677   0.010121  -0.008694   0.000000   0.006221
  153  CU   XXY   0.000275   0.004105  -0.009157   0.000002   0.000989
  154  CU   XXZ   0.000414   0.006172  -0.013767  -0.000011  -0.000658
  155  CU   YYX   0.002309  -0.000154   0.000007  -0.015098   0.000014
  156  CU   YYZ   0.000286   0.004270  -0.003821  -0.000006   0.000205
  157  CU   ZZX  -0.002309   0.000157   0.000008  -0.010636   0.000007
  158  CU   ZZY   0.000130   0.001970  -0.002313  -0.000001  -0.002842
  159  CU   XYZ   0.001118  -0.000076  -0.000003   0.006146  -0.000009

                     41         42         43         44         45
                    0.2158     0.2759     0.2969     0.3216     0.3265
                     A          A          A          A          A   
    1  O   1  S  -0.014166   0.000006   0.000536  -0.000000  -0.058179
    2  O   1  S  -0.004410   0.000020  -0.039622  -0.000000  -0.039545
    3  O   1  S   0.012608  -0.000003   0.044711  -0.000000  -0.045296
    4  O   1  S   2.689517  -0.000562   2.798286   0.000000   2.466277
    5  O   1  X  -0.048269  -0.000015   0.122303  -0.000000  -0.016487
    6  O   1  Y   0.000100   0.033338   0.000025  -0.000001   0.000036
    7  O   1  Z  -0.000077   0.050122  -0.000002  -0.000028  -0.000025
    8  O   1  X   0.000267  -0.000044   0.388675  -0.000000   0.060123
    9  O   1  Y   0.000115   0.169437  -0.000032  -0.000057   0.000051
   10  O   1  Z   0.000004   0.254737   0.000144  -0.000210   0.000112
   11  O   1  X   0.269540  -0.000259   1.881404   0.000000   0.806516
   12  O   1  Y  -0.000000  -0.478501  -0.000095  -0.000592  -0.000758
   13  O   1  Z  -0.000464  -0.719394  -0.000007  -0.000547   0.000716
   14  O   1 XX  -0.005460  -0.000001   0.015535  -0.000000  -0.014259
   15  O   1 YY   0.005285   0.000008   0.003977   0.017306   0.012750
   16  O   1 ZZ   0.006221  -0.000010   0.002936  -0.017306   0.012193
   17  O   1 XY   0.000017  -0.001904   0.000003   0.000004  -0.000001
   18  O   1 XZ  -0.000010  -0.002862  -0.000001   0.000013   0.000001
   19  O   1 YZ   0.001289   0.000004  -0.001435   0.008376  -0.000767
   20  O   1 XX   0.034205  -0.000023   0.134081   0.000000  -0.037512
   21  O   1 YY   0.000000  -0.000008   0.077149   0.047949  -0.037728
   22  O   1 ZZ   0.090050  -0.000046   0.184958  -0.047949   0.055642
   23  O   1 XY  -0.000007   0.031126  -0.000042  -0.000020  -0.000006
   24  O   1 XZ   0.000024   0.046796   0.000035  -0.000070   0.000026
   25  O   1 YZ   0.124039  -0.000033   0.148501   0.023206   0.128612
   26  O    XXX  -0.004408  -0.000009   0.040296   0.000000   0.009160
   27  O    YYY   0.000045   0.015289   0.000003   0.000008   0.000020
   28  O    ZZZ  -0.000016   0.023091   0.000005  -0.000014  -0.000012
   29  O    XXY   0.000005   0.005487  -0.000002  -0.000007   0.000002
   30  O    XXZ   0.000003   0.008249   0.000001  -0.000020   0.000003
   31  O    YYX  -0.001911  -0.000016   0.016359  -0.014367  -0.000414
   32  O    YYZ  -0.000016   0.010354  -0.000005  -0.000006  -0.000001
   33  O    ZZX  -0.001602   0.000007   0.018448   0.014367   0.004385
   34  O    ZZY   0.000025   0.006980   0.000003  -0.000009   0.000010
   35  O    XYZ   0.000426  -0.000008   0.002877  -0.006953   0.006611
   36  O   1  S  19.743577  -0.000417  -0.734392  -0.000003  -8.056478
   37  O   1  X  -2.420727   0.000013   1.203419  -0.000001  -3.162907
   38  O   1  Y   0.001005  -0.882224   0.000155   0.000092   0.000682
   39  O   1  Z  -0.001058  -1.326365  -0.000541   0.000209  -0.000564
   40  O   1 XX  -0.998636   0.000314  -1.046276  -0.000001  -2.746365
   41  O   1 YY   0.368675   0.000563  -0.046458   1.663021  -0.105979
   42  O   1 ZZ   0.852253  -0.001070   0.431331  -1.663021   0.781481
   43  O   1 XY   0.000491  -0.491939  -0.000393   0.000354  -0.000259
   44  O   1 XZ  -0.000427  -0.739598  -0.000028   0.000674  -0.000077
   45  O   1 YZ   0.666105   0.000022   0.658132   0.804879   1.222429
   46  O    XXX  -0.077152  -0.000049   0.404180  -0.000000  -0.142749
   47  O    YYY   0.000189   0.182869  -0.000057  -0.000102   0.000064
   48  O    ZZZ  -0.000005   0.289695   0.000141  -0.000302   0.000132
   49  O    XXY   0.000183   0.079816  -0.000026   0.000050   0.000079
   50  O    XXZ  -0.000080   0.119998   0.000041  -0.000004  -0.000055
   51  O    YYX   0.006832   0.000057   0.184425   0.147748   0.031142
   52  O    YYZ   0.000025   0.133431   0.000026  -0.000113  -0.000063
   53  O    ZZX   0.058763  -0.000151   0.258460  -0.147748   0.080782
   54  O    ZZY   0.000083   0.101926  -0.000024   0.000032   0.000062
   55  O    XYZ   0.071532   0.000019   0.101980   0.071508   0.068378
   56  H   2  S   0.109497   0.120859  -0.010046  -0.000026  -0.088269
   57  H   2  S   1.231317   1.261832  -1.944327  -0.001448  -3.570017
   58  H   2  S -12.170617  -8.617561  -0.774765   0.002868   8.098009
   59  H   2  X  -0.005558   0.018844   0.001816  -0.000023  -0.028518
   60  H   2  Y  -0.015499   0.002352  -0.004110  -0.033726  -0.015719
   61  H   2  Z  -0.023319   0.003552  -0.006173   0.022423  -0.023621
   62  H   2  X   0.390966  -0.237995   0.511526   0.000469   0.788457
   63  H   2  Y  -0.057388   0.071645  -0.312262   0.437713  -0.110765
   64  H   2  Z  -0.085780   0.107301  -0.469176  -0.291406  -0.166386
   65  H   2 XX   0.031986   0.035253  -0.017950  -0.000003  -0.040818
   66  H   2 YY   0.037555   0.038460   0.002979   0.007802  -0.020560
   67  H   2 ZZ   0.036558   0.043426  -0.009577  -0.007804  -0.031064
   68  H   2 XY   0.007468  -0.009310   0.011265  -0.005642   0.022023
   69  H   2 XZ   0.011239  -0.013984   0.016926   0.003779   0.033100
   70  H   2 YZ  -0.001420   0.006875  -0.017328   0.003762  -0.014508
   71  H   2  S   0.057872  -0.385435  -0.360595  -0.000124   0.534255
   72  H   2  X   3.338469   0.883167   0.342152   0.000443   0.228502
   73  H   2  Y  -0.822241  -1.074840  -0.130364   1.334167   0.843207
   74  H   2  Z  -1.232983  -1.616714  -0.195377  -0.886465   1.267024
   75  H   2 XX   0.746939   1.001196   0.066305  -0.000733  -1.183258
   76  H   2 YY   0.997992   0.523864  -0.178588   0.458427  -0.806526
   77  H   2 ZZ   1.031695   0.613185  -0.200822  -0.458552  -0.686777
   78  H   2 XY   0.127266  -0.073441   0.174628  -0.323968   0.193934
   79  H   2 XZ   0.190766  -0.109986   0.262313   0.215861   0.291417
   80  H   2 YZ   0.046041   0.123699  -0.030657   0.221707   0.165203
   81  H   3  S   0.109488  -0.120871  -0.010101   0.000026  -0.088289
   82  H   3  S   1.231352  -1.260968  -1.945109   0.001446  -3.570705
   83  H   3  S -12.170144   8.618460  -0.771534  -0.002862   8.099800
   84  H   3  X  -0.005554  -0.018840   0.001812   0.000023  -0.028518
   85  H   3  Y   0.015519   0.002357   0.004104   0.033717   0.015713
   86  H   3  Z   0.023315   0.003528   0.006176  -0.022436   0.023635
   87  H   3  X   0.391083   0.237736   0.511635  -0.000468   0.788768
   88  H   3  Y   0.056935   0.071222   0.312037  -0.438072   0.110674
   89  H   3  Z   0.086098   0.107490   0.469415   0.291118   0.166532
   90  H   3 XX   0.031976  -0.035251  -0.017967   0.000003  -0.040832
   91  H   3 YY   0.037581  -0.038444   0.002984   0.007802  -0.020536
   92  H   3 ZZ   0.036527  -0.043450  -0.009610  -0.007800  -0.031090
   93  H   3 XY  -0.007482  -0.009290  -0.011258   0.005670  -0.022025
   94  H   3 XZ  -0.011237  -0.013980  -0.016934  -0.003745  -0.033122
   95  H   3 YZ  -0.001405  -0.006860  -0.017315   0.003790  -0.014499
   96  H   3  S   0.058208   0.385505  -0.360437   0.000124   0.534427
   97  H   3  X   3.338284  -0.883471   0.341829  -0.000443   0.228642
   98  H   3  Y   0.819081  -1.075480   0.129426  -1.333186  -0.842828
   99  H   3  Z   1.234634  -1.616149   0.195200   0.887709  -1.267818
  100  H   3 XX   0.746980  -1.001109   0.065981   0.000732  -1.183452
  101  H   3 YY   0.998295  -0.523434  -0.178783   0.458411  -0.806743
  102  H   3 ZZ   1.031500  -0.613638  -0.201104  -0.458287  -0.686719
  103  H   3 XY  -0.126742  -0.073002  -0.174421   0.324316  -0.193838
  104  H   3 XZ  -0.191119  -0.110181  -0.262459  -0.215342  -0.291573
  105  H   3 YZ   0.046122  -0.123589  -0.030715   0.222030   0.165071
  106  CU  4  S   0.091619   0.000002  -0.062716   0.000000   0.092642
  107  CU  4  X   0.075509  -0.000007  -0.022162   0.000000   0.131022
  108  CU  4  Y   0.000030   0.016913   0.000002  -0.000010   0.000007
  109  CU  4  Z  -0.000016   0.025428   0.000004  -0.000010   0.000004
  110  CU  4 XX   0.010393   0.000009  -0.161326   0.000000   0.109220
  111  CU  4 YY   0.028035  -0.000007   0.083935   0.019484  -0.067704
  112  CU  4 ZZ  -0.064948  -0.000007   0.111376  -0.019484  -0.032124
  113  CU  4 XY   0.000240   0.095951   0.000009  -0.000036   0.000024
  114  CU  4 XZ  -0.000138   0.144256   0.000008  -0.000038   0.000002
  115  CU  4 YZ  -0.128079  -0.000005   0.037799   0.009430   0.049010
  116  CU  4 XX  -0.019825   0.000005  -0.145029   0.000000   0.145250
  117  CU  4 YY  -0.004421   0.000003   0.050725   0.025616   0.028233
  118  CU  4 ZZ  -0.079586  -0.000011   0.076229  -0.025616   0.060577
  119  CU  4 XY   0.000183   0.088796   0.000007  -0.000043   0.000013
  120  CU  4 XZ  -0.000106   0.133499   0.000012  -0.000051   0.000006
  121  CU  4 YZ  -0.103536  -0.000002   0.035130   0.012398   0.044551
  122  CU  4  S  -0.572320  -0.000069   0.678541  -0.000000  -0.448497
  123  CU  4  X  -0.121334  -0.000326   2.152992   0.000000   1.289852
  124  CU  4  Y  -0.000092  -0.317535   0.000015   0.000279   0.000126
  125  CU  4  Z   0.000087  -0.477393  -0.000028   0.000364  -0.000059
  126  CU  4  S  -3.428618  -0.000139   2.023791  -0.000001  -2.020469
  127  CU  4  X  -1.418186  -0.000047   0.737497  -0.000000  -0.859332
  128  CU  4  Y  -0.000820   0.001264  -0.000041  -0.000088  -0.000275
  129  CU  4  Z   0.000421   0.001901   0.000096  -0.000139   0.000122
  130  CU  4  S  -0.175346  -0.000047   0.186859   0.000000   0.527697
  131  CU  4  X   0.000237   0.000002  -0.036009   0.000000   0.082033
  132  CU  4  Y   0.000026   0.010222  -0.000003   0.000001   0.000009
  133  CU  4  Z  -0.000016   0.015368   0.000003   0.000006  -0.000002
  134  CU  4 XX   0.028621  -0.000259   2.105324   0.000000   0.902158
  135  CU  4 YY  -0.575386  -0.000042  -0.410903  -0.189390   0.965137
  136  CU  4 ZZ  -0.113686   0.000062  -0.578921   0.189390   0.727192
  137  CU  4 XY  -0.001051  -0.692344  -0.000031   0.000396  -0.000000
  138  CU  4 XZ   0.000642  -1.040893  -0.000067   0.000486  -0.000062
  139  CU  4 YZ   0.635969   0.000004  -0.231437  -0.091662  -0.327758
  140  CU   XXX   0.000326   0.000001  -0.004538  -0.000000  -0.011672
  141  CU   YYY  -0.000003  -0.001510   0.000001   0.000000  -0.000001
  142  CU   ZZZ   0.000002  -0.002193  -0.000000  -0.000001   0.000000
  143  CU   XXY  -0.000003   0.000874  -0.000000  -0.000002  -0.000001
  144  CU   XXZ   0.000002   0.001315  -0.000000  -0.000002   0.000000
  145  CU   YYX   0.000674  -0.000000   0.003940   0.000441  -0.004348
  146  CU   YYZ   0.000001  -0.000960  -0.000000  -0.000000   0.000000
  147  CU   ZZX   0.000934  -0.000001   0.003955  -0.000441  -0.004058
  148  CU   ZZY  -0.000001  -0.000570   0.000000  -0.000000  -0.000000
  149  CU   XYZ   0.000358   0.000000   0.000022   0.000213   0.000400
  150  CU   XXX   0.024276  -0.000001  -0.015199  -0.000000  -0.046771
  151  CU   YYY  -0.000026  -0.006379   0.000002   0.000001  -0.000007
  152  CU   ZZZ   0.000017  -0.011224  -0.000002  -0.000007  -0.000001
  153  CU   XXY  -0.000002   0.007279   0.000002  -0.000013  -0.000003
  154  CU   XXZ   0.000001   0.010943   0.000001  -0.000018   0.000004
  155  CU   YYX   0.006665   0.000005   0.000786   0.011859  -0.037634
  156  CU   YYZ   0.000005  -0.005449  -0.000001  -0.000002   0.000002
  157  CU   ZZX   0.003841  -0.000004   0.007313  -0.011859  -0.029876
  158  CU   ZZY  -0.000012  -0.005082   0.000001  -0.000001  -0.000003
  159  CU   XYZ  -0.003890   0.000001   0.008990   0.005740   0.010686

                     46         47         48         49         50
                    0.3828     0.4062     0.4229     0.5070     0.5229
                     A          A          A          A          A   
    1  O   1  S  -0.145370  -0.000064   0.000091   0.000026  -0.000005
    2  O   1  S  -0.177959  -0.000049   0.000086   0.000048   0.000013
    3  O   1  S  -0.260689  -0.000126   0.000194  -0.000020  -0.000027
    4  O   1  S   5.564480  -0.000370   0.001146   0.005032   0.001514
    5  O   1  X  -0.117155  -0.000079   0.000066   0.000165   0.000008
    6  O   1  Y  -0.000040  -0.024667  -0.226096   0.063929   0.072876
    7  O   1  Z   0.000010   0.016407   0.150386  -0.042522   0.109565
    8  O   1  X   0.447240  -0.000152   0.000229   0.000758   0.000127
    9  O   1  Y  -0.000142  -0.006410  -0.461704   0.204458   0.492956
   10  O   1  Z   0.000409   0.004264   0.307100  -0.135994   0.741127
   11  O   1  X   1.388525   0.000790  -0.001688  -0.003296   0.000464
   12  O   1  Y   0.000896   0.976179   3.922089   0.689699   1.018344
   13  O   1  Z  -0.000667  -0.649300  -2.608756  -0.458747   1.531013
   14  O   1 XX  -0.000403   0.000002   0.000015  -0.000003  -0.000004
   15  O   1 YY  -0.020908  -0.000016   0.000013  -0.000017  -0.000038
   16  O   1 ZZ  -0.017091  -0.000008   0.000011  -0.000009   0.000034
   17  O   1 XY  -0.000003   0.019677   0.004041   0.006018   0.003946
   18  O   1 XZ   0.000003  -0.013088  -0.002688  -0.004003   0.005933
   19  O   1 YZ   0.005257   0.000009  -0.000002   0.000005  -0.000016
   20  O   1 XX  -0.181894  -0.000160   0.000176  -0.000064  -0.000026
   21  O   1 YY  -0.314599  -0.000146   0.000286  -0.000001   0.000056
   22  O   1 ZZ  -0.141986  -0.000170   0.000251   0.000023  -0.000153
   23  O   1 XY  -0.000015  -0.015769   0.024086   0.030724   0.165340
   24  O   1 XZ   0.000148   0.010489  -0.016021  -0.020435   0.248577
   25  O   1 YZ   0.237767   0.000015  -0.000006   0.000109   0.000064
   26  O    XXX   0.004287  -0.000029   0.000007   0.000037   0.000002
   27  O    YYY  -0.000019  -0.022032  -0.104328   0.050949   0.037504
   28  O    ZZZ   0.000034   0.027728   0.075919  -0.032171   0.055102
   29  O    XXY  -0.000018   0.016553  -0.062550   0.007243   0.012204
   30  O    XXZ   0.000029  -0.011010   0.041605  -0.004818   0.018349
   31  O    YYX   0.010020  -0.000015  -0.000005   0.000042   0.000001
   32  O    YYZ  -0.000000  -0.014418   0.020565  -0.017910   0.024306
   33  O    ZZX   0.026930  -0.000013  -0.000014   0.000030   0.000002
   34  O    ZZY   0.000005  -0.004694  -0.044082   0.023463   0.015023
   35  O    XYZ   0.023293   0.000005  -0.000018  -0.000012  -0.000000
   36  O   1  S  10.802930   0.001948  -0.010552   0.002387  -0.001592
   37  O   1  X  -0.487778  -0.001860  -0.000499  -0.005804  -0.000442
   38  O   1  Y   0.000054   0.719206   0.793072   0.982641  -3.560483
   39  O   1  Z   0.000050  -0.478376  -0.527508  -0.653603  -5.352945
   40  O   1 XX   0.003057  -0.000804   0.001777   0.002555  -0.000253
   41  O   1 YY  -2.546805  -0.001108   0.001241  -0.000218  -0.000599
   42  O   1 ZZ  -2.192463  -0.000934   0.001717   0.001515   0.000282
   43  O   1 XY  -0.000247   0.989106   0.601860   1.632695   2.296805
   44  O   1 XZ   0.000198  -0.657899  -0.400324  -1.085975   3.453095
   45  O   1 YZ   0.488089   0.000465   0.001062   0.002411   0.000101
   46  O    XXX   0.446032  -0.000337   0.000154   0.000953   0.000096
   47  O    YYY  -0.000257   0.058708  -0.905429   0.412986   0.410251
   48  O    ZZZ   0.000419  -0.130138   0.564752  -0.333025   0.725940
   49  O    XXY  -0.000092  -0.091137  -0.332308   0.279537   0.351592
   50  O    XXZ   0.000158   0.060619   0.221033  -0.185932   0.528596
   51  O    YYX   0.201316  -0.000143   0.000143   0.000334  -0.000025
   52  O    YYZ   0.000151   0.128654   0.329466  -0.029279   0.353301
   53  O    ZZX   0.270420  -0.000144   0.000166   0.000455   0.000106
   54  O    ZZY  -0.000112  -0.009690  -0.419713   0.161675   0.332404
   55  O    XYZ   0.095187   0.000010   0.000085   0.000181  -0.000031
   56  H   2  S   0.057111  -0.000003  -0.000078  -0.000034   0.034455
   57  H   2  S  -1.939865  -0.000073  -0.001915  -0.003530   8.029821
   58  H   2  S  -3.146817   0.001413   0.005817   0.002895 -10.866085
   59  H   2  X   0.036548  -0.000003  -0.000014  -0.000019  -0.018012
   60  H   2  Y  -0.002521   0.017433   0.023518   0.022071  -0.007191
   61  H   2  Z  -0.003802  -0.011608  -0.015648  -0.014699  -0.010800
   62  H   2  X   0.473209   0.000013   0.000134   0.000364  -0.583679
   63  H   2  Y  -0.715258  -0.227018  -0.215665  -0.346125   0.671798
   64  H   2  Z  -1.074637   0.151082   0.143651   0.229883   1.009487
   65  H   2 XX  -0.003958   0.000002  -0.000017   0.000016   0.034444
   66  H   2 YY   0.019769  -0.006074   0.004084   0.009247   0.031429
   67  H   2 ZZ  -0.019642   0.006072  -0.004121  -0.009293   0.044555
   68  H   2 XY   0.037667  -0.000259   0.000681   0.018529  -0.024666
   69  H   2 XZ   0.056580   0.000185  -0.000467  -0.012294  -0.037195
   70  H   2 YZ  -0.054342  -0.002953   0.002011   0.004489   0.018136
   71  H   2  S   0.066686   0.000313   0.000039   0.000390  -1.230839
   72  H   2  X  -0.439278  -0.000159  -0.000262   0.001917   2.443865
   73  H   2  Y  -0.285595  -0.852878  -1.168599  -0.949090   0.579886
   74  H   2  Z  -0.428516   0.567862   0.778296   0.632157   0.871118
   75  H   2 XX   0.539489   0.000028  -0.001002  -0.001590   1.231966
   76  H   2 YY   0.168157  -0.047391  -0.290182  -0.896785   1.791863
   77  H   2 ZZ  -0.111290   0.047190   0.289033   0.895877   2.119611
   78  H   2 XY   0.148822   0.416042   0.040888  -0.001948   0.086932
   79  H   2 XZ   0.223955  -0.276674  -0.027292   0.000721   0.134080
   80  H   2 YZ  -0.386140  -0.022706  -0.139937  -0.433758   0.453793
   81  H   3  S   0.057104  -0.000003  -0.000078  -0.000034  -0.034478
   82  H   3  S  -1.940775  -0.000072  -0.001915  -0.003541  -8.032368
   83  H   3  S  -3.148030   0.001412   0.005819   0.002909  10.869551
   84  H   3  X   0.036581  -0.000003  -0.000014  -0.000019   0.018012
   85  H   3  Y   0.002553   0.017449   0.023529   0.022092  -0.007178
   86  H   3  Z   0.003826  -0.011594  -0.015645  -0.014676  -0.010803
   87  H   3  X   0.473500   0.000013   0.000134   0.000365   0.583769
   88  H   3  Y   0.714925  -0.227193  -0.215978  -0.345942   0.671477
   89  H   3  Z   1.075547   0.151034   0.143453   0.230443   1.010037
   90  H   3 XX  -0.003959   0.000002  -0.000017   0.000016  -0.034439
   91  H   3 YY   0.019807   0.006080  -0.004131  -0.009288  -0.031398
   92  H   3 ZZ  -0.019696  -0.006081   0.004094   0.009242  -0.044598
   93  H   3 XY  -0.037645  -0.000265   0.000698   0.018500  -0.024769
   94  H   3 XZ  -0.056647   0.000163  -0.000450  -0.012336  -0.037126
   95  H   3 YZ  -0.054357   0.002929  -0.001965  -0.004481  -0.018127
   96  H   3  S   0.066666   0.000313   0.000039   0.000391   1.231077
   97  H   3  X  -0.439162  -0.000159  -0.000262   0.001915  -2.444234
   98  H   3  Y   0.284814  -0.853568  -1.169856  -0.949979   0.579037
   99  H   3  Z   0.429055   0.567171   0.777114   0.630999   0.871240
  100  H   3 XX   0.539680   0.000028  -0.001002  -0.001591  -1.232361
  101  H   3 YY   0.169176   0.047140   0.288962   0.895883  -1.790784
  102  H   3 ZZ  -0.111841  -0.047341  -0.290113  -0.896795  -2.121390
  103  H   3 XY  -0.149100   0.416012   0.041003  -0.001365   0.090091
  104  H   3 XZ  -0.223951  -0.276762  -0.027177   0.001482   0.132063
  105  H   3 YZ  -0.385873   0.023045   0.140362   0.433868  -0.453062
  106  CU  4  S   0.031989   0.000019  -0.000033  -0.000087  -0.000008
  107  CU  4  X   0.011402   0.000023  -0.000060  -0.000119  -0.000002
  108  CU  4  Y   0.000015  -0.018859   0.025973  -0.004915  -0.004787
  109  CU  4  Z  -0.000011   0.012544  -0.017276   0.003269  -0.007197
  110  CU  4 XX   0.037678   0.000020  -0.000010  -0.000051   0.000000
  111  CU  4 YY  -0.043487  -0.000020   0.000002   0.000018  -0.000141
  112  CU  4 ZZ  -0.018097  -0.000006   0.000008   0.000011   0.000142
  113  CU  4 XY   0.000057  -0.060098   0.061333  -0.005815  -0.014053
  114  CU  4 XZ  -0.000039   0.039974  -0.040795   0.003868  -0.021128
  115  CU  4 YZ   0.034973   0.000013   0.000018  -0.000022  -0.000070
  116  CU  4 XX   0.015425   0.000031  -0.000018  -0.000196  -0.000004
  117  CU  4 YY  -0.060116  -0.000007  -0.000032  -0.000199  -0.000100
  118  CU  4 ZZ  -0.037859   0.000009  -0.000026  -0.000187   0.000080
  119  CU  4 XY   0.000060  -0.074673   0.047050  -0.044546  -0.031506
  120  CU  4 XZ  -0.000039   0.049669  -0.031295   0.029630  -0.047367
  121  CU  4 YZ   0.030658   0.000015   0.000017   0.000003  -0.000046
  122  CU  4  S  -0.350327  -0.000173   0.000193   0.000540   0.000061
  123  CU  4  X  -1.326293  -0.000077  -0.001306  -0.003867  -0.000112
  124  CU  4  Y  -0.000386   0.416148  -0.227547   0.601419   0.682715
  125  CU  4  Z   0.000186  -0.276798   0.151351  -0.400030   1.026417
  126  CU  4  S  -2.895087  -0.002297   0.001450  -0.003229  -0.000313
  127  CU  4  X  -1.383820  -0.001017   0.000985  -0.000589  -0.000098
  128  CU  4  Y  -0.000101  -0.113754  -0.152326  -0.328376   0.243970
  129  CU  4  Z   0.000007   0.075663   0.101319   0.218418   0.366792
  130  CU  4  S  -0.256493   0.000010  -0.000165  -0.001085  -0.000039
  131  CU  4  X  -0.009997   0.000033  -0.000041  -0.000182  -0.000010
  132  CU  4  Y   0.000007  -0.000642   0.043503   0.039198   0.009900
  133  CU  4  Z  -0.000006   0.000427  -0.028936  -0.026072   0.014884
  134  CU  4 XX  -1.017328  -0.000086  -0.001097  -0.003195  -0.000141
  135  CU  4 YY  -0.010634   0.000171  -0.000090  -0.001416   0.000790
  136  CU  4 ZZ  -0.173800   0.000031  -0.000144  -0.001550  -0.000851
  137  CU  4 XY  -0.000571   0.676288  -0.429984   0.563868   0.537451
  138  CU  4 XZ   0.000336  -0.449830   0.286001  -0.375053   0.808023
  139  CU  4 YZ  -0.224754  -0.000117  -0.000152  -0.000042   0.000435
  140  CU   XXX   0.004445  -0.000001   0.000012   0.000032   0.000001
  141  CU   YYY  -0.000001   0.000394  -0.005945  -0.005044  -0.000807
  142  CU   ZZZ   0.000001  -0.000344   0.003936   0.003461  -0.001181
  143  CU   XXY   0.000002  -0.002784  -0.001497  -0.005688  -0.004205
  144  CU   XXZ  -0.000000   0.001852   0.000996   0.003784  -0.006321
  145  CU   YYX  -0.000105  -0.000003   0.000002   0.000010   0.000002
  146  CU   YYZ   0.000000   0.000015   0.001798   0.001331  -0.000519
  147  CU   ZZX  -0.000188  -0.000002   0.000002   0.000011  -0.000001
  148  CU   ZZY  -0.000001   0.000144  -0.002666  -0.002214  -0.000316
  149  CU   XYZ  -0.000115   0.000000   0.000000   0.000001   0.000000
  150  CU   XXX   0.031987  -0.000008   0.000051   0.000189   0.000011
  151  CU   YYY  -0.000008   0.001138  -0.040610  -0.037279  -0.014495
  152  CU   ZZZ   0.000007   0.001540   0.028055   0.023790  -0.019655
  153  CU   XXY   0.000016  -0.028541  -0.008795  -0.044778  -0.022751
  154  CU   XXZ  -0.000009   0.018984   0.005850   0.029784  -0.034205
  155  CU   YYX  -0.001832  -0.000013   0.000034   0.000088  -0.000052
  156  CU   YYZ   0.000005  -0.004023   0.010406   0.012702  -0.008229
  157  CU   ZZX   0.006841  -0.000005   0.000036   0.000102   0.000053
  158  CU   ZZY  -0.000003   0.001415  -0.017750  -0.017068  -0.003566
  159  CU   XYZ   0.011946   0.000008   0.000007   0.000009  -0.000026

                     51         52         53         54         55
                    0.5622     0.5927     0.6159     0.6183     0.6466
                     A          A          A          A          A   
    1  O   1  S  -0.000000   0.126231   0.000080   0.008974  -0.011743
    2  O   1  S  -0.000000   0.038501   0.000058  -0.011492  -0.058282
    3  O   1  S   0.000000   0.192258   0.000064   0.051030  -0.003689
    4  O   1  S   0.000002  10.966125   0.008834  -3.470837   7.801521
    5  O   1  X   0.000000  -0.048361   0.000079  -0.195138  -0.081441
    6  O   1  Y   0.000213   0.000154  -0.066224  -0.000057   0.000052
    7  O   1  Z   0.000308   0.000037  -0.099564  -0.000028   0.000116
    8  O   1  X   0.000000   0.700772   0.000919  -0.994260  -0.075123
    9  O   1  Y   0.000611   0.000007   0.166436   0.000012  -0.000105
   10  O   1  Z   0.000946  -0.000199   0.250226   0.000036   0.000262
   11  O   1  X  -0.000001  -0.506013  -0.003534   6.920477   6.926859
   12  O   1  Y  -0.005267  -0.004410   4.485760   0.005111  -0.000712
   13  O   1  Z  -0.008202  -0.002065   6.744044   0.000799   0.002980
   14  O   1 XX   0.000000   0.001454  -0.000000  -0.005639  -0.008700
   15  O   1 YY   0.016937   0.012385   0.000016   0.017101   0.006356
   16  O   1 ZZ  -0.016937   0.005005  -0.000032   0.010565   0.010027
   17  O   1 XY   0.000018   0.000012   0.002781   0.000003   0.000012
   18  O   1 XZ   0.000029  -0.000006   0.004181   0.000001  -0.000002
   19  O   1 YZ   0.008197  -0.010166   0.000009  -0.009003   0.005057
   20  O   1 XX   0.000000   0.361666   0.000066   0.148982   0.146442
   21  O   1 YY  -0.095048   0.253468  -0.000110   0.035542   0.011638
   22  O   1 ZZ   0.095048   0.416881   0.000423   0.007417   0.128698
   23  O   1 XY   0.000011  -0.000237   0.160690   0.000120  -0.000137
   24  O   1 XZ   0.000017  -0.000140   0.241587   0.000062   0.000031
   25  O   1 YZ  -0.046002   0.225095   0.000078  -0.038742   0.161245
   26  O    XXX   0.000000   0.019893   0.000045  -0.066282  -0.044846
   27  O    YYY   0.000046   0.000025   0.005950   0.000011  -0.000008
   28  O    ZZZ   0.000079  -0.000006  -0.006693   0.000002   0.000043
   29  O    XXY  -0.000001   0.000011   0.016027  -0.000009   0.000014
   30  O    XXZ   0.000002  -0.000032   0.024095   0.000021   0.000008
   31  O    YYX   0.004905   0.003536   0.000015  -0.017304   0.016274
   32  O    YYZ   0.000038  -0.000004  -0.007098  -0.000022   0.000035
   33  O    ZZX  -0.004905   0.004170   0.000012  -0.021215   0.013902
   34  O    ZZY   0.000045   0.000012  -0.018677  -0.000003  -0.000019
   35  O    XYZ   0.002374   0.000873   0.000006  -0.005387  -0.003267
   36  O   1  S  -0.000001   9.963421   0.007501  -3.760217   0.878482
   37  O   1  X  -0.000002  -0.335265  -0.003804   7.716024  -1.981345
   38  O   1  Y  -0.008795  -0.000850   0.487315   0.001699  -0.000513
   39  O   1  Z  -0.013448  -0.000396   0.732647  -0.000284  -0.000385
   40  O   1 XX   0.000001   4.052526   0.003168  -2.129489   1.024841
   41  O   1 YY  -0.349308   1.760479  -0.000395   0.416857  -0.024857
   42  O   1 ZZ   0.349308   2.121680   0.002630  -0.741459   1.626846
   43  O   1 XY   0.001387  -0.000611   1.562732   0.002139  -0.000412
   44  O   1 XZ   0.001813  -0.000645   2.349464  -0.000171   0.002672
   45  O   1 YZ  -0.169059   0.497538   0.000512  -1.595524   2.275136
   46  O    XXX   0.000000   0.757929   0.000929  -1.041972  -0.131839
   47  O    YYY   0.000684   0.000194   0.027928  -0.000031  -0.000203
   48  O    ZZZ   0.000846  -0.000263   0.294004  -0.000081   0.000522
   49  O    XXY   0.000533   0.000006  -0.018615   0.000096  -0.000213
   50  O    XXZ   0.000779   0.000005  -0.027987  -0.000125   0.000273
   51  O    YYX  -0.047575   0.416046   0.000419  -0.593509  -0.222332
   52  O    YYZ   0.000348  -0.000219   0.197630   0.000242  -0.000016
   53  O    ZZX   0.047575   0.503099   0.000667  -0.607947  -0.086725
   54  O    ZZY   0.000043  -0.000064   0.356348   0.000103   0.000069
   55  O    XYZ  -0.023026   0.119910   0.000015  -0.019888   0.186791
   56  H   2  S   0.000207   0.041138  -0.087155   0.038029   0.071765
   57  H   2  S   0.004702  -3.011315   6.239371   2.397285  -5.921631
   58  H   2  S  -0.021948  -6.819490   0.230242  -3.585362   1.141439
   59  H   2  X  -0.000040   0.006019   0.008314   0.017500   0.006866
   60  H   2  Y   0.000972   0.004379   0.004304   0.003993   0.000015
   61  H   2  Z  -0.000723   0.006591   0.006486   0.005968   0.000031
   62  H   2  X   0.000578   0.592164  -1.164256  -0.292500   0.502008
   63  H   2  Y  -0.032807  -0.666840   0.502782   0.105304  -0.653177
   64  H   2  Z   0.022632  -1.002149   0.755230   0.158914  -0.981963
   65  H   2 XX   0.000049  -0.017646   0.030839  -0.013559   0.012904
   66  H   2 YY  -0.005366  -0.008707   0.000337   0.012403  -0.011613
   67  H   2 ZZ   0.005576  -0.020771   0.021082   0.009194  -0.024241
   68  H   2 XY  -0.025752   0.013507  -0.024892  -0.009314   0.028682
   69  H   2 XZ   0.017093   0.020291  -0.037315  -0.014041   0.043138
   70  H   2 YZ  -0.002700  -0.016639   0.028576  -0.004392  -0.017445
   71  H   2  S  -0.003459  -0.327005   0.709201  -0.782042   0.035264
   72  H   2  X   0.007499   1.930770  -2.049482  -2.097919   0.996433
   73  H   2  Y  -0.580324  -1.381615  -0.119654  -0.612480  -0.293692
   74  H   2  Z   0.390835  -2.076369  -0.179610  -0.917073  -0.442297
   75  H   2 XX   0.000865  -0.163431   1.982811   1.303781  -1.293513
   76  H   2 YY  -0.347856  -0.383059   0.641695   0.185463  -0.606003
   77  H   2 ZZ   0.354010  -0.758699   0.284170   0.215938  -1.122850
   78  H   2 XY   0.804324   0.284654  -0.394101   0.038694  -0.262128
   79  H   2 XZ  -0.533387   0.427730  -0.594023   0.058158  -0.394097
   80  H   2 YZ  -0.166993  -0.517796  -0.493049   0.038594  -0.710231
   81  H   3  S  -0.000207   0.041016   0.087157   0.038114   0.071724
   82  H   3  S  -0.004705  -3.006025  -6.246106   2.392869  -5.928025
   83  H   3  S   0.021954  -6.817304  -0.234798  -3.587597   1.152139
   84  H   3  X   0.000040   0.006029  -0.008310   0.017497   0.006876
   85  H   3  Y  -0.001041  -0.004396   0.004329  -0.003953  -0.000005
   86  H   3  Z   0.000615  -0.006601   0.006493  -0.005979   0.000000
   87  H   3  X  -0.000578   0.590651   1.165364  -0.291598   0.502009
   88  H   3  Y   0.033569   0.665814   0.502987  -0.105478   0.653108
   89  H   3  Z  -0.021517   1.001405   0.756876  -0.157981   0.981948
   90  H   3 XX  -0.000049  -0.017595  -0.030845  -0.013570   0.012916
   91  H   3 YY  -0.005611  -0.008686  -0.000340   0.012391  -0.011550
   92  H   3 ZZ   0.005401  -0.020736  -0.021100   0.009199  -0.024246
   93  H   3 XY   0.025716  -0.013444  -0.024818   0.009325  -0.028675
   94  H   3 XZ  -0.017141  -0.020228  -0.037420   0.013981  -0.043094
   95  H   3 YZ  -0.002613  -0.016575  -0.028596  -0.004423  -0.017437
   96  H   3  S   0.003460  -0.325725  -0.708771  -0.782844   0.036583
   97  H   3  X  -0.007499   1.928078   2.053465  -2.096472   0.995590
   98  H   3  Y   0.584573   1.380413  -0.118538   0.609148   0.291851
   99  H   3  Z  -0.383991   2.076155  -0.178497   0.919563   0.438025
  100  H   3 XX  -0.000866  -0.161478  -1.984057   1.302185  -1.294469
  101  H   3 YY  -0.352121  -0.382246  -0.642656   0.187341  -0.607969
  102  H   3 ZZ   0.345967  -0.758424  -0.284764   0.213885  -1.121608
  103  H   3 XY  -0.802785  -0.283778  -0.395785  -0.038908   0.262338
  104  H   3 XZ   0.535573  -0.426871  -0.593517  -0.058510   0.394404
  105  H   3 YZ  -0.171786  -0.517795   0.492401   0.039948  -0.709214
  106  CU  4  S   0.000000   0.200463   0.000104   0.044678  -0.112792
  107  CU  4  X  -0.000000  -0.041525  -0.000083   0.119071   0.028617
  108  CU  4  Y  -0.000034  -0.000001  -0.009242  -0.000011   0.000015
  109  CU  4  Z  -0.000051   0.000007  -0.013895  -0.000007   0.000008
  110  CU  4 XX  -0.000000   0.002112  -0.000010   0.024309  -0.016161
  111  CU  4 YY   0.043424  -0.044454   0.000008   0.003005   0.027036
  112  CU  4 ZZ  -0.043424  -0.048220  -0.000074   0.016120   0.032336
  113  CU  4 XY  -0.000035   0.000018  -0.029318  -0.000032   0.000019
  114  CU  4 XZ  -0.000049   0.000022  -0.044078  -0.000021  -0.000000
  115  CU  4 YZ   0.021017  -0.005188   0.000006   0.018065   0.007301
  116  CU  4 XX  -0.000000   0.020252  -0.000076   0.201404  -0.052626
  117  CU  4 YY   0.022430  -0.058786  -0.000129   0.237967  -0.037866
  118  CU  4 ZZ  -0.022430  -0.058882  -0.000152   0.237474  -0.023965
  119  CU  4 XY  -0.000049   0.000009  -0.038033  -0.000062   0.000010
  120  CU  4 XZ  -0.000068   0.000030  -0.057180  -0.000006  -0.000033
  121  CU  4 YZ   0.010856  -0.000133   0.000004  -0.000679   0.019148
  122  CU  4  S  -0.000000  -1.792506  -0.001015  -0.219143   1.042271
  123  CU  4  X  -0.000002  -3.936086  -0.004983   5.686351   1.691557
  124  CU  4  Y   0.000876  -0.000316   0.398188   0.001099  -0.000074
  125  CU  4  Z   0.001264  -0.000241   0.598650  -0.000080   0.000695
  126  CU  4  S  -0.000001  -0.955865  -0.003077   5.272142  -0.925591
  127  CU  4  X  -0.000000   0.096682  -0.000502   1.152513  -0.573616
  128  CU  4  Y   0.000655  -0.000048   0.061555  -0.000106  -0.000057
  129  CU  4  Z   0.001038  -0.000071   0.092544   0.000220  -0.000155
  130  CU  4  S  -0.000000  -0.493053  -0.000879   1.303962  -0.020674
  131  CU  4  X  -0.000000  -0.137850  -0.000170   0.186919   0.016153
  132  CU  4  Y  -0.000050  -0.000002   0.010307   0.000026   0.000022
  133  CU  4  Z  -0.000076  -0.000013   0.015496  -0.000022   0.000059
  134  CU  4 XX  -0.000001  -2.431561  -0.003531   4.507437   0.907229
  135  CU  4 YY  -0.206052  -0.008953  -0.000801   1.605804  -0.419580
  136  CU  4 ZZ   0.206051   0.001265  -0.000568   1.598003  -0.559776
  137  CU  4 XY   0.000675  -0.000241   0.454539   0.000962  -0.000087
  138  CU  4 XZ   0.000944  -0.000314   0.683369   0.000014   0.000590
  139  CU  4 YZ  -0.099726   0.014075  -0.000016  -0.010745  -0.193112
  140  CU   XXX   0.000000   0.029250   0.000039  -0.043446  -0.011396
  141  CU   YYY   0.000007   0.000000  -0.001432  -0.000003  -0.000003
  142  CU   ZZZ   0.000011   0.000002  -0.002102   0.000003  -0.000008
  143  CU   XXY  -0.000001   0.000000  -0.002219  -0.000006  -0.000003
  144  CU   XXZ  -0.000001   0.000002  -0.003336   0.000002  -0.000008
  145  CU   YYX  -0.000882   0.007301   0.000008  -0.010313  -0.000163
  146  CU   YYZ   0.000005   0.000001  -0.000926   0.000001  -0.000003
  147  CU   ZZX   0.000882   0.007304   0.000010  -0.010673   0.000300
  148  CU   ZZY   0.000003   0.000000  -0.000571  -0.000001  -0.000001
  149  CU   XYZ  -0.000427   0.000004  -0.000001  -0.000497   0.000638
  150  CU   XXX   0.000000   0.195491   0.000240  -0.251844  -0.054277
  151  CU   YYY   0.000047   0.000002  -0.004651  -0.000022  -0.000030
  152  CU   ZZZ   0.000077   0.000011  -0.010641   0.000026  -0.000061
  153  CU   XXY  -0.000015  -0.000003  -0.027296  -0.000050  -0.000006
  154  CU   XXZ  -0.000017   0.000025  -0.041038   0.000010  -0.000058
  155  CU   YYX   0.016790   0.074698   0.000112  -0.120844  -0.033486
  156  CU   YYZ   0.000037   0.000005  -0.005717   0.000003  -0.000021
  157  CU   ZZX  -0.016790   0.077422   0.000096  -0.127323  -0.017409
  158  CU   ZZY   0.000032   0.000003  -0.007058  -0.000013  -0.000015
  159  CU   XYZ   0.008126   0.003753   0.000010  -0.008925   0.022146

                     56         57         58         59         60
                    0.6677     0.6820     0.7338     0.7342     0.7880
                     A          A          A          A          A   
    1  O   1  S  -0.000044  -0.000023  -0.018556  -0.000464  -0.000000
    2  O   1  S  -0.000017  -0.000028  -0.076234  -0.001865  -0.000000
    3  O   1  S  -0.000033  -0.000032  -0.068608  -0.001683  -0.000001
    4  O   1  S  -0.006785  -0.001344  -0.422633  -0.009369  -0.000046
    5  O   1  X   0.000040   0.000019  -0.104274  -0.002459   0.000000
    6  O   1  Y   0.128144   0.005131   0.000314  -0.012660   0.000011
    7  O   1  Z   0.192656   0.007714  -0.000242   0.008420   0.000019
    8  O   1  X  -0.000238  -0.000019  -0.036677  -0.000337  -0.000000
    9  O   1  Y  -0.027325  -0.331874   0.001315  -0.048746   0.000269
   10  O   1  Z  -0.041082  -0.498951  -0.000498   0.032433   0.000360
   11  O   1  X  -0.003206  -0.001080  -2.598114  -0.064655  -0.000019
   12  O   1  Y   0.729177  -0.095453  -0.058525   2.441397  -0.000188
   13  O   1  Z   1.096265  -0.143507   0.037643  -1.623912  -0.000242
   14  O   1 XX   0.000012   0.000001   0.001987   0.000037  -0.000000
   15  O   1 YY   0.000004  -0.000006  -0.003392  -0.000079  -0.020359
   16  O   1 ZZ  -0.000006   0.000004  -0.003291  -0.000070   0.020359
   17  O   1 XY   0.003542  -0.003454   0.000679  -0.028345  -0.000017
   18  O   1 XZ   0.005325  -0.005193  -0.000452   0.018854  -0.000024
   19  O   1 YZ   0.000002  -0.000000   0.000139   0.000002  -0.009853
   20  O   1 XX  -0.000156  -0.000058  -0.097496  -0.002327  -0.000001
   21  O   1 YY  -0.000007   0.000067  -0.068286  -0.001684   0.075396
   22  O   1 ZZ  -0.000169  -0.000139  -0.015064  -0.000391  -0.075399
   23  O   1 XY  -0.132347  -0.115620  -0.002494   0.105739   0.000107
   24  O   1 XZ  -0.198975  -0.173827   0.001781  -0.070328   0.000151
   25  O   1 YZ  -0.000127   0.000022   0.073309   0.001859   0.036490
   26  O    XXX   0.000014  -0.000001  -0.039640  -0.000913   0.000000
   27  O    YYY   0.038051   0.011649  -0.000564   0.023203   0.000029
   28  O    ZZZ   0.042538  -0.008253   0.000019  -0.000371   0.000030
   29  O    XXY   0.006926  -0.005995  -0.000194   0.007699  -0.000001
   30  O    XXZ   0.010413  -0.009014   0.000135  -0.005121   0.000002
   31  O    YYX   0.000000   0.000008  -0.021233  -0.000481  -0.013572
   32  O    YYZ   0.015174  -0.010453   0.000739  -0.031065   0.000018
   33  O    ZZX  -0.000029   0.000000  -0.002213  -0.000023   0.013572
   34  O    ZZY  -0.002997  -0.029946  -0.000383   0.016321   0.000008
   35  O    XYZ   0.000010   0.000006   0.026199   0.000638  -0.006568
   36  O   1  S  -0.004382  -0.000094   1.242193   0.021687  -0.000136
   37  O   1  X   0.001020  -0.001178  -2.148118  -0.052706  -0.000008
   38  O   1  Y  -0.382237   1.477718  -0.031080   1.288272   0.000884
   39  O   1  Z  -0.574669   2.221651   0.020697  -0.856886   0.001247
   40  O   1 XX  -0.001413  -0.000067  -3.286369  -0.079377  -0.000004
   41  O   1 YY  -0.000986   0.000474  -0.856512  -0.021993  -0.742819
   42  O   1 ZZ  -0.000361  -0.000959  -2.107628  -0.052018   0.742794
   43  O   1 XY   1.492477  -1.117376   0.019539  -0.785986   0.000172
   44  O   1 XZ   2.243836  -1.679899  -0.013221   0.522789   0.000123
   45  O   1 YZ  -0.001750   0.000285  -1.723348  -0.041494  -0.359523
   46  O    XXX  -0.000224   0.000029  -0.153641  -0.002743   0.000003
   47  O    YYY   0.038886  -0.408489  -0.003497   0.148376   0.000255
   48  O    ZZZ   0.146522  -0.526144   0.005315  -0.209960   0.000388
   49  O    XXY   0.050434  -0.200623  -0.002369   0.102696   0.000259
   50  O    XXZ   0.075823  -0.301624   0.001746  -0.068303   0.000331
   51  O    YYX  -0.000104   0.000047  -0.066997  -0.001284   0.079508
   52  O    YYZ   0.088640  -0.212203  -0.003020   0.134370   0.000169
   53  O    ZZX  -0.000031  -0.000074  -0.211490  -0.004752  -0.079508
   54  O    ZZY   0.137542  -0.062624  -0.000546   0.022444   0.000197
   55  O    XYZ  -0.000181  -0.000007  -0.199032  -0.004783   0.038479
   56  H   2  S   0.042485   0.021130   0.004765   0.000120  -0.000021
   57  H   2  S   2.750970  -4.175618   3.140628   0.074866   0.000365
   58  H   2  S  -8.663082   8.726242   0.820388   0.026886   0.004370
   59  H   2  X   0.001910   0.000894  -0.021424  -0.000519  -0.000004
   60  H   2  Y   0.004904   0.005636   0.006629  -0.000849   0.013252
   61  H   2  Z   0.007382   0.008470   0.009904   0.000928  -0.008790
   62  H   2  X   0.323676   0.319977   0.116111   0.002695  -0.000221
   63  H   2  Y  -0.248549  -0.452419   0.013224  -0.185305  -0.025669
   64  H   2  Z  -0.373375  -0.680039   0.010199   0.123157   0.017641
   65  H   2 XX  -0.017565  -0.050810  -0.048813  -0.001195  -0.000066
   66  H   2 YY  -0.020911  -0.015678  -0.051083  -0.010634  -0.024922
   67  H   2 ZZ  -0.030448  -0.043620  -0.064438   0.007763   0.024873
   68  H   2 XY   0.027643  -0.000457   0.001845  -0.015492  -0.028081
   69  H   2 XZ   0.041566  -0.000742   0.001955   0.010391   0.018649
   70  H   2 YZ  -0.013202  -0.038473  -0.017670  -0.004958  -0.012043
   71  H   2  S  -1.083664   0.503275   0.021244   0.000663   0.000247
   72  H   2  X   1.003114  -0.413766   1.432921   0.033557  -0.000229
   73  H   2  Y  -2.217867   0.546275  -0.147315  -1.189993   0.445827
   74  H   2  Z  -3.333308   0.820339  -0.283560   0.783382  -0.296110
   75  H   2 XX   0.397114  -0.480314  -0.577606  -0.014186  -0.000516
   76  H   2 YY   0.493162  -1.657252   0.170810  -0.521308   1.048908
   77  H   2 ZZ  -0.430118  -1.472407   0.055321   0.525221  -1.050585
   78  H   2 XY   0.273822   0.599638   0.699375   1.035179   0.407668
   79  H   2 XZ   0.410529   0.903071   1.104239  -0.650886  -0.270986
   80  H   2 YZ  -1.272720   0.254109  -0.118899  -0.257090   0.508342
   81  H   3  S  -0.042584  -0.021137   0.004801   0.000121   0.000020
   82  H   3  S  -2.744039   4.176948   3.141131   0.074878  -0.000352
   83  H   3  S   8.668216  -8.724126   0.817939   0.026825  -0.004118
   84  H   3  X  -0.001934  -0.000903  -0.021414  -0.000519   0.000004
   85  H   3  Y   0.004903   0.005627  -0.006565  -0.001187  -0.013232
   86  H   3  Z   0.007361   0.008463  -0.009932   0.000426   0.008825
   87  H   3  X  -0.324641  -0.320210   0.116645   0.002708   0.000209
   88  H   3  Y  -0.249441  -0.452470  -0.003885  -0.185276   0.026176
   89  H   3  Z  -0.375320  -0.680401  -0.015527   0.123354  -0.016847
   90  H   3 XX   0.017527   0.050800  -0.048815  -0.001195   0.000064
   91  H   3 YY   0.020863   0.015668  -0.051517   0.008080  -0.024868
   92  H   3 ZZ   0.030505   0.043591  -0.063997  -0.010951   0.024914
   93  H   3 XY   0.027696  -0.000504  -0.001111  -0.015571   0.028055
   94  H   3 XZ   0.041632  -0.000703  -0.002490   0.010269  -0.018689
   95  H   3 YZ   0.013215   0.038479  -0.017917   0.004098  -0.012054
   96  H   3  S   1.083776  -0.503074   0.021076   0.000659  -0.000243
   97  H   3  X  -1.005135   0.414150   1.433603   0.033573   0.000186
   98  H   3  Y  -2.217961   0.545044   0.205147  -1.182617  -0.445503
   99  H   3  Z  -3.335661   0.820384   0.246335   0.794778   0.296713
  100  H   3 XX  -0.396303   0.479777  -0.577139  -0.014174   0.000496
  101  H   3 YY  -0.493670   1.656946   0.146412   0.527666   1.050803
  102  H   3 ZZ   0.431683   1.472717   0.080265  -0.523739  -1.049197
  103  H   3 XY   0.272543   0.601078  -0.748526   1.000553  -0.407571
  104  H   3 XZ   0.410895   0.902125  -1.072576  -0.703194   0.271273
  105  H   3 YZ   1.273681  -0.254273  -0.131301   0.250584   0.507907
  106  CU  4  S  -0.000006  -0.000064  -0.379578  -0.009111   0.000001
  107  CU  4  X  -0.000007  -0.000006   0.051301   0.001239  -0.000000
  108  CU  4  Y   0.010577  -0.026445   0.000264  -0.010298  -0.000008
  109  CU  4  Z   0.015902  -0.039758  -0.000172   0.006849  -0.000011
  110  CU  4 XX   0.000013   0.000004   0.018551   0.000473   0.000000
  111  CU  4 YY  -0.000000   0.000003   0.058787   0.001396  -0.006278
  112  CU  4 ZZ  -0.000009   0.000009   0.047985   0.001139   0.006278
  113  CU  4 XY   0.011454  -0.027578   0.000071  -0.002697  -0.000012
  114  CU  4 XZ   0.017220  -0.041462  -0.000051   0.001794  -0.000016
  115  CU  4 YZ  -0.000000  -0.000004  -0.014879  -0.000357  -0.003038
  116  CU  4 XX   0.000017  -0.000048  -0.154748  -0.003728   0.000000
  117  CU  4 YY   0.000018  -0.000036  -0.135516  -0.003241  -0.012257
  118  CU  4 ZZ   0.000022  -0.000049  -0.152823  -0.003662   0.012258
  119  CU  4 XY  -0.015111   0.004783  -0.001287   0.053258   0.000007
  120  CU  4 XZ  -0.022718   0.007191   0.000851  -0.035424   0.000008
  121  CU  4 YZ  -0.000017   0.000002  -0.023839  -0.000577  -0.005933
  122  CU  4  S   0.000024   0.000555   3.399781   0.081588  -0.000005
  123  CU  4  X  -0.000069  -0.000211   1.763950   0.042237  -0.000003
  124  CU  4  Y   0.337968  -0.333393   0.017451  -0.712281  -0.000007
  125  CU  4  Z   0.508111  -0.501233  -0.011405   0.473774  -0.000025
  126  CU  4  S   0.000774  -0.000655  -0.924080  -0.022346   0.000002
  127  CU  4  X   0.000317  -0.000222  -0.707710  -0.016996   0.000002
  128  CU  4  Y  -0.132307  -0.064057   0.002369  -0.103475  -0.000101
  129  CU  4  Z  -0.198915  -0.096306  -0.001609   0.068825  -0.000135
  130  CU  4  S   0.000098  -0.000162  -0.267950  -0.006411   0.000001
  131  CU  4  X   0.000038   0.000012   0.218210   0.005262  -0.000000
  132  CU  4  Y   0.046360  -0.095702   0.002772  -0.112863  -0.000037
  133  CU  4  Z   0.069699  -0.143882  -0.001821   0.075070  -0.000051
  134  CU  4 XX  -0.000078  -0.000393  -0.263015  -0.006361   0.000001
  135  CU  4 YY   0.000260  -0.000427  -1.323360  -0.031677   0.117922
  136  CU  4 ZZ   0.000195  -0.000285  -1.143972  -0.027315  -0.117914
  137  CU  4 XY   0.276386  -0.145291   0.014881  -0.610033   0.000018
  138  CU  4 XZ   0.415528  -0.218436  -0.009767   0.405763   0.000025
  139  CU  4 YZ   0.000175  -0.000039   0.247099   0.005961   0.057070
  140  CU   XXX  -0.000002  -0.000001  -0.032902  -0.000800   0.000000
  141  CU   YYY  -0.006087   0.012993  -0.000394   0.016067   0.000005
  142  CU   ZZZ  -0.009106   0.019877   0.000264  -0.010924   0.000007
  143  CU   XXY  -0.005969   0.008268  -0.000278   0.011342   0.000003
  144  CU   XXZ  -0.008974   0.012430   0.000183  -0.007544   0.000004
  145  CU   YYX  -0.000004   0.000000  -0.014433  -0.000348   0.000027
  146  CU   YYZ  -0.004060   0.008979   0.000107  -0.004398   0.000003
  147  CU   ZZX  -0.000002  -0.000001  -0.014685  -0.000355  -0.000027
  148  CU   ZZY  -0.002661   0.006279  -0.000174   0.007091   0.000002
  149  CU   XYZ  -0.000001   0.000001  -0.000347  -0.000008   0.000013
  150  CU   XXX  -0.000029  -0.000016  -0.239947  -0.005834   0.000000
  151  CU   YYY  -0.046543   0.106745  -0.002656   0.107810   0.000037
  152  CU   ZZZ  -0.072903   0.153003   0.001595  -0.065611   0.000054
  153  CU   XXY  -0.039624   0.054346  -0.002670   0.109708   0.000029
  154  CU   XXZ  -0.059572   0.081705   0.001763  -0.072972   0.000038
  155  CU   YYX  -0.000010   0.000001  -0.099052  -0.002400  -0.020303
  156  CU   YYZ  -0.033372   0.066462   0.001009  -0.041854   0.000023
  157  CU   ZZX  -0.000011  -0.000007  -0.121692  -0.002956   0.020304
  158  CU   ZZY  -0.024811   0.037530  -0.001244   0.050621   0.000019
  159  CU   XYZ  -0.000021   0.000002  -0.031186  -0.000760  -0.009827

                     61         62         63         64         65
                    0.7882     0.8358     0.8479     0.8983     0.9028
                     A          A          A          A          A   
    1  O   1  S   0.017376  -0.000019   0.001645   0.072140  -0.000002
    2  O   1  S   0.030387  -0.000029  -0.029785   0.106215   0.000004
    3  O   1  S   0.101633   0.000023  -0.036886   0.023090  -0.000031
    4  O   1  S   5.189126   0.000489  -0.859626   2.120887   0.003612
    5  O   1  X  -0.035910  -0.000004  -0.057242  -0.097217   0.000020
    6  O   1  Y   0.000024  -0.061363  -0.000009   0.000027  -0.044172
    7  O   1  Z   0.000007  -0.092255  -0.000042  -0.000033  -0.066410
    8  O   1  X   0.015449  -0.000049  -0.755233  -1.602708   0.000341
    9  O   1  Y  -0.000036  -1.121960  -0.000211   0.000311  -0.417764
   10  O   1  Z   0.000023  -1.686792  -0.000625  -0.000619  -0.628080
   11  O   1  X   2.085875   0.000766   1.986107   9.902095   0.000280
   12  O   1  Y   0.000191   5.719250   0.001294  -0.000438   9.850519
   13  O   1  Z   0.000414   8.598509   0.003556   0.005022  14.809594
   14  O   1 XX   0.021721   0.000001   0.017532  -0.004392  -0.000007
   15  O   1 YY   0.010906  -0.000017  -0.017323  -0.020033   0.000023
   16  O   1 ZZ  -0.013806   0.000038  -0.010489  -0.006065  -0.000031
   17  O   1 XY  -0.000006   0.023276  -0.000004  -0.000021  -0.012858
   18  O   1 XZ   0.000005   0.034993   0.000019   0.000008  -0.019331
   19  O   1 YZ  -0.034039  -0.000011   0.009414   0.019241   0.000006
   20  O   1 XX   0.134823   0.000039  -0.077442  -0.094374   0.000010
   21  O   1 YY   0.144410   0.000175  -0.033218   0.024532  -0.000154
   22  O   1 ZZ   0.243596  -0.000124  -0.072229  -0.110581   0.000114
   23  O   1 XY   0.000001  -0.187984  -0.000003   0.000082   0.124388
   24  O   1 XZ  -0.000032  -0.282621  -0.000117  -0.000081   0.187009
   25  O   1 YZ   0.136626   0.000045  -0.053735  -0.186111   0.000024
   26  O    XXX  -0.020995   0.000005  -0.052961  -0.057370   0.000022
   27  O    YYY   0.000016  -0.043374   0.000004   0.000044  -0.005378
   28  O    ZZZ   0.000000  -0.076791  -0.000040  -0.000046  -0.023403
   29  O    XXY   0.000004  -0.034296  -0.000016   0.000009  -0.023924
   30  O    XXZ   0.000002  -0.051562  -0.000014  -0.000020  -0.035968
   31  O    YYX  -0.014834   0.000004  -0.022084  -0.050266   0.000041
   32  O    YYZ   0.000008  -0.037382  -0.000010  -0.000013  -0.014487
   33  O    ZZX  -0.023886  -0.000007  -0.021442  -0.070990  -0.000006
   34  O    ZZY   0.000008  -0.035199  -0.000006   0.000010  -0.023305
   35  O    XYZ  -0.012470  -0.000002   0.000884  -0.028546   0.000023
   36  O   1  S  15.442352  -0.001074  -3.438421  -6.160510   0.000858
   37  O   1  X   0.960362   0.000881  -3.440762  -1.351306   0.000147
   38  O   1  Y  -0.000642  -1.864926  -0.000154   0.000783   0.071853
   39  O   1  Z   0.000196  -2.803791  -0.001116  -0.000435   0.108026
   40  O   1 XX   0.413207   0.000623  -0.180895   4.917713  -0.000218
   41  O   1 YY   0.838558  -0.000448   0.585332   3.802290  -0.002898
   42  O   1 ZZ   1.875902   0.001177   1.300526   6.116267   0.002982
   43  O   1 XY  -0.000559   1.477520   0.000232  -0.000436   5.119074
   44  O   1 XZ   0.000595   2.221352   0.000866   0.001858   7.696183
   45  O   1 YZ   1.428870  -0.000631   0.985143   3.187387  -0.001226
   46  O    XXX  -0.381612   0.000081  -1.196564  -2.305951   0.000423
   47  O    YYY  -0.000010  -1.416547  -0.000284   0.000496  -0.926496
   48  O    ZZZ   0.000060  -2.144455  -0.000753  -0.000807  -1.199607
   49  O    XXY   0.000036  -0.602646  -0.000033   0.000323  -0.093705
   50  O    XXZ  -0.000030  -0.906038  -0.000392  -0.000371  -0.140879
   51  O    YYX  -0.065125   0.000053  -0.489325  -0.865991  -0.000158
   52  O    YYZ  -0.000066  -0.962907  -0.000379  -0.000359  -0.485740
   53  O    ZZX   0.050899  -0.000009  -0.529784  -0.784476   0.000533
   54  O    ZZY   0.000028  -0.653654  -0.000111   0.000267  -0.150574
   55  O    XYZ   0.159820   0.000018  -0.055729   0.112284  -0.000139
   56  H   2  S   0.052919   0.000334   0.006123   0.007104  -0.125728
   57  H   2  S  -0.735593   5.652326  -1.788007  -8.083569  13.309301
   58  H   2  S -14.307442 -13.189789   5.505005   6.547953   4.341964
   59  H   2  X   0.016442   0.032462  -0.019373   0.005967  -0.019489
   60  H   2  Y  -0.020281  -0.012156   0.002742   0.009647   0.018560
   61  H   2  Z  -0.030483  -0.018251   0.004122   0.014504   0.027888
   62  H   2  X   0.701357   0.522499   0.089119  -0.377270  -0.316244
   63  H   2  Y  -0.093092  -0.469277   0.309178   0.338265   0.707886
   64  H   2  Z  -0.139433  -0.705570   0.464558   0.508574   1.064763
   65  H   2 XX   0.115353   0.068747  -0.021352  -0.006588  -0.108921
   66  H   2 YY   0.123596   0.073012  -0.038256  -0.002457  -0.107303
   67  H   2 ZZ   0.127847   0.059963  -0.034434   0.009471  -0.073670
   68  H   2 XY   0.016683   0.014954   0.000425  -0.009972  -0.013335
   69  H   2 XZ   0.025091   0.022487   0.000654  -0.014978  -0.020039
   70  H   2 YZ   0.005818  -0.018007   0.005270   0.016438   0.046313
   71  H   2  S  -0.229171  -0.578522   0.378800   0.134371  -0.181856
   72  H   2  X   2.450430   1.715766   0.903494  -0.353529  -0.104888
   73  H   2  Y  -1.054501  -1.003493   0.570657   0.631685   0.934501
   74  H   2  Z  -1.583906  -1.508106   0.857655   0.950231   1.405785
   75  H   2 XX   1.097861   2.347123  -2.300388  -2.691755  -0.056411
   76  H   2 YY   2.061570   3.286375  -0.956343  -2.857850   1.505927
   77  H   2 ZZ   2.051959   2.565814  -0.506335  -1.725834   0.892713
   78  H   2 XY   0.194805   0.945562  -0.049569  -0.971509   0.358383
   79  H   2 XZ   0.291713   1.420658  -0.074750  -1.460621   0.536467
   80  H   2 YZ  -0.013628  -0.992774   0.620530   1.560559  -0.846490
   81  H   3  S   0.052873  -0.000303   0.006143   0.007155   0.125709
   82  H   3  S  -0.736593  -5.652648  -1.791845  -8.088100 -13.312156
   83  H   3  S -14.306202  13.189951   5.512500   6.546328  -4.343524
   84  H   3  X   0.016449  -0.032456  -0.019393   0.005964   0.019506
   85  H   3  Y   0.020278  -0.012143  -0.002747  -0.009649   0.018573
   86  H   3  Z   0.030495  -0.018279  -0.004130  -0.014507   0.027938
   87  H   3  X   0.701331  -0.522999   0.088934  -0.377464   0.316440
   88  H   3  Y   0.092502  -0.469379  -0.309243  -0.338417   0.708524
   89  H   3  Z   0.139595  -0.705635  -0.465197  -0.508772   1.064715
   90  H   3 XX   0.115334  -0.068751  -0.021390  -0.006545   0.108923
   91  H   3 YY   0.123602  -0.073025  -0.038294  -0.002431   0.107301
   92  H   3 ZZ   0.127815  -0.059935  -0.034458   0.009510   0.073674
   93  H   3 XY  -0.016689   0.014962  -0.000436   0.009966  -0.013339
   94  H   3 XZ  -0.025082   0.022491  -0.000640   0.014997  -0.020063
   95  H   3 YZ   0.005840   0.017998   0.005278   0.016442  -0.046334
   96  H   3  S  -0.229056   0.578351   0.379167   0.134348   0.181812
   97  H   3  X   2.450074  -1.716334   0.902768  -0.353275   0.104903
   98  H   3  Y   1.052823  -1.002657  -0.570843  -0.631735   0.935428
   99  H   3  Z   1.584330  -1.508007  -0.858514  -0.949235   1.405528
  100  H   3 XX   1.097577  -2.346858  -2.302011  -2.692424   0.056514
  101  H   3 YY   2.061511  -3.287092  -0.958786  -2.859484  -1.507077
  102  H   3 ZZ   2.051538  -2.566355  -0.507555  -1.725694  -0.891755
  103  H   3 XY  -0.193528   0.944766   0.050307   0.971749   0.356133
  104  H   3 XZ  -0.292105   1.421323   0.075408   1.460936   0.537760
  105  H   3 YZ  -0.013288   0.992542   0.620882   1.560475   0.845757
  106  CU  4  S  -0.056667  -0.000153   0.424969  -0.236790   0.000032
  107  CU  4  X   0.018827   0.000045  -0.135809   0.071859  -0.000015
  108  CU  4  Y   0.000003   0.020372   0.000013  -0.000006   0.084948
  109  CU  4  Z   0.000003   0.030629   0.000002   0.000032   0.127714
  110  CU  4 XX  -0.025177   0.000038  -0.118921   0.040522  -0.000005
  111  CU  4 YY   0.029420  -0.000002  -0.007211   0.020352  -0.000011
  112  CU  4 ZZ   0.012437   0.000015  -0.016854   0.023118   0.000004
  113  CU  4 XY   0.000004   0.020106   0.000009  -0.000004   0.028396
  114  CU  4 XZ  -0.000000   0.030228   0.000004   0.000011   0.042691
  115  CU  4 YZ  -0.023394   0.000002  -0.013282   0.003809  -0.000002
  116  CU  4 XX  -0.023757  -0.000081   0.243730  -0.092559   0.000006
  117  CU  4 YY  -0.048834  -0.000102   0.275500  -0.192391  -0.000007
  118  CU  4 ZZ  -0.046921  -0.000080   0.274572  -0.176672   0.000038
  119  CU  4 XY   0.000030   0.016867   0.000022   0.000028  -0.005639
  120  CU  4 XZ  -0.000016   0.025359  -0.000006  -0.000016  -0.008478
  121  CU  4 YZ   0.002634  -0.000005  -0.001278   0.021653  -0.000014
  122  CU  4  S   0.535608   0.001461  -4.087742   2.369921  -0.000314
  123  CU  4  X   0.357601  -0.000000   0.528150  -1.051518  -0.000067
  124  CU  4  Y  -0.000406  -0.227432  -0.000159  -0.000226   0.915198
  125  CU  4  Z   0.000292  -0.341929   0.000024   0.000382   1.375938
  126  CU  4  S  -0.246027   0.000707  -2.074872  -0.175616   0.000004
  127  CU  4  X  -0.228939   0.000181  -0.549676   0.054272   0.000019
  128  CU  4  Y   0.000073   0.186526  -0.000108  -0.000095  -0.261635
  129  CU  4  Z  -0.000069   0.280429   0.000137  -0.000019  -0.393351
  130  CU  4  S  -0.144541  -0.000198   0.626186  -0.405878   0.000013
  131  CU  4  X   0.044666   0.000132  -0.361107   0.172534  -0.000050
  132  CU  4  Y  -0.000030   0.034176   0.000011  -0.000053   0.290302
  133  CU  4  Z   0.000030   0.051382   0.000012   0.000132   0.436450
  134  CU  4 XX  -0.080145  -0.000674   2.346438  -1.833115   0.000082
  135  CU  4 YY  -0.467929  -0.000407   1.522545  -1.012127   0.000421
  136  CU  4 ZZ  -0.429294  -0.000673   1.548404  -1.192758  -0.000152
  137  CU  4 XY  -0.000348  -0.259477  -0.000189  -0.000200   0.461212
  138  CU  4 XZ   0.000240  -0.390107   0.000019   0.000246   0.693401
  139  CU  4 YZ   0.053221   0.000047   0.035620  -0.248810   0.000196
  140  CU   XXX  -0.002176  -0.000022   0.061058  -0.013217   0.000005
  141  CU   YYY   0.000004  -0.005014  -0.000001   0.000008  -0.042083
  142  CU   ZZZ  -0.000004  -0.007164  -0.000001  -0.000019  -0.063255
  143  CU   XXY   0.000004  -0.002002   0.000000   0.000006  -0.023500
  144  CU   XXZ  -0.000003  -0.003010  -0.000001  -0.000011  -0.035330
  145  CU   YYX  -0.002950  -0.000010   0.026179  -0.011392   0.000002
  146  CU   YYZ  -0.000002  -0.003106  -0.000001  -0.000009  -0.028285
  147  CU   ZZX  -0.002834  -0.000009   0.026585  -0.011013   0.000004
  148  CU   ZZY   0.000002  -0.001732  -0.000000   0.000004  -0.018801
  149  CU   XYZ   0.000160  -0.000000   0.000559   0.000522  -0.000001
  150  CU   XXX  -0.011863  -0.000160   0.446328  -0.107662   0.000042
  151  CU   YYY   0.000029  -0.031653  -0.000013   0.000051  -0.322778
  152  CU   ZZZ  -0.000027  -0.056285  -0.000012  -0.000145  -0.484883
  153  CU   XXY   0.000046  -0.006715   0.000021   0.000066  -0.157927
  154  CU   XXZ  -0.000034  -0.010096  -0.000016  -0.000097  -0.237432
  155  CU   YYX  -0.016286  -0.000092   0.211769  -0.064881  -0.000036
  156  CU   YYZ  -0.000014  -0.027454   0.000000  -0.000048  -0.216744
  157  CU   ZZX  -0.005977  -0.000055   0.207886  -0.031246   0.000067
  158  CU   ZZY   0.000013  -0.026022  -0.000010   0.000024  -0.143817
  159  CU   XYZ   0.014199  -0.000009  -0.005349   0.046331  -0.000032

                     66         67         68         69         70
                    1.1010     1.1373     1.2385     1.2647     1.2905
                     A          A          A          A          A   
    1  O   1  S   0.000000  -0.000008  -0.000045  -0.016019   0.000005
    2  O   1  S   0.000000  -0.000010  -0.000066  -0.049631   0.000021
    3  O   1  S   0.000000   0.000008  -0.000214   0.089329   0.000027
    4  O   1  S  -0.000001   0.001811  -0.000783   2.244913   0.000676
    5  O   1  X  -0.000000  -0.000003   0.000084  -0.034517   0.000001
    6  O   1  Y  -0.000008   0.034299   0.065880   0.000125  -0.020598
    7  O   1  Z   0.000027  -0.022814  -0.043820  -0.000086  -0.030968
    8  O   1  X   0.000000   0.000139   0.000098   0.218529  -0.000047
    9  O   1  Y   0.000010   0.185114   0.231970   0.000312  -0.590649
   10  O   1  Z   0.000002  -0.123128  -0.154293  -0.000301  -0.888001
   11  O   1  X  -0.000001   0.000869   0.009327  -4.948182   0.001140
   12  O   1  Y  -0.002392   1.581740   3.639807   0.005112   2.898400
   13  O   1  Z  -0.001618  -1.052083  -2.421000  -0.005744   4.357548
   14  O   1 XX   0.000000  -0.000000  -0.000087   0.044955  -0.000002
   15  O   1 YY  -0.027518  -0.000003  -0.000004   0.010408  -0.000009
   16  O   1 ZZ   0.027518   0.000011   0.000021  -0.003772   0.000016
   17  O   1 XY  -0.000001  -0.011827  -0.010724  -0.000014   0.004921
   18  O   1 XZ  -0.000005   0.007867   0.007133   0.000022   0.007398
   19  O   1 YZ  -0.013319  -0.000015   0.000006  -0.019531  -0.000005
   20  O   1 XX   0.000000   0.000062  -0.000350   0.278257   0.000038
   21  O   1 YY  -0.009358   0.000021  -0.000195   0.096939   0.000038
   22  O   1 ZZ   0.009359   0.000052  -0.000270   0.174879   0.000004
   23  O   1 XY  -0.000066  -0.001371  -0.035075  -0.000160  -0.050064
   24  O   1 XZ  -0.000167   0.000912   0.023330  -0.000035  -0.075268
   25  O   1 YZ  -0.004529   0.000068  -0.000049   0.107359  -0.000023
   26  O    XXX   0.000000   0.000007  -0.000081   0.055713   0.000003
   27  O    YYY   0.000017  -0.041450  -0.020532  -0.000060  -0.020016
   28  O    ZZZ  -0.000038   0.032865   0.016998   0.000027  -0.024469
   29  O    XXY  -0.000008   0.012849  -0.018644  -0.000052  -0.028078
   30  O    XXZ  -0.000014  -0.008546   0.012401   0.000024  -0.042213
   31  O    YYX  -0.017736   0.000002  -0.000046   0.018489  -0.000008
   32  O    YYZ  -0.000017   0.003837   0.000748   0.000008  -0.009467
   33  O    ZZX   0.017736   0.000009  -0.000020   0.015289   0.000006
   34  O    ZZY  -0.000017  -0.016448  -0.007864  -0.000030  -0.001278
   35  O    XYZ  -0.008584  -0.000004   0.000019  -0.004408  -0.000007
   36  O   1  S   0.000001  -0.002540   0.009564  -4.772026   0.000008
   37  O   1  X  -0.000000   0.000014   0.004442  -3.116718   0.000206
   38  O   1  Y   0.000185   0.237181   0.587586   0.001511  -0.334077
   39  O   1  Z   0.000363  -0.157760  -0.390830  -0.000834  -0.502262
   40  O   1 XX  -0.000000   0.000174   0.002861  -2.471044   0.000656
   41  O   1 YY   2.284704   0.000554  -0.001957   0.704703   0.000621
   42  O   1 ZZ  -2.284704  -0.000048  -0.004514   2.093239   0.000402
   43  O   1 XY  -0.000394   0.676928   2.008327   0.003267   1.950825
   44  O   1 XZ   0.000486  -0.450253  -1.335828  -0.003478   2.932933
   45  O   1 YZ   1.105764   0.001415  -0.002229   1.912641   0.000322
   46  O    XXX   0.000000   0.000124  -0.000675   0.388289  -0.000013
   47  O    YYY  -0.000019   0.077885  -0.019334  -0.000322  -0.704312
   48  O    ZZZ  -0.000134  -0.112875  -0.057598   0.000158  -1.202414
   49  O    XXY   0.000068  -0.179682   0.068095  -0.000022  -0.153712
   50  O    XXZ  -0.000131   0.119515  -0.045292  -0.000184  -0.231096
   51  O    YYX   0.236534   0.000129  -0.000238   0.330199   0.000108
   52  O    YYZ  -0.000036   0.074794   0.118775   0.000121  -0.575408
   53  O    ZZX  -0.236534   0.000065  -0.000530   0.453307  -0.000116
   54  O    ZZY   0.000143   0.010733  -0.036450  -0.000178  -0.510811
   55  O    XYZ   0.114479   0.000148  -0.000125   0.169576   0.000079
   56  H   2  S   0.000011  -0.000011   0.000057  -0.052520  -0.031542
   57  H   2  S  -0.003128  -0.001955   0.002968  -2.118793   3.557886
   58  H   2  S   0.004613   0.002292  -0.009467   5.600522  -1.083315
   59  H   2  X  -0.000033  -0.000003   0.000106  -0.044873  -0.005637
   60  H   2  Y  -0.054419   0.030485   0.067437  -0.036009  -0.000888
   61  H   2  Z   0.036165  -0.020305  -0.044761  -0.054369  -0.001318
   62  H   2  X   0.001172   0.000373  -0.003385   2.255857   1.275083
   63  H   2  Y   1.799233  -0.743320  -1.735043   0.469956   0.060392
   64  H   2  Z  -1.197332   0.494297   1.151971   0.713322   0.089799
   65  H   2 XX  -0.000015  -0.000011   0.000082  -0.072597  -0.063226
   66  H   2 YY   0.035228  -0.000263  -0.016522  -0.043849  -0.012114
   67  H   2 ZZ  -0.035260   0.000232   0.016588  -0.018410  -0.011286
   68  H   2 XY  -0.021920   0.013411   0.009139   0.022496   0.015044
   69  H   2 XZ   0.014627  -0.008905  -0.006103   0.033790   0.022604
   70  H   2 YZ   0.017017  -0.000133  -0.008086   0.034937   0.001198
   71  H   2  S  -0.000219  -0.000001  -0.000468   0.321976   0.064221
   72  H   2  X  -0.000143  -0.000409  -0.001548   1.009058   0.764266
   73  H   2  Y   0.969717  -0.398161  -0.988934   0.700261   0.157650
   74  H   2  Z  -0.643712   0.265416   0.655186   1.056235   0.236575
   75  H   2 XX  -0.001259  -0.000397   0.003383  -1.799907  -0.361427
   76  H   2 YY   0.643287  -0.391586  -0.916982  -0.497745   1.082379
   77  H   2 ZZ  -0.644444   0.390669   0.918019  -0.364585   0.902690
   78  H   2 XY  -0.832309   0.322704   0.361082   0.159958   0.399408
   79  H   2 XZ   0.553653  -0.214995  -0.240663   0.238617   0.600099
   80  H   2 YZ   0.311518  -0.189046  -0.444272   0.178988  -0.247611
   81  H   3  S  -0.000011  -0.000011   0.000056  -0.052527   0.031549
   82  H   3  S   0.003129  -0.001957   0.002969  -2.114821  -3.559392
   83  H   3  S  -0.004614   0.002290  -0.009468   5.599730   1.082902
   84  H   3  X   0.000033  -0.000003   0.000106  -0.044877   0.005638
   85  H   3  Y   0.054344   0.030542   0.067361   0.036201  -0.000873
   86  H   3  Z  -0.036178  -0.020287  -0.044899   0.054193  -0.001330
   87  H   3  X  -0.001172   0.000372  -0.003384   2.255415  -1.275538
   88  H   3  Y  -1.799092  -0.744394  -1.733959  -0.476650   0.059465
   89  H   3  Z   1.196074   0.495248   1.155416  -0.709835   0.090400
   90  H   3 XX   0.000015  -0.000011   0.000082  -0.072614   0.063247
   91  H   3 YY   0.035250   0.000266   0.016665  -0.043780   0.012154
   92  H   3 ZZ  -0.035217  -0.000296  -0.016599  -0.018435   0.011256
   93  H   3 XY   0.021964   0.013419   0.009184  -0.022452   0.015039
   94  H   3 XZ  -0.014562  -0.008941  -0.006084  -0.033786   0.022623
   95  H   3 YZ   0.017093   0.000123   0.007977   0.035015  -0.001180
   96  H   3  S   0.000219  -0.000000  -0.000468   0.322006  -0.064277
   97  H   3  X   0.000144  -0.000409  -0.001548   1.009243  -0.764340
   98  H   3  Y  -0.968183  -0.399341  -0.986985  -0.703421   0.157353
   99  H   3  Z   0.645272   0.265039   0.659086  -1.054105   0.237013
  100  H   3 XX   0.001259  -0.000396   0.003383  -1.799448   0.361187
  101  H   3 YY   0.643893   0.390927   0.918398  -0.494438  -1.082836
  102  H   3 ZZ  -0.642735  -0.391845  -0.917360  -0.366979  -0.902948
  103  H   3 XY   0.832096   0.323512   0.361716  -0.158157   0.399192
  104  H   3 XZ  -0.553417  -0.214831  -0.240103  -0.239648   0.600543
  105  H   3 YZ   0.311458   0.189680   0.444025   0.180002   0.247691
  106  CU  4  S  -0.000000  -0.000021   0.000109  -0.064004   0.000004
  107  CU  4  X   0.000000  -0.000018  -0.000327   0.133730  -0.000000
  108  CU  4  Y   0.000034   0.231566  -0.117597  -0.000248  -0.146552
  109  CU  4  Z   0.000161  -0.154025   0.078219   0.000157  -0.220331
  110  CU  4 XX   0.000000   0.000008   0.000032  -0.038256   0.000004
  111  CU  4 YY   0.006304  -0.000002  -0.000059   0.040750  -0.000009
  112  CU  4 ZZ  -0.006304   0.000003  -0.000045   0.035496   0.000002
  113  CU  4 XY   0.000005   0.001063   0.017707   0.000066   0.053624
  114  CU  4 XZ   0.000015  -0.000707  -0.011778  -0.000035   0.080620
  115  CU  4 YZ   0.003051   0.000012   0.000027  -0.007237   0.000000
  116  CU  4 XX  -0.000000  -0.000003   0.000050   0.012792  -0.000010
  117  CU  4 YY   0.011319  -0.000008   0.000308  -0.146385  -0.000002
  118  CU  4 ZZ  -0.011319  -0.000010   0.000299  -0.138797   0.000003
  119  CU  4 XY  -0.000016  -0.004755  -0.018450  -0.000054  -0.040484
  120  CU  4 XZ  -0.000036   0.003163   0.012272   0.000031  -0.060865
  121  CU  4 YZ   0.005478   0.000006  -0.000015   0.010451  -0.000004
  122  CU  4  S   0.000000   0.000210  -0.001847   0.954800  -0.000048
  123  CU  4  X  -0.000000  -0.000193   0.001782  -0.831417  -0.000045
  124  CU  4  Y   0.000357   0.867362  -0.036412  -0.000237  -0.263878
  125  CU  4  Z   0.001055  -0.576921   0.024220  -0.000008  -0.396723
  126  CU  4  S  -0.000000   0.000231   0.001275  -1.296072   0.000156
  127  CU  4  X  -0.000000   0.000151   0.000132  -0.298482   0.000060
  128  CU  4  Y  -0.000152  -0.378007   0.022891  -0.000083   0.179602
  129  CU  4  Z  -0.000400   0.251429  -0.015226   0.000022   0.270020
  130  CU  4  S  -0.000000  -0.000006   0.000400  -0.157040  -0.000027
  131  CU  4  X   0.000000  -0.000078  -0.000658   0.238955   0.000012
  132  CU  4  Y   0.000168   0.940075  -0.476231  -0.000997  -0.580236
  133  CU  4  Z   0.000704  -0.625286   0.316763   0.000629  -0.872345
  134  CU  4 XX  -0.000000  -0.000167   0.002730  -1.290323  -0.000018
  135  CU  4 YY  -0.157725  -0.000034   0.000957  -0.446428   0.000063
  136  CU  4 ZZ   0.157725  -0.000051   0.000973  -0.504235  -0.000070
  137  CU  4 XY   0.000194   0.131448   0.273987   0.000458   0.155731
  138  CU  4 XZ   0.000442  -0.087431  -0.182241  -0.000392   0.234131
  139  CU  4 YZ  -0.076337  -0.000146   0.000006  -0.079626   0.000044
  140  CU   XXX  -0.000000   0.000013   0.000104  -0.033522  -0.000003
  141  CU   YYY  -0.000026  -0.145982   0.076057   0.000160   0.093683
  142  CU   ZZZ  -0.000108   0.097069  -0.050748  -0.000102   0.140893
  143  CU   XXY  -0.000012  -0.066209   0.031050   0.000066   0.039568
  144  CU   XXZ  -0.000051   0.044038  -0.020653  -0.000041   0.059488
  145  CU   YYX  -0.000202   0.000006   0.000051  -0.018701  -0.000000
  146  CU   YYZ  -0.000049   0.043473  -0.022370  -0.000045   0.063022
  147  CU   ZZX   0.000202   0.000006   0.000051  -0.018402  -0.000001
  148  CU   ZZY  -0.000012  -0.065297   0.033951   0.000072   0.041960
  149  CU   XYZ  -0.000098  -0.000000  -0.000001   0.000412   0.000000
  150  CU   XXX  -0.000000   0.000108   0.000692  -0.188525  -0.000026
  151  CU   YYY  -0.000177  -1.100488   0.585951   0.001246   0.737058
  152  CU   ZZZ  -0.000796   0.734800  -0.384689  -0.000783   1.110058
  153  CU   XXY  -0.000121  -0.523318   0.228046   0.000472   0.277221
  154  CU   XXZ  -0.000443   0.348082  -0.151684  -0.000302   0.416782
  155  CU   YYX   0.049149   0.000043   0.000446  -0.179701  -0.000037
  156  CU   YYZ  -0.000348   0.322834  -0.182405  -0.000356   0.496942
  157  CU   ZZX  -0.049149   0.000042   0.000438  -0.158285   0.000019
  158  CU   ZZY  -0.000086  -0.491042   0.264040   0.000563   0.332271
  159  CU   XYZ   0.023787   0.000039  -0.000001   0.029499  -0.000017

                     71         72         73         74         75
                    1.3420     1.3532     1.4483     1.5645     1.6084
                     A          A          A          A          A   
    1  O   1  S  -0.000126  -0.127696   0.000033   0.054567   0.000303
    2  O   1  S  -0.000223  -0.220680   0.000096   0.150486   0.000797
    3  O   1  S  -0.000127  -0.104563   0.000153  -0.147933   0.001151
    4  O   1  S   0.022940  21.629678  -0.009429  12.622091  -0.025263
    5  O   1  X   0.000033   0.034188   0.000005  -0.016353  -0.000256
    6  O   1  Y   0.025229  -0.000051   0.000563   0.000152   0.125558
    7  O   1  Z   0.037930  -0.000028   0.000846  -0.000119  -0.083514
    8  O   1  X   0.001875   2.004077  -0.000847   1.723096  -0.002957
    9  O   1  Y  -0.004772  -0.000624  -1.451553   0.000167   0.202110
   10  O   1  Z  -0.007173   0.000597  -2.182312   0.000074  -0.134433
   11  O   1  X   0.005341   4.681490  -0.001125  -2.507603  -0.001107
   12  O   1  Y   7.314835  -0.010608  -5.951315   0.002392   1.759437
   13  O   1  Z  10.997368  -0.010198  -8.947404  -0.001824  -1.170279
   14  O   1 XX  -0.000007  -0.010246   0.000013  -0.008740   0.000067
   15  O   1 YY   0.000027   0.036871  -0.000011  -0.043542   0.000103
   16  O   1 ZZ  -0.000010  -0.006402   0.000032  -0.058087   0.000119
   17  O   1 XY   0.000483   0.000034   0.044855   0.000013   0.000596
   18  O   1 XZ   0.000726   0.000004   0.067437  -0.000002  -0.000397
   19  O   1 YZ  -0.000065  -0.059607   0.000000  -0.020035   0.000029
   20  O   1 XX   0.000266   0.289893   0.000062  -0.604862   0.001186
   21  O   1 YY  -0.000069   0.043423   0.000501   0.027360   0.000987
   22  O   1 ZZ   0.000539   0.477613  -0.000299   0.172102   0.000676
   23  O   1 XY   0.094997  -0.000205  -0.528797   0.000241   0.328692
   24  O   1 XZ   0.142822  -0.000096  -0.795011  -0.000146  -0.218628
   25  O   1 YZ   0.000602   0.598076  -0.000027   0.199375  -0.000404
   26  O    XXX   0.000106   0.104837  -0.000037   0.015210   0.000152
   27  O    YYY  -0.005336  -0.000049  -0.096087  -0.000292  -0.250536
   28  O    ZZZ  -0.009091   0.000047  -0.158739   0.000201   0.160083
   29  O    XXY   0.009723  -0.000026  -0.035020  -0.000122  -0.060039
   30  O    XXZ   0.014619   0.000006  -0.052650   0.000077   0.039934
   31  O    YYX   0.000012   0.032123   0.000008   0.076387  -0.000032
   32  O    YYZ  -0.004346  -0.000008  -0.074738   0.000097   0.085047
   33  O    ZZX   0.000085   0.061227  -0.000046   0.071435  -0.000083
   34  O    ZZY  -0.003844  -0.000009  -0.062454  -0.000133  -0.114632
   35  O    XYZ   0.000034   0.040089  -0.000000  -0.006821  -0.000055
   36  O   1  S   0.005953   6.305380   0.000105   4.405145  -0.014360
   37  O   1  X  -0.001718  -1.496057   0.000881  -2.677618   0.004854
   38  O   1  Y   1.147639  -0.001320   1.872188  -0.000278  -0.485632
   39  O   1  Z   1.725399  -0.001140   2.814709   0.000214   0.323016
   40  O   1 XX  -0.000484  -0.432119   0.000883   4.697909  -0.003158
   41  O   1 YY  -0.001428  -1.088282   0.001917  -1.392898   0.003851
   42  O   1 ZZ   0.001369   0.397926  -0.000870  -0.477474   0.002966
   43  O   1 XY   2.406103  -0.005259  -4.578726  -0.000902  -1.392612
   44  O   1 XZ   3.617419  -0.003045  -6.883808   0.000807   0.926288
   45  O   1 YZ   0.001929   2.047180  -0.000288   1.260952  -0.001356
   46  O    XXX   0.001240   1.445389  -0.000724   3.232716  -0.002130
   47  O    YYY  -0.211051  -0.000582  -1.335246  -0.002204  -1.650384
   48  O    ZZZ  -0.203756   0.000926  -2.376313   0.001823   1.210690
   49  O    XXY  -0.129629  -0.000470  -1.212960  -0.001096  -1.211813
   50  O    XXZ  -0.194887   0.000293  -1.823604   0.000949   0.806030
   51  O    YYX   0.001150   1.075910  -0.000242   0.665141  -0.000117
   52  O    YYZ  -0.061320   0.000007  -1.159536   0.000484   0.309746
   53  O    ZZX   0.001240   1.461762  -0.000621   0.908746  -0.000179
   54  O    ZZY   0.060537  -0.000428  -1.100423  -0.000957  -0.693504
   55  O    XYZ   0.000600   0.531492  -0.000039   0.335554  -0.000354
   56  H   2  S  -0.094024  -0.088808  -0.124384  -0.039175   0.000084
   57  H   2  S   8.141618 -10.841065 -18.533304  -6.162300   0.008072
   58  H   2  S   1.658344  -1.744200   9.102151   0.244995   0.002379
   59  H   2  X   0.052786   0.066448   0.007490   0.022021  -0.000042
   60  H   2  Y   0.023659  -0.026716  -0.045532   0.011003  -0.002173
   61  H   2  Z   0.035611  -0.040051  -0.068444   0.016536   0.001404
   62  H   2  X  -2.224980   2.786855   3.138266   0.538432  -0.001474
   63  H   2  Y  -0.187678  -2.483384  -2.652583  -1.647560   0.747362
   64  H   2  Z  -0.284604  -3.733651  -3.983999  -2.475859  -0.491222
   65  H   2 XX  -0.034165  -0.091700  -0.051968  -0.019966   0.000111
   66  H   2 YY  -0.081342  -0.017703  -0.066739  -0.017254   0.042303
   67  H   2 ZZ  -0.054196  -0.108048  -0.152296  -0.081162  -0.042083
   68  H   2 XY  -0.011617   0.098298   0.083571   0.015349  -0.010345
   69  H   2 XZ  -0.017400   0.147674   0.125584   0.023054   0.006639
   70  H   2 YZ   0.037470  -0.124572  -0.118094  -0.087984   0.020625
   71  H   2  S   0.452080   0.009429   0.407126   0.138136  -0.000234
   72  H   2  X  -1.524877   1.051051  -1.047887   0.884029  -0.001954
   73  H   2  Y  -0.708217  -0.395200  -0.041403  -0.099582   0.169982
   74  H   2  Z  -1.066336  -0.594742  -0.062476  -0.149211  -0.111652
   75  H   2 XX   1.072196  -0.519821  -2.024802  -1.168219   0.001486
   76  H   2 YY   0.472386  -0.688842  -2.859438  -0.298337   0.337048
   77  H   2 ZZ  -0.664164  -0.978789  -2.751823  -0.608732  -0.335270
   78  H   2 XY  -0.311118   0.320235   0.351271  -0.023661   0.117405
   79  H   2 XZ  -0.467573   0.481208   0.528355  -0.035873  -0.078720
   80  H   2 YZ  -1.564711  -0.398303   0.147409  -0.428159   0.163591
   81  H   3  S   0.093841  -0.088975   0.124444  -0.039153   0.000084
   82  H   3  S  -8.165226 -10.822685  18.543244  -6.163416   0.008076
   83  H   3  S  -1.661046  -1.742965  -9.105198   0.244839   0.002379
   84  H   3  X  -0.052633   0.066590  -0.007521   0.022032  -0.000042
   85  H   3  Y   0.023766   0.026569  -0.045560  -0.010986  -0.002120
   86  H   3  Z   0.035690   0.040059  -0.068507  -0.016523   0.001451
   87  H   3  X   2.230680   2.782048  -3.140048   0.538228  -0.001475
   88  H   3  Y  -0.185219   2.483346  -2.650308   1.646541   0.742074
   89  H   3  Z  -0.276021   3.733487  -3.988543   2.476602  -0.499470
   90  H   3 XX   0.033960  -0.091754   0.052002  -0.019955   0.000111
   91  H   3 YY   0.081358  -0.017751   0.066599  -0.017266  -0.042225
   92  H   3 ZZ   0.053945  -0.108182   0.152506  -0.081122   0.042446
   93  H   3 XY  -0.011763  -0.098168   0.083563  -0.015317  -0.010127
   94  H   3 XZ  -0.017750  -0.147699   0.125691  -0.023050   0.006978
   95  H   3 YZ  -0.037683  -0.124440   0.118089  -0.088003  -0.020285
   96  H   3  S  -0.452019   0.010375  -0.407347   0.138235  -0.000234
   97  H   3  X   1.527129   1.048358   1.047705   0.884163  -0.001954
   98  H   3  Y  -0.709057   0.396891  -0.041401   0.098936   0.168668
   99  H   3  Z  -1.064441   0.596109  -0.062014   0.149247  -0.113600
  100  H   3 XX  -1.073608  -0.517079   2.025561  -1.168191   0.001486
  101  H   3 YY  -0.473668  -0.687684   2.859639  -0.297707  -0.335790
  102  H   3 ZZ   0.661461  -0.978476   2.753089  -0.608748   0.337568
  103  H   3 XY  -0.311573  -0.319303   0.351603   0.023967   0.118075
  104  H   3 XZ  -0.468601  -0.480294   0.528370   0.035732  -0.077909
  105  H   3 YZ   1.564411  -0.401638  -0.147591  -0.427839  -0.162053
  106  CU  4  S  -0.000060  -0.064652   0.000005   0.164569  -0.000341
  107  CU  4  X  -0.000088  -0.105270   0.000002   0.109415  -0.000336
  108  CU  4  Y  -0.042056   0.000053   0.017764  -0.000045  -0.039372
  109  CU  4  Z  -0.063229   0.000053   0.026707   0.000039   0.026188
  110  CU  4 XX  -0.000016   0.003147  -0.000004   0.152883   0.000191
  111  CU  4 YY   0.000015  -0.000632   0.000042  -0.101724  -0.000051
  112  CU  4 ZZ   0.000012   0.008081  -0.000039  -0.113046  -0.000039
  113  CU  4 XY   0.007774   0.000014   0.023774   0.000140   0.098245
  114  CU  4 XZ   0.011688  -0.000021   0.035743  -0.000085  -0.065347
  115  CU  4 YZ   0.000017   0.012001   0.000021  -0.015596   0.000024
  116  CU  4 XX   0.000020  -0.006739   0.000019  -0.513102   0.000132
  117  CU  4 YY  -0.000024  -0.011097  -0.000006  -0.180189   0.000335
  118  CU  4 ZZ  -0.000002  -0.011834   0.000034  -0.173659   0.000328
  119  CU  4 XY   0.002833  -0.000021  -0.041699  -0.000146  -0.115293
  120  CU  4 XZ   0.004259  -0.000002  -0.062692   0.000086   0.076687
  121  CU  4 YZ  -0.000007  -0.001015  -0.000014   0.008994  -0.000015
  122  CU  4  S   0.000436   0.473148  -0.000074  -0.929166   0.002329
  123  CU  4  X  -0.000452  -0.575600   0.000215  -3.511938   0.003213
  124  CU  4  Y  -0.027962  -0.000518  -0.556180  -0.000987  -0.530904
  125  CU  4  Z  -0.042039   0.000214  -0.836180   0.000488   0.353128
  126  CU  4  S  -0.001872  -1.795444   0.000717  -1.976403   0.005039
  127  CU  4  X  -0.000695  -0.647228   0.000246  -0.368716   0.001966
  128  CU  4  Y  -0.025301   0.000021  -0.118223   0.000124   0.217398
  129  CU  4  Z  -0.038038  -0.000031  -0.177740  -0.000132  -0.144601
  130  CU  4  S  -0.000098  -0.133869   0.000059  -1.006392   0.000887
  131  CU  4  X  -0.000268  -0.331270   0.000035   0.285608  -0.000940
  132  CU  4  Y  -0.202838   0.000284   0.130615  -0.000099  -0.068744
  133  CU  4  Z  -0.304953   0.000261   0.196371   0.000095   0.045724
  134  CU  4 XX  -0.000356  -0.408852   0.000203  -2.457236   0.002437
  135  CU  4 YY  -0.000230  -0.352507  -0.000140  -0.806051   0.000301
  136  CU  4 ZZ  -0.000456  -0.445078   0.000297  -0.802092   0.000321
  137  CU  4 XY   0.093215  -0.000534  -0.389820  -0.000565  -0.274618
  138  CU  4 XZ   0.140143   0.000043  -0.586068   0.000270   0.182661
  139  CU  4 YZ  -0.000090  -0.127512  -0.000105   0.005453  -0.000022
  140  CU   XXX   0.000053   0.061409  -0.000004  -0.079573   0.000175
  141  CU   YYY   0.032903  -0.000046  -0.022142   0.000018   0.013219
  142  CU   ZZZ   0.049815  -0.000042  -0.033292  -0.000017  -0.008902
  143  CU   XXY   0.013101  -0.000015  -0.007110   0.000009   0.007430
  144  CU   XXZ   0.019697  -0.000018  -0.010689  -0.000009  -0.004942
  145  CU   YYX   0.000022   0.026672  -0.000002  -0.028914   0.000087
  146  CU   YYZ   0.022369  -0.000019  -0.014889  -0.000008  -0.003757
  147  CU   ZZX   0.000022   0.026974  -0.000002  -0.028246   0.000086
  148  CU   ZZY   0.015189  -0.000021  -0.009906   0.000008   0.005869
  149  CU   XYZ   0.000000   0.000417   0.000000   0.000920  -0.000001
  150  CU   XXX   0.000446   0.504945  -0.000036  -0.797445   0.001427
  151  CU   YYY   0.251706  -0.000346  -0.139138   0.000201   0.179234
  152  CU   ZZZ   0.364872  -0.000311  -0.214026  -0.000180  -0.112817
  153  CU   XXY   0.127896  -0.000156  -0.116160  -0.000041  -0.077077
  154  CU   XXZ   0.192284  -0.000187  -0.174639  -0.000000   0.051268
  155  CU   YYX   0.000113   0.193519   0.000047  -0.174673   0.000697
  156  CU   YYZ   0.159619  -0.000125  -0.096986  -0.000076  -0.063581
  157  CU   ZZX   0.000225   0.221804  -0.000077  -0.189823   0.000722
  158  CU   ZZY   0.094078  -0.000137  -0.068830   0.000086   0.082681
  159  CU   XYZ   0.000019   0.038962   0.000013  -0.020868   0.000046

                     76         77         78         79         80
                    1.6117     1.7595     1.7786     1.7925     1.8309
                     A          A          A          A          A   
    1  O   1  S  -0.202557   0.000028   0.000000   0.000094  -0.000104
    2  O   1  S  -0.538227   0.000062   0.000001   0.000253  -0.000250
    3  O   1  S  -0.490420   0.000249   0.000001   0.000266  -0.000397
    4  O   1  S   7.037851  -0.008823  -0.000011  -0.002289   0.004720
    5  O   1  X   0.206692  -0.000022   0.000000   0.000015   0.000059
    6  O   1  Y   0.000179   0.090261  -0.000385  -0.120899   0.006548
    7  O   1  Z  -0.000114  -0.060036  -0.000610  -0.181763  -0.004355
    8  O   1  X   0.619594  -0.000636  -0.000001  -0.000290   0.000148
    9  O   1  Y   0.000295   0.127045  -0.001099  -0.273156   0.027585
   10  O   1  Z   0.000181  -0.084503  -0.001710  -0.410671  -0.018348
   11  O   1  X   4.719879  -0.001604   0.000003   0.000807   0.002833
   12  O   1  Y   0.002729   2.161277  -0.006412  -1.668034   0.351865
   13  O   1  Z  -0.001413  -1.437561  -0.010199  -2.507777  -0.234040
   14  O   1 XX  -0.022886   0.000027   0.000000   0.000015  -0.000034
   15  O   1 YY  -0.021778   0.000031  -0.012207   0.000064  -0.000033
   16  O   1 ZZ  -0.020742   0.000029   0.012207  -0.000030  -0.000027
   17  O   1 XY   0.000003   0.004432  -0.000018  -0.007880  -0.008441
   18  O   1 XZ   0.000003  -0.002948  -0.000031  -0.011847   0.005615
   19  O   1 YZ   0.001426   0.000003  -0.005908   0.000022   0.000004
   20  O   1 XX  -0.139839   0.000319   0.000002   0.000374  -0.001098
   21  O   1 YY  -0.523039   0.000382  -0.561591   0.002133  -0.000029
   22  O   1 ZZ  -0.384483   0.000017   0.561592  -0.001869  -0.000119
   23  O   1 XY   0.000548  -0.329275  -0.000146  -0.040188  -0.669510
   24  O   1 XZ  -0.000141   0.219015  -0.000535  -0.060418   0.445321
   25  O   1 YZ   0.190854  -0.000202  -0.271803   0.000935  -0.000194
   26  O    XXX  -0.144407   0.000010  -0.000000  -0.000009  -0.000139
   27  O    YYY  -0.000350  -0.087817   0.000447   0.128555  -0.065831
   28  O    ZZZ   0.000249   0.077890   0.000608   0.175069   0.092578
   29  O    XXY  -0.000102  -0.144620  -0.000008   0.016909   0.032954
   30  O    XXZ   0.000093   0.096193   0.000028   0.025421  -0.021919
   31  O    YYX  -0.038335  -0.000014  -0.073192   0.000250  -0.000046
   32  O    YYZ   0.000121  -0.005124   0.000249   0.073515  -0.058685
   33  O    ZZX  -0.010964  -0.000054   0.073192  -0.000292  -0.000033
   34  O    ZZY  -0.000140  -0.031586   0.000071   0.032652  -0.010187
   35  O    XYZ   0.037702  -0.000039  -0.035424   0.000116  -0.000012
   36  O   1  S   2.874478  -0.002289  -0.000006  -0.001368   0.002801
   37  O   1  X   0.187732   0.002089   0.000003   0.000582  -0.001815
   38  O   1  Y  -0.000700   0.279221  -0.000775  -0.218717   0.202164
   39  O   1  Z   0.000255  -0.185722  -0.001062  -0.328826  -0.134468
   40  O   1 XX  -0.291622  -0.001963   0.000001   0.000413   0.000142
   41  O   1 YY  -1.213872   0.000329   0.924266  -0.002431  -0.000561
   42  O   1 ZZ  -1.287310  -0.000056  -0.924260   0.004098  -0.000266
   43  O   1 XY  -0.001873   0.927444   0.003748   1.209444   0.464634
   44  O   1 XZ   0.001559  -0.616886   0.005856   1.818315  -0.309050
   45  O   1 YZ  -0.101158  -0.000906   0.447330  -0.001705   0.000960
   46  O    XXX  -1.154098  -0.000981  -0.000002  -0.000393  -0.000993
   47  O    YYY  -0.002459  -1.440588   0.001625   0.801460   0.183840
   48  O    ZZZ   0.002020   0.759893   0.003702   1.340090  -0.658291
   49  O    XXY  -0.001548   0.357212   0.003264   0.875126  -0.538236
   50  O    XXZ   0.001136  -0.237599   0.004863   1.315694   0.358005
   51  O    YYX  -0.647972  -0.000187   0.865182  -0.003296  -0.000592
   52  O    YYZ   0.000472   0.746624   0.001904   0.634780   0.805135
   53  O    ZZX  -0.678460   0.000081  -0.865183   0.003031  -0.000710
   54  O    ZZY  -0.001031  -0.722504   0.001750   0.542825  -0.129300
   55  O    XYZ  -0.041997   0.000204   0.418736  -0.001586   0.000258
   56  H   2  S  -0.015750   0.000039  -0.000759  -0.203142  -0.000023
   57  H   2  S  -2.114510   0.004793   0.002678   1.491328  -0.001831
   58  H   2  S  -0.631164  -0.001322  -0.010561  -3.436661   0.000566
   59  H   2  X   0.015365   0.000015  -0.000051  -0.023712  -0.000043
   60  H   2  Y   0.007847  -0.019192   0.055786   0.048453  -0.034698
   61  H   2  Z   0.011787   0.012744  -0.036761   0.073231   0.023084
   62  H   2  X   0.301770  -0.000447   0.004149   0.931013   0.000422
   63  H   2  Y  -0.815870  -0.321318   0.403678  -0.462334  -0.076085
   64  H   2  Z  -1.228179   0.215967  -0.272321  -0.692215   0.050079
   65  H   2 XX  -0.040157   0.000010  -0.000521  -0.127057  -0.000010
   66  H   2 YY  -0.006528  -0.024495   0.068500  -0.066317  -0.047254
   67  H   2 ZZ  -0.058594   0.024589  -0.068965  -0.068817   0.047188
   68  H   2 XY   0.052553   0.000678  -0.061295   0.035181   0.007461
   69  H   2 XZ   0.078998  -0.000493   0.041089   0.052382  -0.004935
   70  H   2 YZ  -0.071605  -0.011775   0.033218  -0.004221  -0.022903
   71  H   2  S  -0.044390  -0.000142  -0.002379  -0.669860   0.000147
   72  H   2  X  -0.166244  -0.000638   0.004013   1.128911   0.000552
   73  H   2  Y  -0.268655  -0.412508   0.241142  -0.967378  -0.218122
   74  H   2  Z  -0.403971   0.274429  -0.167159  -1.452122   0.145068
   75  H   2 XX  -0.199380   0.001236  -0.003142  -0.804605  -0.000895
   76  H   2 YY  -0.296591  -0.144058  -0.092355  -0.417980   0.184265
   77  H   2 ZZ  -0.452034   0.145505   0.087518  -0.849826  -0.185068
   78  H   2 XY   0.075897  -0.218245   0.086532   0.214513   0.108399
   79  H   2 XZ   0.113829   0.145350  -0.055860   0.322795  -0.072011
   80  H   2 YZ  -0.213295  -0.069893  -0.045658  -0.594028   0.089432
   81  H   3  S  -0.015719   0.000039   0.000758   0.203026  -0.000023
   82  H   3  S  -2.116725   0.004796  -0.002671  -1.490098  -0.001831
   83  H   3  S  -0.631042  -0.001324   0.010561   3.436828   0.000563
   84  H   3  X   0.015416   0.000015   0.000050   0.023667  -0.000043
   85  H   3  Y  -0.007802  -0.019162  -0.055480   0.048780  -0.034720
   86  H   3  Z  -0.011739   0.012766   0.037247   0.072952   0.023089
   87  H   3  X   0.302047  -0.000446  -0.004151  -0.931553   0.000423
   88  H   3  Y   0.817809  -0.323348  -0.407208  -0.460135  -0.075788
   89  H   3  Z   1.227946   0.212830   0.267030  -0.694655   0.050939
   90  H   3 XX  -0.040148   0.000010   0.000521   0.127053  -0.000010
   91  H   3 YY  -0.006582   0.024516   0.068923   0.065787   0.047220
   92  H   3 ZZ  -0.058557  -0.024422  -0.068457   0.069317  -0.047287
   93  H   3 XY  -0.052591   0.000692   0.061582   0.034775   0.007455
   94  H   3 XZ  -0.079080  -0.000418  -0.040642   0.052791  -0.004987
   95  H   3 YZ  -0.071705   0.011946   0.033293   0.004084   0.022821
   96  H   3  S  -0.044309  -0.000142   0.002378   0.669707   0.000147
   97  H   3  X  -0.166477  -0.000637  -0.004013  -1.128961   0.000553
   98  H   3  Y   0.268824  -0.412519  -0.247328  -0.965116  -0.218186
   99  H   3  Z   0.404092   0.274335   0.157745  -1.453252   0.145142
  100  H   3 XX  -0.199313   0.001235   0.003143   0.804489  -0.000895
  101  H   3 YY  -0.297201   0.145410  -0.088891   0.418134  -0.185157
  102  H   3 ZZ  -0.451699  -0.143964   0.093728   0.849035   0.184353
  103  H   3 XY  -0.075639  -0.218461  -0.085050   0.214779   0.108337
  104  H   3 XZ  -0.113997   0.145122   0.058267   0.322616  -0.072150
  105  H   3 YZ  -0.213633   0.070206  -0.042062   0.594363  -0.089363
  106  CU  4  S   0.124500  -0.000047  -0.000000  -0.000010   0.000015
  107  CU  4  X   0.174241  -0.000043  -0.000000   0.000000  -0.000035
  108  CU  4  Y  -0.000031   0.035756   0.000059   0.006807  -0.023312
  109  CU  4  Z   0.000026  -0.023783   0.000073   0.010234   0.015506
  110  CU  4 XX  -0.277213  -0.000019   0.000000   0.000007  -0.000000
  111  CU  4 YY   0.124973  -0.000003   0.032981  -0.000146   0.000007
  112  CU  4 ZZ   0.128537   0.000036  -0.032981   0.000144  -0.000021
  113  CU  4 XY   0.000087  -0.109702  -0.000251  -0.042734   0.081248
  114  CU  4 XZ  -0.000077   0.072968  -0.000329  -0.064248  -0.054042
  115  CU  4 YZ   0.004909   0.000028   0.015962  -0.000077  -0.000009
  116  CU  4 XX   0.379619   0.000151   0.000000   0.000018  -0.000034
  117  CU  4 YY  -0.073139   0.000133  -0.043497   0.000198   0.000012
  118  CU  4 ZZ  -0.075554   0.000084   0.043497  -0.000171   0.000046
  119  CU  4 XY  -0.000106   0.137176   0.000329   0.060758  -0.092074
  120  CU  4 XZ   0.000092  -0.091242   0.000437   0.091346   0.061243
  121  CU  4 YZ  -0.003327  -0.000036  -0.021052   0.000098   0.000007
  122  CU  4  S  -1.077241   0.000140   0.000000   0.000073  -0.000235
  123  CU  4  X   0.978276   0.001313   0.000001   0.000214  -0.000121
  124  CU  4  Y  -0.000670   0.099809   0.000976   0.274267   0.085113
  125  CU  4  Z   0.000521  -0.066387   0.001539   0.412341  -0.056613
  126  CU  4  S  -0.609338   0.001635   0.000003   0.000644  -0.001667
  127  CU  4  X  -0.619188   0.000493   0.000001   0.000252  -0.000673
  128  CU  4  Y   0.000256  -0.102191  -0.000486  -0.126799  -0.015386
  129  CU  4  Z  -0.000183   0.067972  -0.000741  -0.190634   0.010234
  130  CU  4  S   0.310642   0.000390   0.000000   0.000056  -0.000045
  131  CU  4  X   0.515907  -0.000055  -0.000000  -0.000025   0.000072
  132  CU  4  Y  -0.000021   0.075517   0.000090  -0.005370  -0.092923
  133  CU  4  Z   0.000029  -0.050230   0.000077  -0.008073   0.061807
  134  CU  4 XX   0.614269   0.001004   0.000001   0.000142  -0.000029
  135  CU  4 YY   0.677919   0.000392   0.000739   0.000098  -0.000048
  136  CU  4 ZZ   0.672663   0.000427  -0.000738   0.000036  -0.000086
  137  CU  4 XY  -0.000428  -0.080039   0.000410   0.155322   0.183948
  138  CU  4 XZ   0.000304   0.053238   0.000749   0.233516  -0.122352
  139  CU  4 YZ  -0.007239   0.000051   0.000358   0.000039  -0.000015
  140  CU   XXX  -0.075422   0.000018   0.000000   0.000003   0.000002
  141  CU   YYY   0.000005  -0.015765  -0.000019   0.000458   0.018408
  142  CU   ZZZ  -0.000006   0.010602  -0.000019   0.000612  -0.012063
  143  CU   XXY   0.000007  -0.003018  -0.000004   0.000272   0.000889
  144  CU   XXZ  -0.000005   0.002008  -0.000004   0.000408  -0.000591
  145  CU   YYX  -0.044962   0.000007   0.001271  -0.000002  -0.000004
  146  CU   YYZ  -0.000003   0.004503  -0.000008   0.000254  -0.005766
  147  CU   ZZX  -0.044920   0.000007  -0.001271   0.000007  -0.000003
  148  CU   ZZY   0.000002  -0.007004  -0.000010   0.000100   0.008304
  149  CU   XYZ   0.000058   0.000000   0.000615  -0.000002   0.000001
  150  CU   XXX  -0.478518   0.000148   0.000000   0.000028  -0.000104
  151  CU   YYY   0.000111  -0.241099  -0.000451  -0.048655   0.200021
  152  CU   ZZZ  -0.000089   0.148127  -0.000458  -0.061401  -0.151124
  153  CU   XXY  -0.000071   0.190836   0.000408   0.083822  -0.087909
  154  CU   XXZ   0.000055  -0.126934   0.000530   0.126020   0.058472
  155  CU   YYX  -0.417250   0.000140  -0.116966   0.000449   0.000012
  156  CU   YYZ  -0.000060   0.091350  -0.000193  -0.024376  -0.030493
  157  CU   ZZX  -0.418958   0.000015   0.116966  -0.000416   0.000088
  158  CU   ZZY   0.000054  -0.112652  -0.000096  -0.005729   0.082317
  159  CU   XYZ  -0.002352  -0.000108  -0.056610   0.000215  -0.000025

                     81         82         83         84         85
                    2.0265     2.0961     2.1408     2.1687     2.2195
                     A          A          A          A          A   
    1  O   1  S  -0.539550   0.264573  -0.000333   0.325850   0.000035
    2  O   1  S  -1.446680   0.685063  -0.000872   0.870837   0.000089
    3  O   1  S  -0.691885   0.685771  -0.000562   0.688848   0.000068
    4  O   1  S   1.223289   2.649035  -0.004040   4.374082   0.003658
    5  O   1  X  -0.078110  -0.033894  -0.000015   0.075384   0.000006
    6  O   1  Y  -0.000010  -0.000026  -0.042989  -0.000048   0.036094
    7  O   1  Z  -0.000037  -0.000001  -0.064630   0.000007   0.054265
    8  O   1  X   0.155046   0.600029  -0.000409  -0.806234  -0.000026
    9  O   1  Y   0.000200  -0.000257  -0.041968   0.000115  -0.528337
   10  O   1  Z   0.000340  -0.000327  -0.063096  -0.000275  -0.794320
   11  O   1  X  -0.180553   1.811816  -0.002574   9.532583   0.002514
   12  O   1  Y  -0.000285  -0.001098  -1.608825  -0.003625   9.490172
   13  O   1  Z  -0.000054  -0.000311  -2.418762  -0.000282  14.267838
   14  O   1 XX   0.016108   0.038029  -0.000000   0.010875  -0.000001
   15  O   1 YY   0.021345   0.036421  -0.000008   0.025793  -0.000002
   16  O   1 ZZ   0.011668   0.021867   0.000005   0.011087   0.000000
   17  O   1 XY   0.000000  -0.000001   0.002569   0.000001  -0.009528
   18  O   1 XZ   0.000002   0.000000   0.003862   0.000002  -0.014324
   19  O   1 YZ  -0.013329  -0.020048   0.000008  -0.020257  -0.000006
   20  O   1 XX  -0.562280   1.665267  -0.000845   0.225162   0.000008
   21  O   1 YY   0.059268   0.130781  -0.000656   0.516695   0.001022
   22  O   1 ZZ   0.016370   0.127525   0.000382   0.799972  -0.000794
   23  O   1 XY   0.000544  -0.000793  -0.406839  -0.000179   0.174417
   24  O   1 XZ   0.000276  -0.000057  -0.611656  -0.000412   0.262224
   25  O   1 YZ  -0.059090  -0.004485  -0.000492   0.390200   0.000631
   26  O    XXX   0.063979   0.105189  -0.000036  -0.140001  -0.000006
   27  O    YYY   0.000030  -0.000005   0.045974   0.000047   0.042386
   28  O    ZZZ   0.000080  -0.000030  -0.013953  -0.000091  -0.036664
   29  O    XXY   0.000044   0.000051   0.048308   0.000025  -0.052096
   30  O    XXZ   0.000027  -0.000027   0.072628  -0.000002  -0.078322
   31  O    YYX   0.039277   0.046803   0.000025  -0.029437  -0.000022
   32  O    YYZ   0.000015  -0.000033  -0.028044   0.000043  -0.042746
   33  O    ZZX   0.045090  -0.004224   0.000002  -0.111784   0.000013
   34  O    ZZY   0.000072  -0.000066  -0.092785  -0.000011  -0.118018
   35  O    XYZ   0.008007  -0.070287   0.000059  -0.113428  -0.000017
   36  O   1  S   3.769536   1.968104  -0.002091   4.678309   0.001498
   37  O   1  X   0.031589   2.088102  -0.001166   0.737702   0.000051
   38  O   1  Y  -0.000140  -0.000013   0.363047  -0.000120   0.252883
   39  O   1  Z   0.000257   0.000154   0.545817   0.000105   0.380194
   40  O   1 XX   0.057959   4.972593  -0.002706   3.220594   0.000962
   41  O   1 YY  -1.644871   1.184347  -0.001564   3.312989   0.000539
   42  O   1 ZZ  -0.857086   1.291462  -0.001884   5.403242   0.001757
   43  O   1 XY  -0.000075  -0.000999  -1.700968  -0.001575   4.051286
   44  O   1 XZ   0.000865  -0.000702  -2.557291  -0.001112   6.090838
   45  O   1 YZ   1.085134   0.147546  -0.000564   2.879220   0.000715
   46  O    XXX   0.233116   1.736817  -0.000440  -2.184811  -0.000270
   47  O    YYY   0.000668   0.000156   0.247463   0.000717  -2.397500
   48  O    ZZZ   0.000370  -0.000214   1.281280   0.000650  -2.297665
   49  O    XXY   0.000255  -0.000893  -0.701499   0.000049   0.041506
   50  O    XXZ   0.000481  -0.000318  -1.054657  -0.000607   0.062402
   51  O    YYX   0.301190   0.818425  -0.000314  -1.297741  -0.000043
   52  O    YYZ   0.000013   0.000246   0.811657  -0.000729  -0.684542
   53  O    ZZX   0.793751   1.287083  -0.000588  -0.371481   0.000010
   54  O    ZZY   0.000145   0.000484   1.351257   0.000513   0.710862
   55  O    XYZ   0.678479   0.645553  -0.000450   1.275878   0.000254
   56  H   2  S   0.412119   0.004608   0.151645   0.173802  -0.123050
   57  H   2  S  -1.955348  -3.279669  -4.221174  -6.355092  11.229620
   58  H   2  S  -2.005901  -4.106478  -0.370014  -5.784172   2.508769
   59  H   2  X   0.097967   0.076744  -0.023716   0.015554  -0.046296
   60  H   2  Y  -0.074011   0.007846  -0.035962  -0.038440   0.041251
   61  H   2  Z  -0.111196   0.011857  -0.054098  -0.057758   0.061943
   62  H   2  X  -0.351034  -1.242739  -1.314125   0.623886  -0.158979
   63  H   2  Y   0.163777  -0.994093  -1.098924   0.066792   0.267750
   64  H   2  Z   0.246700  -1.493925  -1.650427   0.101063   0.397984
   65  H   2 XX   0.090359   0.038148   0.182138   0.107687  -0.104659
   66  H   2 YY   0.175859   0.008600   0.032186   0.077241  -0.031626
   67  H   2 ZZ   0.122421   0.055081  -0.049638   0.140519  -0.021120
   68  H   2 XY   0.058078  -0.038704   0.000660  -0.039211   0.001066
   69  H   2 XZ   0.087197  -0.058156   0.001113  -0.058953   0.001533
   70  H   2 YZ  -0.073753   0.063994  -0.112831   0.087266   0.014701
   71  H   2  S   0.142411  -0.250267   0.160439  -0.180481   0.105235
   72  H   2  X  -0.486851  -0.335607  -0.550983   1.223252  -0.184956
   73  H   2  Y   0.329660  -0.588727  -0.525280  -0.600096   0.377672
   74  H   2  Z   0.495313  -0.884435  -0.789257  -0.901330   0.566116
   75  H   2 XX   1.000235   1.201591   0.778586  -0.637012   0.501011
   76  H   2 YY   0.945618   0.107733  -0.810644  -0.129808   1.119995
   77  H   2 ZZ   1.137244  -0.190877  -0.981345   0.164726   0.582904
   78  H   2 XY  -0.315211  -0.279484  -0.084694  -0.300982   0.449176
   79  H   2 XZ  -0.473918  -0.419994  -0.127134  -0.452476   0.675911
   80  H   2 YZ   0.264200  -0.411674  -0.236374   0.405841  -0.738411
   81  H   3  S   0.412316   0.004383  -0.151664   0.173585   0.123203
   82  H   3  S  -1.958383  -3.275457   4.227715  -6.349826 -11.235270
   83  H   3  S  -2.006841  -4.106055   0.377128  -5.783200  -2.511674
   84  H   3  X   0.098037   0.076703   0.023689   0.015504   0.046306
   85  H   3  Y   0.074010  -0.007976  -0.036009   0.038335   0.041211
   86  H   3  Z   0.111345  -0.011931  -0.054107   0.057668   0.062033
   87  H   3  X  -0.351130  -1.242721   1.314465   0.624104   0.159133
   88  H   3  Y  -0.163691   0.992383  -1.098522  -0.068428   0.263507
   89  H   3  Z  -0.245624   1.492606  -1.653287  -0.102232   0.400725
   90  H   3 XX   0.090456   0.038015  -0.182234   0.107545   0.104727
   91  H   3 YY   0.176020   0.008555  -0.032275   0.077128   0.031847
   92  H   3 ZZ   0.122336   0.055110   0.049617   0.140634   0.021066
   93  H   3 XY  -0.058020   0.038744   0.000710   0.039266   0.001016
   94  H   3 XZ  -0.087349   0.058282   0.000947   0.059032   0.001598
   95  H   3 YZ  -0.073801   0.064159   0.112681   0.087370  -0.014621
   96  H   3  S   0.142572  -0.250432  -0.160055  -0.180572  -0.105293
   97  H   3  X  -0.487159  -0.335388   0.550346   1.223523   0.185501
   98  H   3  Y  -0.329494   0.587836  -0.525900   0.598977   0.376370
   99  H   3  Z  -0.495682   0.884448  -0.791123   0.901395   0.567535
  100  H   3 XX   1.001107   1.200792  -0.779197  -0.637787  -0.501510
  101  H   3 YY   0.945878   0.108230   0.809912  -0.129660  -1.119477
  102  H   3 ZZ   1.137842  -0.190683   0.982343   0.165041  -0.583926
  103  H   3 XY   0.315234   0.279393  -0.084649   0.300866   0.449912
  104  H   3 XZ   0.473914   0.420240  -0.127462   0.452361   0.675808
  105  H   3 YZ   0.264176  -0.411386   0.236273   0.405801   0.739099
  106  CU  4  S   0.076930   0.099663  -0.000026  -0.063210   0.000000
  107  CU  4  X   0.016701   0.086748  -0.000031  -0.058011  -0.000001
  108  CU  4  Y  -0.000001  -0.000001  -0.002483  -0.000005  -0.011951
  109  CU  4  Z   0.000005   0.000002  -0.003733   0.000003  -0.017967
  110  CU  4 XX  -0.121325  -0.049059  -0.000020   0.053968   0.000011
  111  CU  4 YY   0.032012  -0.011542   0.000100  -0.034609  -0.000132
  112  CU  4 ZZ   0.055389   0.035079  -0.000074  -0.022014   0.000119
  113  CU  4 XY  -0.000003   0.000154   0.152208   0.000084  -0.041247
  114  CU  4 XZ  -0.000072   0.000008   0.228834   0.000029  -0.062012
  115  CU  4 YZ   0.032200   0.064218   0.000054   0.017350  -0.000060
  116  CU  4 XX   0.127430  -0.040847   0.000059   0.101666  -0.000015
  117  CU  4 YY  -0.034228  -0.109093  -0.000079   0.183290   0.000174
  118  CU  4 ZZ  -0.064045  -0.171311   0.000144   0.163348  -0.000161
  119  CU  4 XY  -0.000004  -0.000200  -0.203795  -0.000110   0.065045
  120  CU  4 XZ   0.000097  -0.000014  -0.306392  -0.000042   0.097791
  121  CU  4 YZ  -0.041071  -0.085702  -0.000068  -0.027470   0.000080
  122  CU  4  S  -0.826341  -0.659520   0.000144   0.003883  -0.000022
  123  CU  4  X  -0.634931  -1.373329   0.000552   0.435716  -0.000109
  124  CU  4  Y  -0.000092  -0.000257  -0.252361  -0.000104   0.300863
  125  CU  4  Z   0.000174  -0.000131  -0.379407  -0.000110   0.452327
  126  CU  4  S  -0.824638   1.342123  -0.000850   0.523525  -0.000022
  127  CU  4  X  -0.354477   0.622389  -0.000391   0.184745   0.000004
  128  CU  4  Y   0.000001   0.000143   0.063126   0.000032  -0.071080
  129  CU  4  Z  -0.000115   0.000026   0.094906   0.000051  -0.106864
  130  CU  4  S  -0.101586  -0.359398   0.000149   0.150681  -0.000034
  131  CU  4  X   0.189047   0.108915  -0.000016  -0.067385   0.000003
  132  CU  4  Y   0.000032  -0.000034  -0.024984  -0.000008  -0.027932
  133  CU  4  Z   0.000005   0.000010  -0.037562  -0.000001  -0.041994
  134  CU  4 XX  -0.304881  -0.883709   0.000388   0.397530  -0.000081
  135  CU  4 YY   0.132768  -0.067881   0.000062  -0.036660  -0.000011
  136  CU  4 ZZ   0.109282  -0.057489   0.000111  -0.073212  -0.000074
  137  CU  4 XY  -0.000078  -0.000058  -0.063381  -0.000008   0.197027
  138  CU  4 XZ   0.000077  -0.000084  -0.095290  -0.000050   0.296217
  139  CU  4 YZ  -0.032350   0.014314  -0.000014  -0.050349   0.000020
  140  CU   XXX  -0.024607  -0.040718   0.000012   0.032586   0.000001
  141  CU   YYY  -0.000006   0.000009   0.007382   0.000004   0.002235
  142  CU   ZZZ  -0.000002  -0.000002   0.011116   0.000001   0.008943
  143  CU   XXY   0.000001  -0.000009  -0.006448  -0.000001   0.004647
  144  CU   XXZ   0.000002  -0.000000  -0.009695  -0.000003   0.006987
  145  CU   YYX  -0.017756  -0.017493   0.000005   0.012008  -0.000011
  146  CU   YYZ  -0.000001  -0.000002   0.004976  -0.000000   0.005465
  147  CU   ZZX  -0.017347  -0.018746   0.000002   0.012469   0.000011
  148  CU   ZZY  -0.000002   0.000004   0.003325   0.000001   0.008618
  149  CU   XYZ   0.000563  -0.001726   0.000000   0.000634  -0.000005
  150  CU   XXX  -0.174403  -0.209749   0.000098   0.288167  -0.000005
  151  CU   YYY  -0.000024   0.000176   0.151341   0.000087  -0.281419
  152  CU   ZZZ  -0.000065   0.000011   0.252146   0.000075  -0.022771
  153  CU   XXY  -0.000018  -0.000275  -0.261292  -0.000077   0.104446
  154  CU   XXZ   0.000116   0.000004  -0.392835  -0.000089   0.157027
  155  CU   YYX  -0.146370  -0.168594   0.000142   0.145255  -0.000666
  156  CU   YYZ  -0.000040  -0.000057   0.119224  -0.000036   0.094891
  157  CU   ZZX  -0.168644  -0.328912  -0.000074   0.103843   0.000688
  158  CU   ZZY  -0.000018   0.000075   0.101267   0.000005   0.420358
  159  CU   XYZ  -0.030681  -0.220831   0.000084  -0.057042  -0.000348

                     86         87         88         89         90
                    2.2510     2.2573     2.2704     2.3018     2.3266
                     A          A          A          A          A   
    1  O   1  S   0.000000   0.000022   0.000009  -0.332473   0.000383
    2  O   1  S   0.000000   0.000059   0.000021  -0.863715   0.001020
    3  O   1  S   0.000000   0.000035   0.000013  -0.366193   0.000355
    4  O   1  S   0.000005  -0.000811   0.001563  -4.779612   0.006334
    5  O   1  X   0.000000   0.000010  -0.000001   0.031031  -0.000001
    6  O   1  Y   0.000050  -0.006515   0.012865   0.000002  -0.025232
    7  O   1  Z   0.000098   0.004334   0.019342   0.000011   0.016783
    8  O   1  X   0.000000  -0.000195   0.000074  -1.311803   0.001122
    9  O   1  Y  -0.000921   0.062926  -0.257463   0.000304   0.221149
   10  O   1  Z  -0.001401  -0.041854  -0.387078  -0.000243  -0.147095
   11  O   1  X   0.000002   0.000858   0.000453   5.557642  -0.005262
   12  O   1  Y   0.015485   0.908532   3.797808   0.002838   2.983914
   13  O   1  Z   0.020772  -0.604323   5.709750   0.000275  -1.984738
   14  O   1 XX  -0.000000  -0.000004  -0.000001   0.018363  -0.000043
   15  O   1 YY   0.002685  -0.000000   0.000000   0.032153  -0.000041
   16  O   1 ZZ  -0.002685   0.000007  -0.000004   0.045683  -0.000044
   17  O   1 XY  -0.000017  -0.001053  -0.003564  -0.000011   0.000513
   18  O   1 XZ  -0.000026   0.000701  -0.005358   0.000004  -0.000341
   19  O   1 YZ   0.001300   0.000002  -0.000001   0.018636  -0.000012
   20  O   1 XX   0.000000   0.000104  -0.000023   0.363850  -0.000760
   21  O   1 YY  -0.722293   0.000439  -0.000323  -0.125349   0.000012
   22  O   1 ZZ   0.722293  -0.000543   0.000419  -0.671906   0.000770
   23  O   1 XY   0.000376   0.275731   0.030236   0.000864   0.872298
   24  O   1 XZ  -0.000037  -0.183401   0.045457  -0.000246  -0.580204
   25  O   1 YZ  -0.349579   0.000329  -0.000069  -0.752855   0.001375
   26  O    XXX   0.000000  -0.000002   0.000005  -0.069254   0.000090
   27  O    YYY  -0.000005   0.004479   0.016533   0.000018   0.011544
   28  O    ZZZ  -0.000026   0.017838  -0.015846   0.000025   0.065244
   29  O    XXY  -0.000098   0.002059  -0.022670  -0.000004   0.001213
   30  O    XXZ  -0.000138  -0.001369  -0.034083  -0.000002  -0.000807
   31  O    YYX   0.049741  -0.000025   0.000040   0.028946  -0.000025
   32  O    YYZ  -0.000093  -0.034724  -0.017770  -0.000054  -0.120409
   33  O    ZZX  -0.049741   0.000019  -0.000039   0.009440  -0.000064
   34  O    ZZY  -0.000055   0.010217  -0.048142   0.000023   0.033939
   35  O    XYZ   0.024074  -0.000034   0.000023  -0.026868  -0.000012
   36  O   1  S   0.000001  -0.001333   0.000708  -6.112687   0.002782
   37  O   1  X   0.000001   0.000325  -0.000005  -0.726499  -0.000608
   38  O   1  Y  -0.000437   0.227202   0.008217   0.000705   0.643214
   39  O   1  Z  -0.001199  -0.151121   0.012354  -0.000616  -0.427830
   40  O   1 XX   0.000001   0.000034   0.000305  -2.032941   0.002355
   41  O   1 YY  -1.039353   0.000815  -0.000907  -0.241082   0.000607
   42  O   1 ZZ   1.039356  -0.000372   0.001529   0.062405   0.001683
   43  O   1 XY   0.007329   0.256822   1.678563   0.000733   1.004631
   44  O   1 XZ   0.010195  -0.170833   2.523606   0.000537  -0.668227
   45  O   1 YZ  -0.503032   0.000605  -0.000307   0.418037   0.001467
   46  O    XXX  -0.000000  -0.000199   0.000006  -1.129202   0.000592
   47  O    YYY  -0.002658   0.224374  -1.040616   0.000429   0.768406
   48  O    ZZZ  -0.004327  -0.417236  -1.002064  -0.001267  -1.528936
   49  O    XXY   0.000454   0.111275   0.012853   0.000455   0.401961
   50  O    XXZ   0.000403  -0.074015   0.019324  -0.000040  -0.267362
   51  O    YYX  -0.617393   0.000189  -0.000542  -1.332940   0.001060
   52  O    YYZ  -0.001005   0.363159  -0.300512   0.000599   1.404156
   53  O    ZZX   0.617394  -0.000456   0.000691  -1.300049   0.001542
   54  O    ZZY  -0.000697  -0.005413   0.302023  -0.000024  -0.058010
   55  O    XYZ  -0.298809   0.000343  -0.000247   0.045305   0.000203
   56  H   2  S  -0.000073  -0.000054  -0.055286  -0.390433   0.000181
   57  H   2  S   0.018999   0.000137   4.441276   1.078900  -0.002666
   58  H   2  S  -0.001324   0.000735   0.992829   6.187479  -0.002082
   59  H   2  X  -0.000036  -0.000012  -0.014771   0.009387  -0.000045
   60  H   2  Y  -0.002977   0.001545   0.016631   0.020352   0.008277
   61  H   2  Z   0.002144  -0.001022   0.024973   0.030603  -0.005541
   62  H   2  X   0.000444  -0.000171   0.034919  -0.996114   0.001630
   63  H   2  Y  -1.280581  -0.568837   0.063814   0.522193  -1.999600
   64  H   2  Z   0.853979   0.378714   0.096911   0.787106   1.329900
   65  H   2 XX  -0.000215   0.000009  -0.054697  -0.099763   0.000087
   66  H   2 YY  -0.044564  -0.010156  -0.008821  -0.175370  -0.039948
   67  H   2 ZZ   0.044659   0.010095  -0.009403  -0.181013   0.040076
   68  H   2 XY   0.000030   0.022994  -0.000172   0.009447   0.043718
   69  H   2 XZ   0.000024  -0.015319  -0.000306   0.014102  -0.029190
   70  H   2 YZ  -0.021495  -0.004888  -0.000862  -0.007839  -0.019364
   71  H   2  S  -0.000236  -0.000034   0.001125   0.140294  -0.000025
   72  H   2  X   0.000508  -0.000209   0.011020  -0.801808   0.000921
   73  H   2  Y  -0.464913  -0.268791   0.216806   0.587043  -0.812872
   74  H   2  Z   0.310290   0.178914   0.326347   0.883254   0.540333
   75  H   2 XX   0.001102  -0.000087   0.164121  -0.973950  -0.000391
   76  H   2 YY  -0.447877  -0.223954   0.461924  -1.187879  -0.723912
   77  H   2 ZZ   0.452879   0.223541   0.261039  -1.023227   0.724189
   78  H   2 XY   0.416931   0.207329   0.198300  -0.343952   0.645583
   79  H   2 XZ  -0.275959  -0.138067   0.297443  -0.517723  -0.428990
   80  H   2 YZ  -0.219060  -0.108102  -0.277680   0.225806  -0.349816
   81  H   3  S   0.000073  -0.000054   0.055376  -0.390264   0.000181
   82  H   3  S  -0.019006   0.000160  -4.443224   1.075710  -0.002662
   83  H   3  S   0.001321   0.000733  -0.994077   6.187604  -0.002084
   84  H   3  X   0.000036  -0.000012   0.014773   0.009389  -0.000045
   85  H   3  Y   0.003138   0.001530   0.016613  -0.020327   0.008283
   86  H   3  Z  -0.001923  -0.001024   0.025008  -0.030556  -0.005474
   87  H   3  X  -0.000444  -0.000170  -0.034768  -0.996348   0.001631
   88  H   3  Y   1.281308  -0.570948   0.064740  -0.523629  -1.999653
   89  H   3  Z  -0.850047   0.379403   0.096362  -0.785217   1.330181
   90  H   3 XX   0.000216   0.000009   0.054726  -0.099661   0.000087
   91  H   3 YY  -0.044584   0.010149   0.008828  -0.175278   0.040081
   92  H   3 ZZ   0.044490  -0.010209   0.009482  -0.181063  -0.039953
   93  H   3 XY   0.000050   0.023018  -0.000214  -0.009377   0.043826
   94  H   3 XZ   0.000010  -0.015286  -0.000274  -0.014199  -0.029039
   95  H   3 YZ  -0.021652   0.004940   0.000840  -0.007903   0.019369
   96  H   3  S   0.000236  -0.000035  -0.001140   0.140417  -0.000026
   97  H   3  X  -0.000507  -0.000208  -0.010794  -0.802024   0.000921
   98  H   3  Y   0.465255  -0.269553   0.217277  -0.587477  -0.812601
   99  H   3  Z  -0.308405   0.179161   0.326268  -0.882557   0.540842
  100  H   3 XX  -0.001102  -0.000086  -0.164224  -0.973832  -0.000391
  101  H   3 YY  -0.452994   0.224028  -0.462552  -1.187644   0.723753
  102  H   3 ZZ   0.447991  -0.224434  -0.260424  -1.024238  -0.723474
  103  H   3 XY  -0.415169   0.208046   0.197677   0.344610   0.645229
  104  H   3 XZ   0.277508  -0.138219   0.297882   0.517483  -0.429587
  105  H   3 YZ  -0.216948   0.108712   0.277451   0.226079   0.350832
  106  CU  4  S   0.000000  -0.000013   0.000008  -0.159652   0.000176
  107  CU  4  X   0.000000  -0.000006   0.000003  -0.058507   0.000046
  108  CU  4  Y  -0.000022  -0.001537  -0.005138  -0.000009  -0.006399
  109  CU  4  Z  -0.000028   0.001022  -0.007725  -0.000001   0.004256
  110  CU  4 XX  -0.000000   0.000008  -0.000007   0.280728  -0.000340
  111  CU  4 YY  -0.031916   0.000003  -0.000100  -0.181458   0.000152
  112  CU  4 ZZ   0.031916  -0.000009   0.000105  -0.048128   0.000117
  113  CU  4 XY  -0.000091   0.010895  -0.019257   0.000021   0.002725
  114  CU  4 XZ  -0.000178  -0.007246  -0.028952  -0.000061  -0.001812
  115  CU  4 YZ  -0.015447   0.000059  -0.000063   0.183657  -0.000069
  116  CU  4 XX  -0.000000   0.000039  -0.000005  -0.149322   0.000280
  117  CU  4 YY   0.044896   0.000034   0.000126   0.426355  -0.000341
  118  CU  4 ZZ  -0.044896   0.000051  -0.000158   0.240754  -0.000289
  119  CU  4 XY   0.000142  -0.016331   0.030685  -0.000023  -0.008407
  120  CU  4 XZ   0.000272   0.010862   0.046133   0.000086   0.005592
  121  CU  4 YZ   0.021729  -0.000081   0.000088  -0.255657   0.000106
  122  CU  4  S  -0.000000  -0.000002  -0.000040   1.073866  -0.001505
  123  CU  4  X  -0.000000   0.000326  -0.000147   2.480269  -0.003006
  124  CU  4  Y   0.000592  -0.011755   0.137802   0.000212   0.017813
  125  CU  4  Z   0.000917   0.007818   0.207176   0.000114  -0.011849
  126  CU  4  S   0.000000   0.000349  -0.000049  -0.047631  -0.000498
  127  CU  4  X   0.000000   0.000100  -0.000006  -0.221600   0.000115
  128  CU  4  Y  -0.000082  -0.037875  -0.024275  -0.000147  -0.109645
  129  CU  4  Z  -0.000040   0.025192  -0.036496   0.000052   0.072930
  130  CU  4  S  -0.000000   0.000094  -0.000038   0.510902  -0.000527
  131  CU  4  X   0.000000  -0.000030   0.000017  -0.368669   0.000441
  132  CU  4  Y  -0.000043   0.003602  -0.009832  -0.000015   0.018173
  133  CU  4  Z  -0.000069  -0.002396  -0.014782  -0.000007  -0.012088
  134  CU  4 XX  -0.000000   0.000277  -0.000117   1.907673  -0.002212
  135  CU  4 YY   0.010876   0.000088  -0.000014   0.029972   0.000049
  136  CU  4 ZZ  -0.010876   0.000107  -0.000027   0.051990  -0.000002
  137  CU  4 XY   0.000363  -0.001791   0.085783   0.000157   0.021248
  138  CU  4 XZ   0.000540   0.001191   0.128969   0.000055  -0.014133
  139  CU  4 YZ   0.005264   0.000001   0.000005   0.030329  -0.000111
  140  CU   XXX  -0.000000   0.000006  -0.000003   0.071125  -0.000075
  141  CU   YYY   0.000002   0.001274   0.014780   0.000003  -0.004991
  142  CU   ZZZ   0.000006  -0.011345   0.006432   0.000005   0.007025
  143  CU   XXY   0.000008   0.001626   0.001435   0.000005   0.005438
  144  CU   XXZ   0.000010  -0.001082   0.002157   0.000002  -0.003617
  145  CU   YYX   0.009995  -0.000003   0.000001   0.037143  -0.000036
  146  CU   YYZ   0.000021   0.016461  -0.001268  -0.000006  -0.004458
  147  CU   ZZX  -0.009995   0.000009  -0.000005   0.032429  -0.000042
  148  CU   ZZY   0.000016  -0.003573  -0.014933   0.000002  -0.000770
  149  CU   XYZ   0.004837  -0.000008   0.000003  -0.006494  -0.000021
  150  CU   XXX  -0.000000   0.000084  -0.000041   0.849160  -0.000891
  151  CU   YYY  -0.000470   0.127487   0.720267  -0.000009  -0.112598
  152  CU   ZZZ  -0.000577  -0.732376   0.156076   0.000197   0.252541
  153  CU   XXY   0.000131   0.029238   0.033856   0.000121   0.126344
  154  CU   XXZ   0.000245  -0.019448   0.050901   0.000116  -0.084037
  155  CU   YYX   0.635018  -0.000400   0.000201   0.255504   0.000017
  156  CU   YYZ   0.000888   1.000869  -0.173462  -0.000361  -0.251474
  157  CU   ZZX  -0.635018   0.000407  -0.000209  -0.012879  -0.000293
  158  CU   ZZY   0.000748  -0.198530  -0.942437  -0.000007   0.019747
  159  CU   XYZ   0.307340  -0.000514   0.000171  -0.369683  -0.001052

                     91         92         93         94         95
                    2.3759     2.4234     2.4593     2.4599     2.4852
                     A          A          A          A          A   
    1  O   1  S   0.060954   0.000000   0.043105   0.000001   0.000076
    2  O   1  S   0.178142   0.000000   0.140614   0.000005   0.000211
    3  O   1  S   0.036557   0.000000  -0.089739  -0.000003   0.000076
    4  O   1  S   3.238791   0.000005   0.301327   0.000022  -0.000115
    5  O   1  X  -0.000058   0.000000  -0.016862  -0.000001   0.000013
    6  O   1  Y   0.000030   0.000006  -0.000017   0.000003   0.020093
    7  O   1  Z  -0.000020   0.000012   0.000013   0.000004  -0.013365
    8  O   1  X   0.258843   0.000001   0.062108   0.000004  -0.000235
    9  O   1  Y  -0.000344  -0.000399  -0.000005   0.000647  -0.095126
   10  O   1  Z   0.000230  -0.000771  -0.000178   0.001243   0.063269
   11  O   1  X  -1.532815  -0.000002  -2.240121  -0.000073  -0.000025
   12  O   1  Y  -0.005302   0.003616  -0.001085   0.002630   0.890421
   13  O   1  Z   0.003614   0.004499   0.000537   0.005202  -0.592257
   14  O   1 XX  -0.013106   0.000000  -0.022669  -0.000001  -0.000002
   15  O   1 YY  -0.006668   0.001330  -0.022515  -0.002734  -0.000007
   16  O   1 ZZ  -0.009230  -0.001330  -0.020608   0.002733  -0.000009
   17  O   1 XY   0.000001   0.000002   0.000000  -0.000024  -0.000417
   18  O   1 XZ   0.000000   0.000002   0.000001  -0.000033   0.000277
   19  O   1 YZ  -0.003529   0.000644   0.002627  -0.001323  -0.000003
   20  O   1 XX  -0.572580   0.000000  -0.413895  -0.000013  -0.000278
   21  O   1 YY   0.131333   0.465865  -0.162073  -0.722551   0.000095
   22  O   1 ZZ   0.324210  -0.465864  -0.144197   0.722542  -0.000024
   23  O   1 XY  -0.001305   0.000000  -0.000197   0.000432   0.127614
   24  O   1 XZ   0.000733  -0.000329  -0.000035   0.001136  -0.084885
   25  O   1 YZ   0.265679   0.225473   0.024699  -0.349700  -0.000086
   26  O    XXX   0.029959   0.000000   0.000161   0.000000  -0.000012
   27  O    YYY  -0.000010   0.000024  -0.000008  -0.000023   0.017685
   28  O    ZZZ  -0.000114  -0.000016  -0.000021   0.000043  -0.007674
   29  O    XXY  -0.000002  -0.000031  -0.000005   0.000024  -0.008158
   30  O    XXZ  -0.000003  -0.000055  -0.000010   0.000052   0.005426
   31  O    YYX  -0.026559  -0.026816  -0.016790   0.051179  -0.000020
   32  O    YYZ   0.000185  -0.000033   0.000020   0.000055  -0.011820
   33  O    ZZX  -0.023488   0.026816  -0.021400  -0.051180  -0.000035
   34  O    ZZY  -0.000052  -0.000055  -0.000015   0.000087   0.009522
   35  O    XYZ   0.004231  -0.012979  -0.006356   0.024770  -0.000020
   36  O   1  S   0.493721   0.000002   2.952673   0.000100   0.000240
   37  O   1  X  -1.181078   0.000001  -1.054110  -0.000034  -0.001196
   38  O   1  Y  -0.000966  -0.000542  -0.000460   0.000196   0.323261
   39  O   1  Z   0.000580  -0.001064   0.000105   0.000643  -0.215019
   40  O   1 XX   0.752503   0.000000   0.279127   0.000008   0.001170
   41  O   1 YY   0.513591   0.436820   0.181683  -0.987065   0.000610
   42  O   1 ZZ   1.286120  -0.436821   0.119563   0.987072   0.001098
   43  O   1 XY  -0.001705   0.001853   0.000113   0.001522  -0.334585
   44  O   1 XZ   0.001130   0.002431  -0.000051   0.002772   0.222550
   45  O   1 YZ   1.064122   0.211415  -0.085464  -0.477731   0.000704
   46  O    XXX  -0.164851   0.000001  -0.063550  -0.000000  -0.000432
   47  O    YYY  -0.001097  -0.000967  -0.000018   0.000507  -0.147401
   48  O    ZZZ   0.002460  -0.001381   0.000012   0.001093   0.000562
   49  O    XXY  -0.000585   0.000049  -0.000005   0.000481   0.041237
   50  O    XXZ   0.000349  -0.000033  -0.000075   0.000823  -0.027430
   51  O    YYX   0.452172   0.505689   0.121901  -0.946983  -0.000060
   52  O    YYZ  -0.002337  -0.000188  -0.000369  -0.000022   0.200209
   53  O    ZZX   0.352931  -0.505686   0.073747   0.946991  -0.000031
   54  O    ZZY   0.000148   0.000327   0.000038  -0.000347  -0.104386
   55  O    XYZ  -0.136699   0.244746  -0.066231  -0.458331   0.000073
   56  H   2  S  -0.013076   0.000110  -0.075416  -0.000522  -0.000016
   57  H   2  S  -2.089939   0.003452   1.068291   0.008896  -0.000501
   58  H   2  S   0.733110  -0.003716  -1.209373   0.004291   0.000500
   59  H   2  X  -0.005585   0.000003  -0.010581  -0.000041  -0.000007
   60  H   2  Y  -0.005634  -0.029333   0.003948   0.035511   0.008285
   61  H   2  Z  -0.008428   0.019507   0.005927  -0.023493  -0.005510
   62  H   2  X   1.028087   0.000548   0.130760  -0.001376  -0.000040
   63  H   2  Y   0.020812   0.757089   0.194531  -1.414320  -0.128229
   64  H   2  Z   0.024724  -0.504169   0.291549   0.944174   0.085814
   65  H   2 XX  -0.003523  -0.000001  -0.028267  -0.000230  -0.000021
   66  H   2 YY  -0.000414   0.026829  -0.028450  -0.036137  -0.011678
   67  H   2 ZZ  -0.013513  -0.026764  -0.023549   0.035902   0.011720
   68  H   2 XY  -0.017504  -0.020999  -0.009219   0.017302   0.002028
   69  H   2 XZ  -0.026170   0.014031  -0.013841  -0.011664  -0.001419
   70  H   2 YZ  -0.017826   0.012919   0.006795  -0.017302  -0.005629
   71  H   2  S   0.098747  -0.000325   0.078381   0.000133   0.000099
   72  H   2  X   0.523488   0.000625   0.675232  -0.000226   0.000531
   73  H   2  Y   0.110581   0.285697  -0.075612  -0.419614  -0.205369
   74  H   2  Z   0.163536  -0.190567  -0.114189   0.280589   0.136668
   75  H   2 XX  -0.811729   0.000636  -0.171147  -0.000702  -0.000583
   76  H   2 YY  -0.293899   0.327827   0.100187  -0.514611  -0.046226
   77  H   2 ZZ  -0.139068  -0.325782   0.148383   0.514275   0.045800
   78  H   2 XY   0.032528  -0.205431   0.070802   0.314941   0.129931
   79  H   2 XZ   0.050784   0.137326   0.106694  -0.209942  -0.086578
   80  H   2 YZ   0.217182   0.157525   0.066905  -0.248558  -0.022067
   81  H   3  S  -0.013122  -0.000109  -0.075447   0.000518  -0.000017
   82  H   3  S  -2.089988  -0.003458   1.069105  -0.008838  -0.000491
   83  H   3  S   0.733675   0.003708  -1.208746  -0.004377   0.000514
   84  H   3  X  -0.005590  -0.000003  -0.010595   0.000040  -0.000007
   85  H   3  Y   0.005586   0.029326  -0.003948  -0.035391   0.008283
   86  H   3  Z   0.008439  -0.019509  -0.005948   0.023667  -0.005510
   87  H   3  X   1.028180  -0.000546   0.130512   0.001388  -0.000046
   88  H   3  Y  -0.014895  -0.758324  -0.193978   1.418474  -0.128781
   89  H   3  Z  -0.028957   0.503803  -0.292350  -0.940064   0.085126
   90  H   3 XX  -0.003557   0.000001  -0.028278   0.000228  -0.000021
   91  H   3 YY  -0.000555   0.026763  -0.028482  -0.035869   0.011704
   92  H   3 ZZ  -0.013368  -0.026827  -0.023519   0.036101  -0.011662
   93  H   3 XY   0.017377   0.021070   0.009216  -0.017457   0.002097
   94  H   3 XZ   0.026272  -0.013951   0.013872   0.011456  -0.001324
   95  H   3 YZ  -0.017866   0.013018   0.006800  -0.017547   0.005688
   96  H   3  S   0.098781   0.000324   0.078463  -0.000128   0.000100
   97  H   3  X   0.523561  -0.000625   0.675198   0.000271   0.000529
   98  H   3  Y  -0.108167  -0.286459   0.076017   0.421359  -0.205478
   99  H   3  Z  -0.165336   0.190001   0.113834  -0.278768   0.136604
  100  H   3 XX  -0.811934  -0.000635  -0.171236   0.000693  -0.000585
  101  H   3 YY  -0.296437   0.325606   0.099773  -0.514283   0.045692
  102  H   3 ZZ  -0.136734  -0.327648   0.148575   0.514638  -0.046123
  103  H   3 XY  -0.034247   0.206246  -0.070980  -0.315628   0.130106
  104  H   3 XZ  -0.049608  -0.136499  -0.106510   0.209466  -0.086382
  105  H   3 YZ   0.216075   0.158726   0.066811  -0.249412   0.022423
  106  CU  4  S   0.061558   0.000000   0.035380   0.000001   0.000026
  107  CU  4  X   0.000720   0.000000   0.003254   0.000000   0.000010
  108  CU  4  Y   0.000009  -0.000008  -0.000001  -0.000005  -0.000567
  109  CU  4  Z  -0.000006  -0.000008   0.000001  -0.000015   0.000377
  110  CU  4 XX  -0.144616   0.000000  -0.196495  -0.000006   0.000055
  111  CU  4 YY   0.073188   0.564426  -0.169218   0.342553  -0.000128
  112  CU  4 ZZ   0.037291  -0.564427   0.347125  -0.342548   0.000067
  113  CU  4 XY   0.000039  -0.000073   0.000125  -0.000235  -0.578104
  114  CU  4 XZ  -0.000021  -0.000028  -0.000102  -0.000383   0.384524
  115  CU  4 YZ  -0.049447   0.273174   0.711203   0.165816   0.000188
  116  CU  4 XX   0.160923  -0.000001   0.242627   0.000007  -0.000176
  117  CU  4 YY  -0.127628  -0.836801   0.188922  -0.502243   0.000143
  118  CU  4 ZZ  -0.068345   0.836801  -0.583094   0.502231  -0.000153
  119  CU  4 XY  -0.000053   0.000111  -0.000194   0.000370   0.901129
  120  CU  4 XZ   0.000027   0.000049   0.000156   0.000595  -0.599384
  121  CU  4 YZ   0.081661  -0.404999  -1.063365  -0.243116  -0.000283
  122  CU  4  S  -0.686408  -0.000000  -0.259385  -0.000008  -0.000091
  123  CU  4  X  -1.371946   0.000000  -1.202591  -0.000038  -0.000635
  124  CU  4  Y  -0.000168   0.000169   0.000016   0.000082  -0.302580
  125  CU  4  Z   0.000049   0.000217  -0.000045   0.000197   0.201261
  126  CU  4  S  -0.785710   0.000001  -1.028944  -0.000033  -0.000703
  127  CU  4  X  -0.135170   0.000000  -0.282116  -0.000009  -0.000158
  128  CU  4  Y   0.000137  -0.000003   0.000026  -0.000054  -0.078447
  129  CU  4  Z  -0.000098   0.000048  -0.000019  -0.000159   0.052179
  130  CU  4  S  -0.209595  -0.000000  -0.231227  -0.000007  -0.000172
  131  CU  4  X   0.186018   0.000000   0.056738   0.000002   0.000088
  132  CU  4  Y  -0.000009  -0.000003   0.000006  -0.000022  -0.018072
  133  CU  4  Z   0.000013  -0.000014  -0.000001  -0.000019   0.012021
  134  CU  4 XX  -0.987945   0.000001  -1.046827  -0.000033  -0.000425
  135  CU  4 YY   0.014018   0.373312  -0.290497   0.192355  -0.000297
  136  CU  4 ZZ  -0.074529  -0.373312   0.073533  -0.192363  -0.000139
  137  CU  4 XY  -0.000107   0.000077   0.000124  -0.000153  -0.697422
  138  CU  4 XZ   0.000036   0.000132  -0.000116  -0.000174   0.463889
  139  CU  4 YZ  -0.121970   0.180677   0.501415   0.093118   0.000125
  140  CU   XXX  -0.023590  -0.000000  -0.015219  -0.000001  -0.000010
  141  CU   YYY   0.000005   0.000002  -0.000003   0.000009   0.013685
  142  CU   ZZZ  -0.000007   0.000004   0.000001   0.000012  -0.009187
  143  CU   XXY  -0.000009   0.000004   0.000003  -0.000007  -0.014941
  144  CU   XXZ   0.000007   0.000003  -0.000002  -0.000004   0.009938
  145  CU   YYX  -0.007865   0.006707  -0.000335  -0.010472  -0.000011
  146  CU   YYZ   0.000002   0.000001   0.000000   0.000005  -0.003936
  147  CU   ZZX  -0.020783  -0.006707   0.000657   0.010472  -0.000009
  148  CU   ZZY   0.000000  -0.000002  -0.000001   0.000007   0.006087
  149  CU   XYZ  -0.017793   0.003246   0.001367  -0.005068  -0.000001
  150  CU   XXX  -0.307723  -0.000000  -0.322289  -0.000010  -0.000070
  151  CU   YYY   0.000162   0.000032  -0.000066   0.000156   0.320229
  152  CU   ZZZ  -0.000208   0.000008   0.000030   0.000213  -0.219053
  153  CU   XXY  -0.000221   0.000096   0.000101  -0.000247  -0.488665
  154  CU   XXZ   0.000189   0.000084  -0.000055  -0.000221   0.325035
  155  CU   YYX   0.257066   0.268503   0.110284  -0.368755  -0.000116
  156  CU   YYZ   0.000095  -0.000010   0.000015   0.000093  -0.085546
  157  CU   ZZX  -0.323400  -0.268504   0.155958   0.368763  -0.000070
  158  CU   ZZY  -0.000026  -0.000087  -0.000031   0.000148   0.140822
  159  CU   XYZ  -0.799561   0.129952   0.062952  -0.178472  -0.000022

                     96         97         98         99        100
                    2.4947     2.5316     2.6399     2.6706     2.7166
                     A          A          A          A          A   
    1  O   1  S  -0.000036   0.058728  -0.000395   0.000412  -0.343801
    2  O   1  S  -0.000086   0.097457  -0.001053   0.001120  -0.941878
    3  O   1  S   0.000078   0.177503  -0.000563   0.000912  -0.352271
    4  O   1  S  -0.004580   6.124157   0.022319  -0.046449  23.947996
    5  O   1  X   0.000000   0.045167  -0.000074   0.000093  -0.052364
    6  O   1  Y   0.005306  -0.000002  -0.058456   0.032067   0.000140
    7  O   1  Z   0.007978  -0.000006   0.038881   0.048211   0.000031
    8  O   1  X  -0.000668   1.298769   0.003099  -0.005846   3.159523
    9  O   1  Y  -0.643604  -0.000117   0.069881  -2.477763  -0.005030
   10  O   1  Z  -0.967616   0.000782  -0.046467  -3.725155  -0.005139
   11  O   1  X   0.000325  -1.833750   0.000829  -0.003955   2.335057
   12  O   1  Y   0.083682  -0.000249   0.746270  -2.680897  -0.006249
   13  O   1  Z   0.125816  -0.000578  -0.496367  -4.030555  -0.007450
   14  O   1 XX   0.000018   0.012918  -0.000006   0.000030   0.030547
   15  O   1 YY   0.000017   0.002700  -0.000004   0.000062   0.005625
   16  O   1 ZZ   0.000028  -0.002386  -0.000002   0.000095  -0.002974
   17  O   1 XY   0.008866   0.000001  -0.017178   0.021722   0.000058
   18  O   1 XZ   0.013330  -0.000001   0.011426   0.032658   0.000048
   19  O   1 YZ  -0.000002  -0.007005   0.000002   0.000010  -0.011845
   20  O   1 XX   0.000022   0.130580   0.001057  -0.001385   1.191344
   21  O   1 YY  -0.000111   0.200871  -0.000647   0.002372  -0.430362
   22  O   1 ZZ   0.000256   0.925322   0.000743  -0.002079   1.108188
   23  O   1 XY  -0.534799  -0.000354   0.119050  -1.663966  -0.003760
   24  O   1 XZ  -0.804034   0.000394  -0.079177  -2.501664  -0.003676
   25  O   1 YZ  -0.000584   0.997894   0.002383  -0.003352   2.119282
   26  O    XXX  -0.000022   0.067979   0.000088  -0.000112   0.059792
   27  O    YYY  -0.019375  -0.000020  -0.009789  -0.044980  -0.000121
   28  O    ZZZ  -0.055442   0.000042   0.020167  -0.127193  -0.000123
   29  O    XXY  -0.034219  -0.000007  -0.029032  -0.104089  -0.000161
   30  O    XXZ  -0.051446   0.000030   0.019311  -0.156491  -0.000222
   31  O    YYX   0.000048   0.039653   0.000079  -0.000039   0.058226
   32  O    YYZ  -0.031701   0.000004  -0.018993  -0.072518  -0.000134
   33  O    ZZX  -0.000100   0.078392   0.000194  -0.000370   0.151073
   34  O    ZZY  -0.044567   0.000014   0.001011  -0.101393  -0.000132
   35  O    XYZ   0.000003   0.053362   0.000138  -0.000208   0.127892
   36  O   1  S  -0.001968   4.046579   0.007008  -0.016444   9.288943
   37  O   1  X   0.000007   0.676969   0.000691   0.000376  -0.076174
   38  O   1  Y  -0.614591  -0.000333   0.019764  -0.711488  -0.001554
   39  O   1  Z  -0.923994   0.000291  -0.013142  -1.069676  -0.001484
   40  O   1 XX   0.000791  -1.219051  -0.005249   0.006458  -3.141609
   41  O   1 YY  -0.000120  -1.078874  -0.003436   0.006430  -2.936967
   42  O   1 ZZ   0.001627  -1.447306  -0.003855   0.004704  -2.537331
   43  O   1 XY   0.324701   0.000044   0.096545  -1.812545  -0.004206
   44  O   1 XZ   0.488164  -0.000015  -0.064208  -2.725043  -0.004572
   45  O   1 YZ  -0.000300  -0.507497  -0.000077  -0.000636   0.550483
   46  O    XXX  -0.000687   1.533917   0.003275  -0.005763   3.140327
   47  O    YYY  -0.676794  -0.000272  -0.194232  -2.396057  -0.004793
   48  O    ZZZ  -1.057112   0.001062  -0.032801  -4.129685  -0.005999
   49  O    XXY  -0.311689  -0.000083   0.640380  -1.043644  -0.003084
   50  O    XXZ  -0.468603   0.000276  -0.425940  -1.569057  -0.001724
   51  O    YYX  -0.001102   0.963195   0.001331  -0.002212   1.186230
   52  O    YYZ  -0.483149   0.000212   0.317664  -1.985271  -0.003550
   53  O    ZZX   0.000496   0.888909   0.001173  -0.002434   1.480868
   54  O    ZZY  -0.356700  -0.000104  -0.150792  -1.791110  -0.003531
   55  O    XYZ  -0.000372  -0.102325   0.000344  -0.000624   0.405849
   56  H   2  S   0.190487   0.275913   0.000397   0.688022   0.512635
   57  H   2  S  -2.095336  -2.018983  -0.008314 -13.791306 -10.512489
   58  H   2  S  -2.631410  -4.455251  -0.005000  -7.688258  -6.499478
   59  H   2  X   0.029107   0.004133   0.000052   0.066701   0.104429
   60  H   2  Y  -0.018269  -0.022356  -0.019818  -0.052475  -0.043646
   61  H   2  Z  -0.027529  -0.033602   0.013104  -0.078798  -0.065636
   62  H   2  X   1.113149   1.399702   0.003386   4.484164   3.245850
   63  H   2  Y  -0.718877  -1.015409  -0.405402  -2.772174  -3.058046
   64  H   2  Z  -1.077614  -1.526364   0.263543  -4.164191  -4.596415
   65  H   2 XX   0.073767   0.028006   0.000095   0.137130   0.102306
   66  H   2 YY   0.042172   0.115671   0.046341   0.190258   0.111777
   67  H   2 ZZ   0.009456   0.054110  -0.046347   0.106479   0.004600
   68  H   2 XY   0.053080   0.027891   0.089391   0.147526   0.196994
   69  H   2 XZ   0.079717   0.041930  -0.059018   0.221749   0.296212
   70  H   2 YZ  -0.045245  -0.084904   0.022156  -0.115648  -0.148067
   71  H   2  S  -0.241860  -0.160809  -0.000094  -0.413529  -0.051560
   72  H   2  X   0.220658   0.699207   0.000376   1.240754   0.938127
   73  H   2  Y  -0.146502  -0.392325  -0.098344  -1.014092  -0.637255
   74  H   2  Z  -0.219157  -0.589867   0.064453  -1.523669  -0.958003
   75  H   2 XX   0.470121   0.829496   0.001635   0.643868   1.452042
   76  H   2 YY   0.545479   1.149310  -0.201026   1.125112   1.433772
   77  H   2 ZZ   0.379158   0.881243   0.203284   0.809526   0.784436
   78  H   2 XY   0.164185   0.417684   0.022217   0.780569   0.563641
   79  H   2 XZ   0.246011   0.627892  -0.013311   1.172910   0.846899
   80  H   2 YZ  -0.230869  -0.369490  -0.098744  -0.436201  -0.894526
   81  H   3  S  -0.190633   0.275990   0.000400  -0.689673   0.510386
   82  H   3  S   2.098513  -2.020640  -0.008378  13.830611 -10.465636
   83  H   3  S   2.634447  -4.456701  -0.005036   7.710221  -6.474981
   84  H   3  X  -0.029155   0.004178   0.000052  -0.067148   0.104347
   85  H   3  Y  -0.018361   0.022374  -0.019730  -0.052595   0.043583
   86  H   3  Z  -0.027542   0.033647   0.013202  -0.079167   0.065506
   87  H   3  X  -1.114422   1.400530   0.003407  -4.495807   3.230340
   88  H   3  Y  -0.717060   1.015659  -0.400301  -2.779835   3.047790
   89  H   3  Z  -1.081224   1.527211   0.272394  -4.182881   4.583287
   90  H   3 XX  -0.073799   0.027993   0.000096  -0.137492   0.101873
   91  H   3 YY  -0.042330   0.115770  -0.046163  -0.190764   0.111467
   92  H   3 ZZ  -0.009345   0.054077   0.046158  -0.106297   0.003982
   93  H   3 XY   0.053048  -0.027911   0.088994   0.148164  -0.196582
   94  H   3 XZ   0.079840  -0.041965  -0.059635   0.222800  -0.295502
   95  H   3 YZ   0.045253  -0.084872  -0.022616   0.116101  -0.147621
   96  H   3  S   0.241918  -0.160856  -0.000096   0.413655  -0.050106
   97  H   3  X  -0.221136   0.699462   0.000382  -1.243773   0.933933
   98  H   3  Y  -0.145719   0.392471  -0.097611  -1.015281   0.633736
   99  H   3  Z  -0.220180   0.590022   0.065894  -1.527356   0.952844
  100  H   3 XX  -0.470821   0.829821   0.001638  -0.649155   1.450672
  101  H   3 YY  -0.547383   1.149957   0.204037  -1.131116   1.430721
  102  H   3 ZZ  -0.378634   0.881533  -0.201768  -0.811432   0.782272
  103  H   3 XY   0.163681  -0.417819   0.020955   0.781938  -0.560504
  104  H   3 XZ   0.246915  -0.628231  -0.015414   1.176215  -0.843175
  105  H   3 YZ   0.230673  -0.369500   0.097296   0.438854  -0.893114
  106  CU  4  S   0.000012   0.006502  -0.000120   0.000171  -0.095880
  107  CU  4  X  -0.000004   0.024034  -0.000030  -0.000028   0.021418
  108  CU  4  Y   0.001281   0.000007   0.041343   0.001838  -0.000046
  109  CU  4  Z   0.001926   0.000000  -0.027499   0.002763   0.000045
  110  CU  4 XX  -0.000099   0.459888  -0.000175  -0.000006   0.037278
  111  CU  4 YY   0.000277  -0.279990   0.000124  -0.000077   0.005304
  112  CU  4 ZZ  -0.000187  -0.145543   0.000075   0.000011   0.000807
  113  CU  4 XY   0.337054   0.000213   0.321888  -0.148348  -0.000603
  114  CU  4 XZ   0.506735   0.000052  -0.214101  -0.223035  -0.000015
  115  CU  4 YZ   0.000064   0.185193  -0.000055  -0.000008  -0.006196
  116  CU  4 XX   0.000181  -0.983918   0.000571  -0.000127   0.000460
  117  CU  4 YY  -0.000391   0.318059  -0.000082   0.000214  -0.070624
  118  CU  4 ZZ   0.000294   0.110571  -0.000004   0.000050  -0.061204
  119  CU  4 XY  -0.529814  -0.000335  -0.483732   0.243268   0.000971
  120  CU  4 XZ  -0.796534  -0.000090   0.321750   0.365743   0.000053
  121  CU  4 YZ  -0.000095  -0.285802   0.000087   0.000011   0.012977
  122  CU  4  S  -0.000230   0.688189   0.000692  -0.001983   1.192183
  123  CU  4  X  -0.000178   1.049436   0.001103  -0.000681   0.402566
  124  CU  4  Y   0.218227   0.000087  -0.160852  -0.371927  -0.000633
  125  CU  4  Z   0.328089   0.000086   0.106992  -0.559167  -0.000947
  126  CU  4  S   0.000130   0.547030  -0.000616   0.002309  -1.191004
  127  CU  4  X   0.000072   0.132184  -0.000508   0.001161  -0.609884
  128  CU  4  Y   0.085190   0.000070   0.045511   0.061605   0.000065
  129  CU  4  Z   0.128076  -0.000024  -0.030271   0.092619   0.000153
  130  CU  4  S   0.000008  -0.072726   0.000339  -0.000091   0.033416
  131  CU  4  X   0.000028   0.109376  -0.000372   0.000555  -0.305068
  132  CU  4  Y   0.010934   0.000000  -0.023200  -0.009370  -0.000011
  133  CU  4  Z   0.016438   0.000009   0.015431  -0.014088  -0.000042
  134  CU  4 XX  -0.000136   0.966491   0.000442   0.000320  -0.155356
  135  CU  4 YY   0.000269  -0.519194   0.000221   0.000258  -0.277089
  136  CU  4 ZZ  -0.000027  -0.386249   0.000206   0.000561  -0.302554
  137  CU  4 XY   0.446523   0.000224  -0.028686  -0.371441  -0.000742
  138  CU  4 XZ   0.671313   0.000109   0.019083  -0.558437  -0.000788
  139  CU  4 YZ   0.000048   0.183125  -0.000033  -0.000016  -0.035077
  140  CU   XXX  -0.000004  -0.002892   0.000044  -0.000036   0.019179
  141  CU   YYY  -0.010016  -0.000003   0.014005   0.001772  -0.000005
  142  CU   ZZZ  -0.015107  -0.000004  -0.008763   0.003529   0.000013
  143  CU   XXY   0.010853   0.000000  -0.029082  -0.003605   0.000020
  144  CU   XXZ   0.016316   0.000003   0.019343  -0.005420  -0.000030
  145  CU   YYX  -0.000008  -0.030710   0.000047  -0.000084   0.040553
  146  CU   YYZ  -0.006769  -0.000001  -0.005053   0.001806   0.000008
  147  CU   ZZX   0.000008  -0.030406   0.000049  -0.000060   0.037748
  148  CU   ZZY  -0.004546  -0.000001   0.006482   0.001974  -0.000000
  149  CU   XYZ  -0.000002   0.000418   0.000000   0.000002  -0.003864
  150  CU   XXX  -0.000102   0.369529   0.000310  -0.000020   0.028879
  151  CU   YYY  -0.238212  -0.000050   0.368963   0.010905  -0.000271
  152  CU   ZZZ  -0.363243  -0.000071  -0.235731   0.039331   0.000270
  153  CU   XXY   0.368229   0.000049  -0.704658  -0.053279   0.000548
  154  CU   XXZ   0.553605   0.000075   0.468699  -0.080095  -0.000596
  155  CU   YYX  -0.000205  -0.547890   0.000426  -0.001101   0.452566
  156  CU   YYZ  -0.163789  -0.000010  -0.125285   0.023610   0.000156
  157  CU   ZZX   0.000299  -0.528912   0.000475  -0.000494   0.389441
  158  CU   ZZY  -0.113503  -0.000025   0.168826   0.036176  -0.000072
  159  CU   XYZ  -0.000063   0.026140   0.000042   0.000047  -0.086952

                    101        102        103        104        105
                    2.8366     2.9948     3.4759     3.5243     3.5355
                     A          A          A          A          A   
    1  O   1  S   0.000042  -0.110984  -0.000123  -0.100634  -0.000000
    2  O   1  S   0.000102  -0.183119  -0.000426  -0.278749  -0.000000
    3  O   1  S   0.000029  -0.187952  -0.001102  -0.696966  -0.000001
    4  O   1  S  -0.004354  10.646635   0.018161  11.934709   0.000010
    5  O   1  X   0.000010  -0.208514   0.000060   0.000850  -0.000000
    6  O   1  Y  -0.002862   0.000026   0.027560  -0.000046   0.000002
    7  O   1  Z  -0.004303  -0.000008   0.041434  -0.000084   0.000005
    8  O   1  X  -0.000548   1.575097   0.000730   0.744323   0.000001
    9  O   1  Y  -0.328058  -0.000364  -0.634797   0.001279  -0.000083
   10  O   1  Z  -0.493214   0.000459  -0.954374   0.002337  -0.000137
   11  O   1  X   0.000261  -0.754918   0.004890   2.611560   0.000002
   12  O   1  Y  -0.657750   0.000190   0.003147  -0.001281  -0.001447
   13  O   1  Z  -0.988883  -0.000197   0.004737   0.000766  -0.002139
   14  O   1 XX  -0.000001  -0.074732  -0.000066  -0.045087  -0.000000
   15  O   1 YY   0.000007   0.026896  -0.000133  -0.097256  -0.008578
   16  O   1 ZZ  -0.000019   0.039658  -0.000085  -0.028278   0.008578
   17  O   1 XY  -0.018425  -0.000021  -0.077475   0.000149   0.000001
   18  O   1 XZ  -0.027701  -0.000007  -0.116478   0.000289   0.000014
   19  O   1 YZ   0.000005   0.017580   0.000195   0.095013  -0.004151
   20  O   1 XX   0.000041  -0.121380  -0.000399  -0.347170  -0.000000
   21  O   1 YY   0.000359  -0.278829  -0.001051  -0.945530  -0.101840
   22  O   1 ZZ  -0.000642   0.342858  -0.000571  -0.311550   0.101839
   23  O   1 XY  -0.105277  -0.000452  -0.584386   0.000766  -0.000049
   24  O   1 XZ  -0.158278   0.000195  -0.878583   0.001998  -0.000104
   25  O   1 YZ  -0.000266   0.856343   0.001688   0.873274  -0.049288
   26  O    XXX  -0.000008   0.062153   0.000175   0.077295   0.000000
   27  O    YYY  -0.045581  -0.000018  -0.097103   0.000164   0.000039
   28  O    ZZZ  -0.040977   0.000014  -0.087122   0.000180   0.000021
   29  O    XXY  -0.028091  -0.000010  -0.008760   0.000002  -0.000005
   30  O    XXZ  -0.042232   0.000010  -0.013170   0.000015  -0.000022
   31  O    YYX  -0.000021   0.086347   0.000089   0.058834  -0.044028
   32  O    YYZ  -0.011094  -0.000019  -0.023512   0.000051  -0.000010
   33  O    ZZX  -0.000007   0.088544   0.000165   0.052064   0.044028
   34  O    ZZY   0.017207   0.000014   0.036892  -0.000115  -0.000053
   35  O    XYZ  -0.000015   0.003027  -0.000017  -0.009325  -0.021309
   36  O   1  S  -0.001124   0.213420  -0.007562  -3.111179  -0.000003
   37  O   1  X   0.000208  -0.689023  -0.003637  -1.762089  -0.000001
   38  O   1  Y   0.184060   0.000456   1.594973  -0.002973   0.000028
   39  O   1  Z   0.276722   0.000155   2.397934  -0.005174   0.000101
   40  O   1 XX   0.000636  -0.535560   0.000963   0.040050   0.000000
   41  O   1 YY   0.001071  -1.573805   0.000609  -0.445488   0.279492
   42  O   1 ZZ   0.000067  -1.296302   0.002007   0.611933  -0.279492
   43  O   1 XY   0.003771  -0.000055  -0.598979   0.000839  -0.000820
   44  O   1 XZ   0.005669   0.000078  -0.900523   0.001928  -0.001208
   45  O   1 YZ   0.000137   0.382246   0.003167   1.456542   0.135272
   46  O    XXX  -0.000667   3.035335   0.000017   0.455185   0.000000
   47  O    YYY  -0.637670  -0.000402  -0.408154   0.000907  -0.000180
   48  O    ZZZ  -1.492806   0.000229  -0.968177   0.002527  -0.000225
   49  O    XXY   0.518722  -0.000337  -0.718202   0.001020   0.000046
   50  O    XXZ   0.779863   0.000305  -1.079768   0.002384   0.000133
   51  O    YYX  -0.000057   0.728679   0.000689   0.247022   0.231399
   52  O    YYZ  -0.807794  -0.000014  -0.526043   0.000648  -0.000014
   53  O    ZZX  -0.000387   0.986245   0.001142   0.849285  -0.231398
   54  O    ZZY  -1.013933  -0.000335  -0.666285   0.001449   0.000090
   55  O    XYZ   0.000099   0.354786   0.001866   0.829584   0.111995
   56  H   2  S  -0.397359  -0.350804  -1.537827  -1.361794   0.000227
   57  H   2  S  -1.439243  -4.531063  -3.275725  -5.144978  -0.002699
   58  H   2  S   2.901032   1.128008   8.758653   5.855373  -0.000827
   59  H   2  X  -0.124199  -0.071900  -0.054787  -0.174434  -0.000004
   60  H   2  Y   0.007294  -0.010455   0.222102   0.115702   0.151758
   61  H   2  Z   0.011028  -0.015611   0.333807   0.173854  -0.101056
   62  H   2  X   1.855720   1.266647   0.754524   1.392956   0.000375
   63  H   2  Y   0.145904  -1.458828  -1.256372  -1.040433   0.023836
   64  H   2  Z   0.218968  -2.191988  -1.888367  -1.563433  -0.016156
   65  H   2 XX  -0.133189  -0.031984  -0.601607  -0.685181   0.000545
   66  H   2 YY  -0.125254  -0.191688  -0.373890  -0.230336   0.364475
   67  H   2 ZZ  -0.112873  -0.193703  -0.447424  -0.582354  -0.364845
   68  H   2 XY   0.048725   0.099423   0.131295   0.060680   0.541066
   69  H   2 XZ   0.073365   0.149458   0.197019   0.090816  -0.359646
   70  H   2 YZ   0.016878  -0.002851  -0.101300  -0.485123   0.176799
   71  H   2  S   0.047170   0.045762   0.350491   0.144639   0.000045
   72  H   2  X   0.124508   0.083156  -1.147739  -0.150641   0.000131
   73  H   2  Y   0.435667   0.008079   0.157471   0.405828  -0.013531
   74  H   2  Z   0.654561   0.012376   0.235818   0.609928   0.008669
   75  H   2 XX  -1.148837  -0.232663  -1.674974  -1.839323  -0.000198
   76  H   2 YY  -0.357380  -0.017111  -2.067320  -1.862450  -0.242305
   77  H   2 ZZ  -0.117792  -0.389889  -2.335875  -1.672602   0.242555
   78  H   2 XY   0.170839   0.139819  -0.049780  -0.076627  -0.265857
   79  H   2 XZ   0.256638   0.209992  -0.074555  -0.115085   0.176819
   80  H   2 YZ   0.330733  -0.514153  -0.369908   0.261746  -0.117280
   81  H   3  S   0.397187  -0.350283   1.531907  -1.367915  -0.000230
   82  H   3  S   1.443013  -4.532047   3.259142  -5.159488   0.002690
   83  H   3  S  -2.899764   1.124990  -8.733491   5.890819   0.000837
   84  H   3  X   0.124182  -0.071852   0.054117  -0.174666   0.000004
   85  H   3  Y   0.007350   0.010417   0.221599  -0.116609  -0.151847
   86  H   3  Z   0.010988   0.015769   0.333267  -0.175411   0.100885
   87  H   3  X  -1.857286   1.266335  -0.749654   1.396236  -0.000373
   88  H   3  Y   0.144564   1.457753  -1.252980   1.044955  -0.024150
   89  H   3  Z   0.217732   2.192897  -1.884272   1.571810   0.015766
   90  H   3 XX   0.133165  -0.031789   0.598707  -0.687481  -0.000546
   91  H   3 YY   0.125106  -0.191474   0.372820  -0.231723   0.364936
   92  H   3 ZZ   0.112960  -0.193588   0.445019  -0.584196  -0.364568
   93  H   3 XY   0.048886  -0.099403   0.130748  -0.060957  -0.540739
   94  H   3 XZ   0.073387  -0.149463   0.196943  -0.092059   0.359910
   95  H   3 YZ  -0.016905  -0.002838   0.099441  -0.485279   0.176225
   96  H   3  S  -0.047199   0.045725  -0.349928   0.146157  -0.000045
   97  H   3  X  -0.124956   0.083406   1.147112  -0.155289  -0.000131
   98  H   3  Y   0.435144  -0.008151   0.154775  -0.406164   0.013273
   99  H   3  Z   0.654644  -0.012024   0.233621  -0.610851  -0.009161
  100  H   3 XX   1.148568  -0.231804   1.666818  -1.846160   0.000195
  101  H   3 YY   0.357341  -0.015948   2.059151  -1.870853  -0.242520
  102  H   3 ZZ   0.117103  -0.389557   2.328766  -1.681914   0.242265
  103  H   3 XY   0.170902  -0.139609  -0.049041   0.076746   0.265816
  104  H   3 XZ   0.257146  -0.210109  -0.074016   0.115502  -0.176820
  105  H   3 YZ  -0.330203  -0.513957   0.371394   0.260015  -0.117367
  106  CU  4  S  -0.000000   0.099473  -0.000078  -0.021995  -0.000000
  107  CU  4  X   0.000008  -0.169549   0.000121   0.037330   0.000000
  108  CU  4  Y   0.036664  -0.000029  -0.017872   0.000011   0.000016
  109  CU  4  Z   0.055122   0.000015  -0.026870   0.000078   0.000029
  110  CU  4 XX  -0.000009  -0.468659   0.000158   0.038291   0.000000
  111  CU  4 YY   0.000007   0.163567  -0.000035   0.002985   0.008488
  112  CU  4 ZZ   0.000006   0.154044  -0.000030  -0.019109  -0.008488
  113  CU  4 XY   0.191054  -0.000145  -0.035907   0.000023   0.000006
  114  CU  4 XZ   0.287237   0.000076  -0.053984   0.000146   0.000018
  115  CU  4 YZ   0.000014  -0.013117  -0.000083  -0.030434   0.004108
  116  CU  4 XX   0.000001   1.363215  -0.000700  -0.171171  -0.000000
  117  CU  4 YY  -0.000025   0.238290  -0.000344  -0.112352  -0.020401
  118  CU  4 ZZ  -0.000029   0.254125  -0.000351  -0.071041   0.020401
  119  CU  4 XY  -0.302368   0.000248   0.062904  -0.000039   0.000000
  120  CU  4 XZ  -0.454590  -0.000127   0.094571  -0.000260  -0.000018
  121  CU  4 YZ  -0.000021   0.021812   0.000153   0.056903  -0.009874
  122  CU  4  S   0.000086  -3.690922   0.002612   0.667078   0.000000
  123  CU  4  X  -0.000029  -0.095760  -0.001585  -0.694281  -0.000001
  124  CU  4  Y  -0.044347  -0.000049  -0.053465   0.000129  -0.000197
  125  CU  4  Z  -0.066673   0.000034  -0.080381   0.000154  -0.000301
  126  CU  4  S   0.000248  -0.470317  -0.002086  -1.113517  -0.000001
  127  CU  4  X   0.000107  -0.251957  -0.000526  -0.327001  -0.000000
  128  CU  4  Y  -0.011382  -0.000112  -0.157448   0.000211   0.000014
  129  CU  4  Z  -0.017111   0.000002  -0.236712   0.000536   0.000015
  130  CU  4  S  -0.000005   0.245064  -0.000428  -0.139629  -0.000000
  131  CU  4  X  -0.000002   0.076485  -0.000159  -0.064401  -0.000000
  132  CU  4  Y  -0.030002   0.000015   0.028992  -0.000015  -0.000035
  133  CU  4  Z  -0.045105  -0.000012   0.043588  -0.000138  -0.000064
  134  CU  4 XX  -0.000042   0.978341  -0.001993  -0.732455  -0.000001
  135  CU  4 YY  -0.000043   1.146527  -0.001066  -0.294477   0.030996
  136  CU  4 ZZ   0.000021   1.131254  -0.001109  -0.362817  -0.030996
  137  CU  4 XY   0.019546  -0.000087  -0.021478   0.000057  -0.000177
  138  CU  4 XZ   0.029386   0.000058  -0.032291   0.000067  -0.000261
  139  CU  4 YZ  -0.000015  -0.021038  -0.000225  -0.094135   0.015001
  140  CU   XXX   0.000001   0.044255  -0.000022  -0.005366  -0.000000
  141  CU   YYY   0.009278  -0.000003  -0.004727   0.000003   0.000009
  142  CU   ZZZ   0.013919   0.000002  -0.006044   0.000018   0.000014
  143  CU   XXY  -0.019160   0.000011   0.005063  -0.000002  -0.000010
  144  CU   XXZ  -0.028805  -0.000006   0.007611  -0.000022  -0.000016
  145  CU   YYX  -0.000004  -0.012023   0.000020   0.007001   0.004534
  146  CU   YYZ   0.006217   0.000001  -0.002424   0.000008   0.000006
  147  CU   ZZX   0.000001  -0.010460   0.000015   0.009347  -0.004534
  148  CU   ZZY   0.004109  -0.000001  -0.000663  -0.000001   0.000003
  149  CU   XYZ  -0.000003   0.002153   0.000010   0.003231   0.002194
  150  CU   XXX   0.000024   0.741388  -0.000317  -0.079691  -0.000000
  151  CU   YYY   0.192481  -0.000095  -0.048439   0.000031   0.000080
  152  CU   ZZZ   0.290751   0.000047  -0.064018   0.000176   0.000117
  153  CU   XXY  -0.381931   0.000225   0.067922  -0.000033  -0.000100
  154  CU   XXZ  -0.574207  -0.000106   0.102116  -0.000272  -0.000156
  155  CU   YYX  -0.000091  -0.344478   0.000247   0.077133   0.035519
  156  CU   YYZ   0.130387   0.000023  -0.026318   0.000077   0.000051
  157  CU   ZZX   0.000038  -0.323335   0.000194   0.093175  -0.035519
  158  CU   ZZY   0.087948  -0.000037  -0.009647  -0.000006   0.000024
  159  CU   XYZ  -0.000068   0.029123   0.000082   0.022097   0.017191

                    106        107        108        109        110
                    3.7635     3.8790     3.8938     3.9668     3.9734
                     A          A          A          A          A   
    1  O   1  S  -0.000003   0.123085  -0.000054  -0.000001  -0.180586
    2  O   1  S   0.000030   0.110259  -0.000161  -0.000000  -0.094733
    3  O   1  S  -0.000043   1.386107   0.000134  -0.000011  -3.401393
    4  O   1  S  -0.003771  -5.374132   0.002472   0.000069  20.302696
    5  O   1  X  -0.000028   0.192877  -0.000042  -0.000001  -0.219698
    6  O   1  Y   0.009306  -0.000017  -0.085427  -0.000082  -0.000043
    7  O   1  Z   0.013990   0.000041   0.056821  -0.000074  -0.000041
    8  O   1  X  -0.000220  -0.440696   0.000426   0.000005   1.396981
    9  O   1  Y  -0.030376   0.000094   0.176595   0.000429   0.000195
   10  O   1  Z  -0.045668  -0.000108  -0.117461   0.000422   0.000386
   11  O   1  X  -0.000939  -0.537963   0.000073   0.000010   2.845998
   12  O   1  Y  -3.684576  -0.001201   1.253435   0.004382   0.002443
   13  O   1  Z  -5.539513  -0.001009  -0.833717   0.006306  -0.000724
   14  O   1 XX  -0.000000   0.133085   0.000006  -0.000001  -0.404979
   15  O   1 YY  -0.000006   0.178406   0.000043  -0.018480  -0.438433
   16  O   1 ZZ  -0.000022   0.204922   0.000050   0.018477  -0.418610
   17  O   1 XY   0.003773   0.000021   0.019026   0.000017  -0.000024
   18  O   1 XZ   0.005673   0.000013  -0.012655   0.000008   0.000018
   19  O   1 YZ  -0.000029   0.036525   0.000037  -0.008943   0.027306
   20  O   1 XX  -0.000194   1.916407   0.000507  -0.000015  -4.501651
   21  O   1 YY   0.000068   2.076912   0.000204   0.331110  -4.906958
   22  O   1 ZZ  -0.000415   1.937146   0.000282  -0.331142  -4.761189
   23  O   1 XY  -0.192152  -0.000030   0.160590   0.000329  -0.000123
   24  O   1 XZ  -0.288888  -0.000060  -0.106816   0.000368   0.000169
   25  O   1 YZ  -0.000172  -0.192520   0.000049   0.160261   0.200787
   26  O    XXX  -0.000038   0.080580   0.000020   0.000000  -0.004359
   27  O    YYY  -0.039985   0.000004  -0.014996  -0.000110  -0.000066
   28  O    ZZZ   0.011643  -0.000042  -0.082708  -0.000070   0.000034
   29  O    XXY   0.030176  -0.000021  -0.014165   0.000018   0.000041
   30  O    XXZ   0.045368  -0.000022   0.009422   0.000035   0.000062
   31  O    YYX  -0.000021   0.009134  -0.000056   0.133499  -0.015666
   32  O    YYZ   0.024041  -0.000014   0.153134   0.000054   0.000107
   33  O    ZZX   0.000001  -0.054840   0.000004  -0.133498   0.153344
   34  O    ZZY   0.080026  -0.000060  -0.043280   0.000131   0.000037
   35  O    XYZ   0.000001  -0.088121   0.000010   0.064612   0.232801
   36  O   1  S   0.001189  -3.297354   0.000463   0.000007   2.390326
   37  O   1  X   0.000671  -0.893478  -0.001744  -0.000004  -0.969363
   38  O   1  Y   0.090976   0.000239   0.053807  -0.000338   0.000008
   39  O   1  Z   0.136776  -0.000322  -0.035789  -0.000615  -0.000088
   40  O   1 XX  -0.000228   2.008869   0.001115  -0.000015  -4.544081
   41  O   1 YY   0.000867   2.258878  -0.000029   1.110342  -4.875574
   42  O   1 ZZ  -0.001807   3.068549   0.001033  -1.110374  -5.146001
   43  O   1 XY  -1.787488  -0.000504   0.387223   0.002394   0.000829
   44  O   1 XZ  -2.687369  -0.000312  -0.257560   0.003689  -0.000737
   45  O   1 YZ  -0.000121   1.115282   0.001095   0.537397  -0.372511
   46  O    XXX  -0.000120  -0.157286   0.000377   0.000001   0.363309
   47  O    YYY   0.452105   0.000142  -0.482784  -0.000400   0.000120
   48  O    ZZZ  -0.116197   0.000512   0.588430   0.000001  -0.000958
   49  O    XXY  -0.195308   0.000154   0.404744   0.000419  -0.000421
   50  O    XXZ  -0.293633  -0.000090  -0.269213   0.000466   0.000074
   51  O    YYX   0.000248   0.374681   0.000113   0.184878  -0.053654
   52  O    YYZ  -0.260870   0.000022  -0.285184  -0.000066   0.000493
   53  O    ZZX  -0.000727   0.689030   0.000306  -0.184879  -0.235570
   54  O    ZZY  -0.883772   0.000054  -0.110424   0.000367  -0.000293
   55  O    XYZ  -0.000026   0.433002   0.000405   0.089478  -0.250582
   56  H   2  S  -0.218854  -0.674683  -0.000385   0.000015   0.443149
   57  H   2  S  -5.851960  -0.938021  -0.001922   0.007085  -2.717310
   58  H   2  S   2.399495   2.113350   0.001314  -0.001087   1.760501
   59  H   2  X  -0.067263  -0.210376   0.000155   0.000099   0.327551
   60  H   2  Y  -0.074467  -0.013290   0.521021  -0.749280   0.225515
   61  H   2  Z  -0.111665  -0.019847  -0.346542   0.498595   0.337130
   62  H   2  X   0.902021   0.382907   0.000193  -0.000682   0.248433
   63  H   2  Y  -0.160248   0.267827  -0.699427   1.478171  -1.281890
   64  H   2  Z  -0.240888   0.402508   0.464829  -0.982068  -1.922840
   65  H   2 XX  -0.418127   0.371620  -0.000060   0.000123   0.069747
   66  H   2 YY   0.269707  -0.428658  -0.347939   0.372425  -0.123296
   67  H   2 ZZ  -0.093348  -0.232604   0.347742  -0.372216  -0.383670
   68  H   2 XY  -0.301659   0.040627  -0.457456  -0.115376   0.261997
   69  H   2 XZ  -0.454344   0.061631   0.304248   0.076964   0.392424
   70  H   2 YZ  -0.499251   0.270194  -0.168383   0.180303  -0.358839
   71  H   2  S   0.075629   0.092464   0.000152  -0.000131   0.149573
   72  H   2  X   0.087575   0.483818   0.000492  -0.000008  -0.506362
   73  H   2  Y   0.434492   0.122912  -0.179791   0.252602   0.252013
   74  H   2  Z   0.653193   0.185034   0.119814  -0.167783   0.379037
   75  H   2 XX  -0.625429  -1.111480  -0.000698   0.000427   0.318069
   76  H   2 YY  -0.906112  -0.672431  -0.198864   0.209768   0.020072
   77  H   2 ZZ  -0.397590  -0.604128   0.197949  -0.207917  -0.112960
   78  H   2 XY   0.082520  -0.098105   0.157687  -0.396685   0.042635
   79  H   2 XZ   0.124800  -0.147768  -0.105081   0.263696   0.063834
   80  H   2 YZ   0.700410   0.094412  -0.095973   0.100336  -0.185102
   81  H   3  S   0.219617  -0.674775  -0.000385  -0.000013   0.443239
   82  H   3  S   5.856615  -0.936341  -0.001919  -0.007106  -2.718290
   83  H   3  S  -2.402985   2.113368   0.001314   0.001101   1.761182
   84  H   3  X   0.067486  -0.210411   0.000155  -0.000097   0.327544
   85  H   3  Y  -0.074111   0.012999   0.520744   0.749454  -0.223551
   86  H   3  Z  -0.111711   0.019676  -0.346383  -0.498283  -0.338000
   87  H   3  X  -0.903111   0.382779   0.000193   0.000684   0.248783
   88  H   3  Y  -0.160750  -0.267769  -0.698803  -1.477212   1.278133
   89  H   3  Z  -0.241710  -0.402724   0.465196   0.983707   1.925963
   90  H   3 XX   0.418292   0.371661  -0.000060  -0.000123   0.069730
   91  H   3 YY  -0.268918  -0.428827   0.347818   0.372449  -0.123210
   92  H   3 ZZ   0.093142  -0.232323  -0.348015  -0.372661  -0.384053
   93  H   3 XY  -0.302323  -0.041154  -0.457496   0.115390  -0.260868
   94  H   3 XZ  -0.453702  -0.061322   0.304327  -0.076532  -0.393668
   95  H   3 YZ   0.499559   0.270536   0.168354   0.180203  -0.359118
   96  H   3  S  -0.075744   0.092518   0.000152   0.000132   0.149582
   97  H   3  X  -0.087824   0.483715   0.000492   0.000005  -0.506349
   98  H   3  Y   0.434673  -0.122959  -0.179975  -0.252488  -0.252241
   99  H   3  Z   0.653538  -0.184615   0.119483   0.168172  -0.379078
  100  H   3 XX   0.626804  -1.111435  -0.000698  -0.000426   0.317919
  101  H   3 YY   0.907268  -0.672466   0.197854   0.207453   0.021077
  102  H   3 ZZ   0.398740  -0.604008  -0.198769  -0.209305  -0.114188
  103  H   3 XY   0.083161   0.098357   0.157769   0.396593  -0.042362
  104  H   3 XZ   0.124290   0.147598  -0.104743  -0.263949  -0.063947
  105  H   3 YZ  -0.700526   0.093970   0.096032   0.101592  -0.184467
  106  CU  4  S   0.000068  -0.629407   0.000370  -0.000001  -0.413269
  107  CU  4  X  -0.000024   0.032266   0.000047  -0.000000  -0.143304
  108  CU  4  Y   0.018060   0.000025   0.049122  -0.000011  -0.000051
  109  CU  4  Z   0.027152  -0.000006  -0.032673  -0.000037   0.000030
  110  CU  4 XX  -0.000041   0.211123  -0.000112   0.000000   0.113980
  111  CU  4 YY  -0.000029   0.183965  -0.000094  -0.012353   0.117782
  112  CU  4 ZZ   0.000002   0.179901  -0.000109   0.012353   0.112585
  113  CU  4 XY   0.008208   0.000017   0.056881   0.000018  -0.000034
  114  CU  4 XZ   0.012340  -0.000004  -0.037834   0.000007   0.000017
  115  CU  4 YZ  -0.000001  -0.005598  -0.000008  -0.005979  -0.007158
  116  CU  4 XX   0.000352  -2.679581   0.001389  -0.000005  -1.596914
  117  CU  4 YY   0.000328  -2.629366   0.001333   0.030959  -1.498558
  118  CU  4 ZZ   0.000264  -2.622782   0.001364  -0.030967  -1.485758
  119  CU  4 XY  -0.024432  -0.000025  -0.106617  -0.000032   0.000055
  120  CU  4 XZ  -0.036732   0.000001   0.070915  -0.000011  -0.000031
  121  CU  4 YZ   0.000002   0.009070   0.000016   0.014986   0.017631
  122  CU  4  S  -0.001939  16.910831  -0.009342   0.000029  10.415924
  123  CU  4  X   0.000193  -0.518824  -0.001030   0.000004   1.248011
  124  CU  4  Y  -0.115383  -0.000149  -0.016717   0.000314   0.000219
  125  CU  4  Z  -0.173471   0.000072   0.011119   0.000505  -0.000191
  126  CU  4  S   0.000375  -0.494737  -0.000887  -0.000006  -1.767704
  127  CU  4  X   0.000073   0.190585  -0.000296  -0.000003  -0.821390
  128  CU  4  Y   0.010980  -0.000051   0.012573  -0.000013  -0.000061
  129  CU  4  Z   0.016508   0.000047  -0.008363  -0.000005   0.000029
  130  CU  4  S   0.000232  -1.803584   0.000652  -0.000002  -0.727606
  131  CU  4  X   0.000045  -0.024974  -0.000134   0.000001   0.431713
  132  CU  4  Y  -0.039663  -0.000059  -0.120259   0.000027   0.000126
  133  CU  4  Z  -0.059630   0.000016   0.079990   0.000091  -0.000072
  134  CU  4 XX   0.000750  -5.653055   0.002115  -0.000006  -2.325841
  135  CU  4 YY   0.000566  -5.442278   0.002650  -0.099031  -3.007995
  136  CU  4 ZZ   0.000754  -5.463479   0.002588   0.099014  -3.031341
  137  CU  4 XY  -0.067665  -0.000122  -0.005433   0.000234   0.000166
  138  CU  4 XZ  -0.101730   0.000069   0.003614   0.000371  -0.000153
  139  CU  4 YZ  -0.000027  -0.029205  -0.000040  -0.047926  -0.032157
  140  CU   XXX   0.000002  -0.011468   0.000005  -0.000000  -0.007819
  141  CU   YYY  -0.002471   0.000009   0.015580  -0.000001  -0.000016
  142  CU   ZZZ  -0.001519  -0.000005  -0.011912  -0.000007   0.000010
  143  CU   XXY   0.002101  -0.000010  -0.012465   0.000000   0.000013
  144  CU   XXZ   0.003159   0.000005   0.008291   0.000005  -0.000007
  145  CU   YYX  -0.000003  -0.001411   0.000006  -0.008420  -0.022093
  146  CU   YYZ  -0.000103  -0.000002  -0.002150  -0.000003   0.000002
  147  CU   ZZX  -0.000001   0.000429   0.000005   0.008420  -0.024169
  148  CU   ZZY   0.001891   0.000004   0.006357  -0.000000  -0.000006
  149  CU   XYZ  -0.000002   0.002534   0.000001  -0.004075  -0.002859
  150  CU   XXX   0.000027  -0.081934   0.000033  -0.000000  -0.123978
  151  CU   YYY  -0.022177   0.000067   0.106842  -0.000002  -0.000108
  152  CU   ZZZ  -0.019465  -0.000036  -0.080272  -0.000040   0.000066
  153  CU   XXY   0.002755  -0.000078  -0.102485   0.000011   0.000100
  154  CU   XXZ   0.004141   0.000039   0.068167   0.000052  -0.000063
  155  CU   YYX  -0.000037   0.002256   0.000036  -0.056589  -0.119806
  156  CU   YYZ  -0.005063  -0.000016  -0.017012  -0.000018   0.000015
  157  CU   ZZX  -0.000004   0.009377   0.000029   0.056588  -0.132483
  158  CU   ZZY   0.009016   0.000030   0.044148   0.000002  -0.000042
  159  CU   XYZ  -0.000015   0.009809   0.000000  -0.027388  -0.017462

                    111        112        113        114        115
                    4.0174     4.1081     4.1680     4.2732     4.4123
                     A          A          A          A          A   
    1  O   1  S   0.000250  -0.000003  -0.012886  -0.266032   0.000073
    2  O   1  S   0.000159  -0.000025  -0.069486  -0.345402   0.000055
    3  O   1  S   0.004894   0.000069   0.878486  -2.879221   0.001088
    4  O   1  S  -0.032357  -0.000217  -7.315488  14.990298  -0.005227
    5  O   1  X   0.000221   0.000086  -0.076695   0.049560   0.000067
    6  O   1  Y  -0.111550  -0.087157   0.000004   0.000073  -0.246564
    7  O   1  Z   0.074197  -0.131034  -0.000041  -0.000285  -0.370693
    8  O   1  X  -0.002278  -0.000203  -0.812455   0.297792   0.000052
    9  O   1  Y   0.436832   0.334796  -0.000094   0.000007   0.643260
   10  O   1  Z  -0.290557   0.503343   0.000040   0.001102   0.967098
   11  O   1  X  -0.004051  -0.000671   2.214428  -1.859208   0.000276
   12  O   1  Y   1.600508   3.276961  -0.000078   0.000653   0.912863
   13  O   1  Z  -1.064570   4.926690   0.001529   0.000179   1.372428
   14  O   1 XX   0.000590   0.000004   0.127764  -0.274372   0.000102
   15  O   1 YY   0.000641   0.000020   0.123139  -0.354665   0.000149
   16  O   1 ZZ   0.000576   0.000025   0.097394  -0.374456   0.000163
   17  O   1 XY  -0.019519   0.020567   0.000015   0.000008  -0.015117
   18  O   1 XZ   0.012983   0.030921  -0.000020  -0.000025  -0.022727
   19  O   1 YZ  -0.000075   0.000021  -0.035462  -0.027262   0.000054
   20  O   1 XX   0.005948   0.000012   0.998687  -4.393142   0.001862
   21  O   1 YY   0.007206  -0.000160   1.240303  -3.815286   0.001096
   22  O   1 ZZ   0.006873   0.000357   1.291458  -3.275174   0.001317
   23  O   1 XY  -0.042544   0.023179   0.000169   0.000400   0.235069
   24  O   1 XZ   0.028298   0.034848  -0.000021  -0.000023   0.353410
   25  O   1 YZ  -0.000055  -0.000130   0.070464   0.743977  -0.000488
   26  O    XXX  -0.000022   0.000010  -0.029941  -0.023552   0.000066
   27  O    YYY  -0.066271  -0.056108   0.000036  -0.000033  -0.132315
   28  O    ZZZ  -0.028750   0.086338  -0.000022   0.000106  -0.044878
   29  O    XXY   0.043197  -0.037878  -0.000011   0.000102   0.111343
   30  O    XXZ  -0.028732  -0.056947  -0.000003   0.000059   0.167396
   31  O    YYX  -0.000036  -0.000041  -0.060610   0.080378  -0.000132
   32  O    YYZ   0.136541   0.083414   0.000018  -0.000093   0.020364
   33  O    ZZX  -0.000286   0.000054  -0.111371   0.193710   0.000002
   34  O    ZZY  -0.058377   0.207805   0.000063   0.000149   0.151016
   35  O    XYZ  -0.000257  -0.000067  -0.069921   0.156108  -0.000178
   36  O   1  S  -0.003554  -0.000662  -1.102165  -0.998315   0.000662
   37  O   1  X   0.002049  -0.000414   1.796415  -1.825374   0.000648
   38  O   1  Y   0.053364   0.047522  -0.000076   0.000184  -0.245325
   39  O   1  Z  -0.035495   0.071446   0.000128  -0.000290  -0.368829
   40  O   1 XX   0.006073  -0.000048   0.291987  -7.395454   0.003015
   41  O   1 YY   0.006810  -0.000736   1.394243  -3.501814   0.001041
   42  O   1 ZZ   0.006972   0.001295   1.138247  -2.858047   0.001147
   43  O   1 XY   1.091366   0.583244  -0.000528   0.000292   0.103762
   44  O   1 XZ  -0.725915   0.876867   0.000746  -0.000368   0.156000
   45  O   1 YZ   0.000584  -0.000251  -0.352623   0.886756  -0.000336
   46  O    XXX  -0.000598  -0.000184  -0.136055  -0.476447   0.000373
   47  O    YYY   0.297305  -0.336264  -0.000507  -0.000228  -0.377204
   48  O    ZZZ  -0.483711  -0.604072   0.000408  -0.000350  -1.217810
   49  O    XXY  -0.215822  -0.033108   0.000407   0.000452   0.004715
   50  O    XXZ   0.143553  -0.049776  -0.000069  -0.000385   0.007089
   51  O    YYX  -0.000206  -0.000062  -0.717526   0.080318   0.000096
   52  O    YYZ   0.370277  -0.296008  -0.000671  -0.000217  -0.715416
   53  O    ZZX   0.000017   0.000305  -0.730834  -0.061169   0.000481
   54  O    ZZY   0.020116  -0.284807  -0.000108  -0.000485  -1.056537
   55  O    XYZ   0.000279   0.000010  -0.018331  -0.194891   0.000225
   56  H   2  S  -0.000443  -0.068961   0.220391   0.154959  -0.114486
   57  H   2  S   0.005515   3.306879   1.134015  -1.598173   1.003356
   58  H   2  S  -0.003238  -0.387032  -1.615195   4.002411  -0.203289
   59  H   2  X  -0.000325   0.894376   0.137052  -0.577168   0.027680
   60  H   2  Y   0.648188   0.178593  -0.062966  -0.302079  -0.242316
   61  H   2  Z  -0.432124   0.268399  -0.093922  -0.454102  -0.364258
   62  H   2  X  -0.000816  -1.781227  -0.626742   2.805241   0.176689
   63  H   2  Y  -1.373667   0.154820   0.481940   0.271510   1.302967
   64  H   2  Z   0.918886   0.233265   0.722201   0.409242   1.959333
   65  H   2 XX  -0.000150   0.351517  -0.335853  -0.418096  -0.245766
   66  H   2 YY   0.098752   0.032593   0.385885   0.135984   0.458548
   67  H   2 ZZ  -0.097614   0.092328   0.392226   0.143202   0.870273
   68  H   2 XY   0.489023  -0.203450  -0.202043   0.371115  -0.144066
   69  H   2 XZ  -0.326203  -0.305905  -0.302740   0.557807  -0.216996
   70  H   2 YZ   0.048336   0.081994   0.008307   0.008734   0.567159
   71  H   2  S  -0.000228   0.152888  -0.120168   0.268083   0.152163
   72  H   2  X   0.000465  -0.379836  -0.395349  -0.047837  -0.141225
   73  H   2  Y  -0.248096  -0.024756  -0.164885   0.701910   0.418444
   74  H   2  Z   0.164259  -0.037171  -0.248068   1.054790   0.629108
   75  H   2 XX   0.000081   0.882112   0.700875  -0.542138   0.438398
   76  H   2 YY  -0.433540   0.627602   0.174811   0.165419   0.814051
   77  H   2 ZZ   0.434247   0.347855   0.266234   0.301465   1.136848
   78  H   2 XY   0.089423  -0.126169  -0.071748   0.177057  -0.047253
   79  H   2 XZ  -0.059783  -0.190042  -0.107573   0.265663  -0.071194
   80  H   2 YZ  -0.209478  -0.385471   0.126840   0.187756   0.444645
   81  H   3  S  -0.000443   0.068662   0.220380   0.155069   0.114063
   82  H   3  S   0.005515  -3.307147   1.132818  -1.599486  -1.002952
   83  H   3  S  -0.003239   0.388474  -1.615104   4.002677   0.199825
   84  H   3  X  -0.000324  -0.894446   0.136773  -0.576862  -0.027097
   85  H   3  Y   0.649226   0.178634   0.062300   0.301897  -0.242303
   86  H   3  Z  -0.430843   0.268666   0.094405   0.453936  -0.364335
   87  H   3  X  -0.000817   1.781575  -0.626476   2.805526  -0.179326
   88  H   3  Y  -1.378932   0.154833  -0.479568  -0.271294   1.303610
   89  H   3  Z   0.911990   0.232278  -0.723364  -0.406829   1.959480
   90  H   3 XX  -0.000150  -0.351505  -0.335882  -0.417936   0.246530
   91  H   3 YY  -0.098023  -0.032826   0.386093   0.136500  -0.458617
   92  H   3 ZZ   0.099161  -0.092108   0.391790   0.141828  -0.870389
   93  H   3 XY   0.490072  -0.203539   0.201109  -0.371255  -0.144113
   94  H   3 XZ  -0.325036  -0.305975   0.303372  -0.558296  -0.216262
   95  H   3 YZ  -0.046900  -0.081946   0.008275   0.008548  -0.567166
   96  H   3  S  -0.000228  -0.152796  -0.120262   0.268012  -0.152332
   97  H   3  X   0.000465   0.380044  -0.395277  -0.047637   0.141185
   98  H   3  Y  -0.247489  -0.024925   0.165050  -0.701206   0.418951
   99  H   3  Z   0.165377  -0.037520   0.247967  -1.054699   0.629860
  100  H   3 XX   0.000081  -0.882615   0.700574  -0.542220  -0.437690
  101  H   3 YY   0.434005  -0.627898   0.173892   0.164762  -0.813938
  102  H   3 ZZ  -0.433297  -0.347865   0.266527   0.300937  -1.136857
  103  H   3 XY   0.089727  -0.126471   0.071448  -0.176601  -0.047167
  104  H   3 XZ  -0.059378  -0.189785   0.107713  -0.266038  -0.070760
  105  H   3 YZ   0.210401   0.385598   0.126690   0.187214  -0.444796
  106  CU  4  S  -0.000188   0.000126  -0.914041  -0.217211   0.000158
  107  CU  4  X   0.000003   0.000059  -0.391335  -0.103931   0.000119
  108  CU  4  Y  -0.047162   0.032403   0.000035   0.000018   0.013898
  109  CU  4  Z   0.031369   0.048716  -0.000025  -0.000027   0.020895
  110  CU  4 XX  -0.000042  -0.000003   0.058921   0.098012  -0.000029
  111  CU  4 YY   0.000096  -0.000043   0.317523   0.020620  -0.000029
  112  CU  4 ZZ   0.000102  -0.000052   0.313009   0.021419  -0.000041
  113  CU  4 XY  -0.029513   0.022538   0.000025   0.000037   0.013494
  114  CU  4 XZ   0.019630   0.033884  -0.000013  -0.000023   0.020287
  115  CU  4 YZ   0.000001   0.000004  -0.006217   0.001101   0.000002
  116  CU  4 XX  -0.000489   0.000377  -2.684399  -0.689864   0.000416
  117  CU  4 YY  -0.000906   0.000464  -3.321965  -0.479184   0.000407
  118  CU  4 ZZ  -0.000918   0.000488  -3.310470  -0.474972   0.000430
  119  CU  4 XY   0.054444  -0.038118  -0.000044  -0.000083  -0.033687
  120  CU  4 XZ  -0.036213  -0.057308   0.000028   0.000041  -0.050646
  121  CU  4 YZ   0.000000  -0.000009   0.015834   0.005803  -0.000009
  122  CU  4  S   0.004856  -0.003062  21.851471   4.652983  -0.003411
  123  CU  4  X  -0.001190  -0.000177   1.070073   1.132653  -0.000660
  124  CU  4  Y   0.229532  -0.091013  -0.000016   0.000169   0.010217
  125  CU  4  Z  -0.152672  -0.136832   0.000067  -0.000038   0.015360
  126  CU  4  S   0.002308  -0.000066   0.577567  -1.601305   0.000582
  127  CU  4  X   0.001242  -0.000014   0.331908  -0.697364   0.000264
  128  CU  4  Y  -0.038802   0.037393   0.000093  -0.000109   0.053468
  129  CU  4  Z   0.025809   0.056217  -0.000030   0.000061   0.080385
  130  CU  4  S  -0.000772   0.000263  -1.791397   0.029387   0.000078
  131  CU  4  X  -0.000077  -0.000147   1.016308   0.360993  -0.000364
  132  CU  4  Y   0.115032  -0.090032  -0.000095  -0.000039  -0.038319
  133  CU  4  Z  -0.076513  -0.135357   0.000068   0.000074  -0.057611
  134  CU  4 XX  -0.002407   0.000831  -6.038699  -0.651836   0.000598
  135  CU  4 YY  -0.001696   0.000961  -6.470252  -1.112516   0.000891
  136  CU  4 ZZ  -0.001714   0.000849  -6.486533  -1.175356   0.000886
  137  CU  4 XY   0.191948  -0.082186  -0.000026   0.000116   0.018578
  138  CU  4 XZ  -0.127673  -0.123561   0.000048  -0.000020   0.027930
  139  CU  4 YZ  -0.000026   0.000020  -0.022426  -0.086559   0.000045
  140  CU   XXX   0.000001   0.000003  -0.023725  -0.016105   0.000012
  141  CU   YYY  -0.014201   0.011848   0.000012   0.000007   0.000405
  142  CU   ZZZ   0.010168   0.019734  -0.000008  -0.000009   0.002643
  143  CU   XXY   0.012235  -0.010254  -0.000008  -0.000006   0.000446
  144  CU   XXZ  -0.008138  -0.015416   0.000002   0.000008   0.000670
  145  CU   YYX   0.000008   0.000010  -0.028412   0.004262   0.000004
  146  CU   YYZ   0.003065   0.009330   0.000001  -0.000007   0.001716
  147  CU   ZZX   0.000005   0.000001  -0.030224  -0.005964   0.000010
  148  CU   ZZY  -0.006066   0.007921   0.000005   0.000003   0.002956
  149  CU   XYZ  -0.000004   0.000001  -0.002496  -0.014084   0.000008
  150  CU   XXX   0.000140  -0.000001   0.005142  -0.145541   0.000088
  151  CU   YYY  -0.098178   0.075855   0.000073   0.000052   0.007267
  152  CU   ZZZ   0.069204   0.123888  -0.000045  -0.000057   0.018841
  153  CU   XXY   0.101828  -0.061663  -0.000044  -0.000057  -0.005506
  154  CU   XXZ  -0.067730  -0.092707   0.000020   0.000046  -0.008278
  155  CU   YYX   0.000015   0.000069  -0.202618   0.059786   0.000021
  156  CU   YYZ   0.022944   0.057989  -0.000001  -0.000039   0.010504
  157  CU   ZZX  -0.000008   0.000013  -0.209800   0.006681   0.000049
  158  CU   ZZY  -0.042367   0.047357   0.000031   0.000024   0.014050
  159  CU   XYZ  -0.000025   0.000008  -0.009894  -0.073148   0.000035

                    116        117        118        119        120
                    4.4963     4.6064     4.6440     4.8656     5.0363
                     A          A          A          A          A   
    1  O   1  S   0.000021   0.000001  -0.608959   0.000115  -0.000118
    2  O   1  S   0.000092   0.000001  -1.141335   0.000219  -0.000319
    3  O   1  S  -0.000532   0.000002  -2.566914   0.000538  -0.000796
    4  O   1  S   0.003404  -0.000013  17.585191  -0.002981  -0.003792
    5  O   1  X  -0.000132  -0.000001   0.403416  -0.000099  -0.000389
    6  O   1  Y  -0.443491  -0.000483  -0.000052  -0.227707   0.399511
    7  O   1  Z   0.294985   0.000516   0.000207  -0.342342   0.600637
    8  O   1  X   0.000033  -0.000001   1.292644  -0.000137  -0.000720
    9  O   1  Y   0.084018  -0.000139  -0.000007   0.305874   2.181441
   10  O   1  Z  -0.055884  -0.000589   0.000997   0.459860   3.279650
   11  O   1  X   0.000338   0.000001  -0.867858  -0.000005  -0.000108
   12  O   1  Y  -0.094075  -0.000060   0.000555   0.532064   1.762668
   13  O   1  Z   0.062574  -0.000055   0.000556   0.799922   2.650053
   14  O   1 XX  -0.000034   0.000000  -0.222312   0.000077  -0.000032
   15  O   1 YY  -0.000082   0.008339  -0.264335   0.000044  -0.000043
   16  O   1 ZZ  -0.000095  -0.008339  -0.254972   0.000032  -0.000077
   17  O   1 XY   0.009673   0.000029  -0.000056  -0.009659  -0.112177
   18  O   1 XZ  -0.006434  -0.000008  -0.000053  -0.014522  -0.168650
   19  O   1 YZ  -0.000005   0.004036   0.012897  -0.000015   0.000089
   20  O   1 XX  -0.001496   0.000001  -2.430730   0.000584  -0.001019
   21  O   1 YY   0.000737  -1.282757  -3.506741   0.000624  -0.001893
   22  O   1 ZZ  -0.001504   1.282763  -2.787667   0.000732  -0.001053
   23  O   1 XY  -0.897714  -0.001127  -0.000471  -0.665384   1.425657
   24  O   1 XZ   0.597110   0.000358   0.000778  -1.000361   2.143379
   25  O   1 YZ   0.000226  -0.620839   0.990485  -0.000120  -0.001447
   26  O    XXX  -0.000047  -0.000000   0.172641  -0.000079  -0.000184
   27  O    YYY  -0.161368  -0.000250   0.000019  -0.105518   0.048363
   28  O    ZZZ   0.059041   0.000086   0.000047  -0.152119   0.245124
   29  O    XXY  -0.058589  -0.000084   0.000052   0.108114   0.214765
   30  O    XXZ   0.038970   0.000074   0.000148   0.162542   0.322885
   31  O    YYX  -0.000178   0.149748   0.043824  -0.000053  -0.000105
   32  O    YYZ   0.125467   0.000118   0.000093  -0.066318   0.154877
   33  O    ZZX   0.000241  -0.149748  -0.024269   0.000073   0.000145
   34  O    ZZY  -0.091222  -0.000069   0.000013  -0.038292   0.256875
   35  O    XYZ   0.000043   0.072476  -0.093794  -0.000005  -0.000082
   36  O   1  S  -0.002379  -0.000007   5.223489  -0.000646  -0.002790
   37  O   1  X   0.000090   0.000000  -0.162055  -0.000014  -0.000503
   38  O   1  Y  -0.111028  -0.000111  -0.000288  -0.113146  -0.089039
   39  O   1  Z   0.073850   0.000160   0.000330  -0.170108  -0.133864
   40  O   1 XX  -0.002035   0.000001  -3.226270   0.000687  -0.001667
   41  O   1 YY   0.000005  -0.533863  -4.443783   0.000792  -0.001006
   42  O   1 ZZ  -0.000797   0.533871  -4.308253   0.000618  -0.000344
   43  O   1 XY  -0.645097  -0.000361  -0.000340  -0.532731   1.361133
   44  O   1 XZ   0.429082   0.000860   0.000842  -0.800925   2.046371
   45  O   1 YZ   0.000153  -0.258384   0.186684  -0.000095  -0.000686
   46  O    XXX  -0.001067  -0.000003   2.510728  -0.000126  -0.001338
   47  O    YYY  -1.271224  -0.000831  -0.000329  -0.126906   2.246004
   48  O    ZZZ   1.447263   0.001918   0.001872   0.327721   3.849502
   49  O    XXY  -0.852333  -0.000968  -0.000796  -1.217604   0.765283
   50  O    XXZ   0.566925   0.000493   0.000422  -1.830585   1.150551
   51  O    YYX   0.000967  -0.971565   1.055765  -0.000029  -0.000839
   52  O    YYZ  -0.587082  -0.000526   0.000341   0.282659   1.845645
   53  O    ZZX  -0.001257   0.971563   1.541362  -0.000603  -0.001129
   54  O    ZZY  -0.331063  -0.000950   0.000402   0.650724   1.649530
   55  O    XYZ  -0.000236  -0.470225   0.668882  -0.000058  -0.000333
   56  H   2  S   0.000055   0.000132   0.159518  -0.183722  -0.305698
   57  H   2  S  -0.000604   0.000586  -5.516725  -2.118948  12.130784
   58  H   2  S   0.002043  -0.000052  -2.481634  -0.887298   0.797381
   59  H   2  X  -0.000127  -0.000185   0.511886  -0.142030  -0.386735
   60  H   2  Y   0.081855  -0.363182  -0.292485  -0.268625   0.121751
   61  H   2  Z  -0.054486   0.241786  -0.439428  -0.403659   0.183007
   62  H   2  X   0.001307   0.000176   0.236599  -1.235328  -4.087654
   63  H   2  Y   1.390681  -1.085597  -1.100372  -0.546212   2.552023
   64  H   2  Z  -0.925186   0.721920  -1.654566  -0.821087   3.833772
   65  H   2 XX  -0.000490   0.000028   0.830053   1.296366   0.325567
   66  H   2 YY   0.720606  -0.689218   0.623620   0.133764  -0.368787
   67  H   2 ZZ  -0.720460   0.688748   0.382982  -0.081391   0.137191
   68  H   2 XY  -0.458713   0.557180   0.062770  -0.039775  -0.582792
   69  H   2 XZ   0.305774  -0.370799   0.094436  -0.059411  -0.875352
   70  H   2 YZ   0.348452  -0.333187  -0.331284  -0.297069   0.697888
   71  H   2  S   0.000011  -0.000076   0.108624   0.086654   0.016609
   72  H   2  X  -0.000298   0.000123  -0.330204  -0.240862  -0.214934
   73  H   2  Y   0.078517  -0.097541   0.173603   0.009226   0.278487
   74  H   2  Z  -0.051770   0.064659   0.260428   0.013814   0.418504
   75  H   2 XX  -0.000440  -0.000236   1.734244   0.826629   0.126022
   76  H   2 YY   0.237326  -0.132955   1.502053   0.397033  -0.045592
   77  H   2 ZZ  -0.237614   0.132659   1.366296   0.326103   0.113262
   78  H   2 XY  -0.129579   0.058347  -0.000561  -0.098287  -0.475452
   79  H   2 XZ   0.086381  -0.038719  -0.000675  -0.147536  -0.714515
   80  H   2 YZ   0.114902  -0.064357  -0.186776  -0.097737   0.219668
   81  H   3  S   0.000055  -0.000132   0.159593   0.183855   0.305265
   82  H   3  S  -0.000603  -0.000577  -5.522243   2.120702 -12.122801
   83  H   3  S   0.002043   0.000061  -2.482445   0.887706  -0.791221
   84  H   3  X  -0.000127   0.000184   0.512262   0.141981   0.386209
   85  H   3  Y   0.081267   0.363694   0.292307  -0.268471   0.121730
   86  H   3  Z  -0.054014  -0.241693   0.439767  -0.403828   0.183049
   87  H   3  X   0.001308  -0.000174   0.238404   1.235415   4.085333
   88  H   3  Y   1.389286   1.088339   1.101085  -0.546288   2.546998
   89  H   3  Z  -0.923893  -0.724066   1.655172  -0.821414   3.832261
   90  H   3 XX  -0.000490  -0.000031   0.829646  -1.296652  -0.325428
   91  H   3 YY  -0.719089  -0.689914   0.624019  -0.134446   0.368769
   92  H   3 ZZ   0.719234   0.690383   0.383544   0.081479  -0.138142
   93  H   3 XY  -0.458299  -0.558242  -0.062992  -0.039333  -0.581345
   94  H   3 XZ   0.304172   0.371116  -0.094638  -0.059522  -0.874849
   95  H   3 YZ  -0.348339  -0.334293  -0.331431   0.296721  -0.697319
   96  H   3  S   0.000011   0.000076   0.108657  -0.086683  -0.016416
   97  H   3  X  -0.000298  -0.000123  -0.330139   0.241121   0.214178
   98  H   3  Y   0.078003   0.097544  -0.173189   0.009287   0.277620
   99  H   3  Z  -0.052338  -0.065100  -0.260950   0.014019   0.417565
  100  H   3 XX  -0.000441   0.000232   1.734563  -0.827201  -0.126895
  101  H   3 YY  -0.237436  -0.133240   1.502412  -0.397479   0.045351
  102  H   3 ZZ   0.237147   0.133529   1.367062  -0.326491  -0.114152
  103  H   3 XY  -0.129733  -0.058555   0.000282  -0.098128  -0.474959
  104  H   3 XZ   0.086098   0.039038   0.000593  -0.147760  -0.714364
  105  H   3 YZ  -0.114876  -0.064476  -0.186662   0.097746  -0.218855
  106  CU  4  S  -0.000028  -0.000000   0.036731  -0.000026  -0.000048
  107  CU  4  X  -0.000024  -0.000000  -0.007773  -0.000030   0.000007
  108  CU  4  Y  -0.020445  -0.000060  -0.000063  -0.126535  -0.042862
  109  CU  4  Z   0.013599  -0.000030  -0.000026  -0.190237  -0.064441
  110  CU  4 XX   0.000048   0.000000  -0.010352   0.000003   0.000044
  111  CU  4 YY  -0.000031   0.012205  -0.004122  -0.000003   0.000001
  112  CU  4 ZZ  -0.000002  -0.012205  -0.010892   0.000017  -0.000009
  113  CU  4 XY  -0.023996  -0.000042  -0.000043  -0.063707  -0.002293
  114  CU  4 XZ   0.015961  -0.000005  -0.000004  -0.095779  -0.003447
  115  CU  4 YZ   0.000000   0.005907  -0.009325  -0.000008   0.000002
  116  CU  4 XX  -0.000147  -0.000000   0.073628  -0.000075  -0.000189
  117  CU  4 YY   0.000065  -0.021394   0.106590  -0.000074  -0.000084
  118  CU  4 ZZ   0.000017   0.021394   0.119286  -0.000113  -0.000052
  119  CU  4 XY   0.051018   0.000092   0.000087   0.136300   0.004521
  120  CU  4 XZ  -0.033934   0.000011   0.000010   0.204918   0.006798
  121  CU  4 YZ   0.000005  -0.010355   0.017488   0.000016  -0.000008
  122  CU  4  S   0.000516   0.000001  -0.831524   0.000614   0.001051
  123  CU  4  X   0.000673   0.000001   0.012459  -0.000018   0.000716
  124  CU  4  Y  -0.111024  -0.000058  -0.000079  -0.059784   0.221288
  125  CU  4  Z   0.073847   0.000168   0.000126  -0.089881   0.332691
  126  CU  4  S   0.000235   0.000001  -1.039145   0.000120  -0.000202
  127  CU  4  X   0.000027   0.000001  -0.508460   0.000070  -0.000136
  128  CU  4  Y   0.030038   0.000008   0.000024   0.040954  -0.015623
  129  CU  4  Z  -0.019980  -0.000074  -0.000077   0.061571  -0.023488
  130  CU  4  S   0.000214   0.000000   0.039857  -0.000067   0.000105
  131  CU  4  X   0.000164   0.000000  -0.030156   0.000100   0.000013
  132  CU  4  Y   0.049807   0.000166   0.000181   0.389594   0.146060
  133  CU  4  Z  -0.033129   0.000094   0.000085   0.585729   0.219591
  134  CU  4 XX   0.000337   0.000000   0.262739  -0.000207   0.000209
  135  CU  4 YY   0.000077   0.000223   0.228478  -0.000209  -0.000061
  136  CU  4 ZZ   0.000046  -0.000224   0.221184  -0.000196  -0.000211
  137  CU  4 XY  -0.084435  -0.000043  -0.000067  -0.046201   0.147116
  138  CU  4 XZ   0.056161   0.000128   0.000089  -0.069460   0.221179
  139  CU  4 YZ  -0.000048   0.000108  -0.010048   0.000008   0.000074
  140  CU   XXX  -0.000011  -0.000000   0.003604  -0.000008  -0.000007
  141  CU   YYY  -0.004689  -0.000020  -0.000020  -0.039055  -0.013143
  142  CU   ZZZ   0.000946  -0.000012  -0.000008  -0.060052  -0.020623
  143  CU   XXY   0.003644   0.000010   0.000012   0.018628   0.004954
  144  CU   XXZ  -0.002423   0.000005   0.000001   0.028006   0.007447
  145  CU   YYX   0.000010  -0.011823  -0.002023   0.000008   0.000017
  146  CU   YYZ   0.004880  -0.000001  -0.000001  -0.027206  -0.009450
  147  CU   ZZX  -0.000023   0.011823   0.002962  -0.000010  -0.000007
  148  CU   ZZY  -0.002954  -0.000004  -0.000010  -0.019287  -0.007056
  149  CU   XYZ  -0.000011  -0.005722   0.006867   0.000009   0.000013
  150  CU   XXX  -0.000148  -0.000000   0.006818  -0.000049  -0.000035
  151  CU   YYY  -0.038007  -0.000120  -0.000123  -0.239996  -0.072571
  152  CU   ZZZ   0.017381  -0.000058  -0.000043  -0.364710  -0.111954
  153  CU   XXY   0.029584   0.000059   0.000051   0.056816  -0.002292
  154  CU   XXZ  -0.019678   0.000015  -0.000000   0.085419  -0.003445
  155  CU   YYX   0.000070  -0.047193  -0.027052   0.000021   0.000069
  156  CU   YYZ   0.023976  -0.000012  -0.000008  -0.164125  -0.050815
  157  CU   ZZX  -0.000074   0.047193  -0.009113  -0.000043  -0.000003
  158  CU   ZZY  -0.020114  -0.000038  -0.000059  -0.112640  -0.036341
  159  CU   XYZ  -0.000046  -0.022841   0.024710   0.000036   0.000038

                    121        122        123        124        125
                    5.2189     5.2920     5.5159     5.7505     5.8581
                     A          A          A          A          A   
    1  O   1  S   0.000099  -0.381719   0.387385  -0.000553  -0.679094
    2  O   1  S   0.000264  -0.828510   0.892300  -0.001266  -1.606433
    3  O   1  S   0.000241  -1.990833   1.826759  -0.003099  -4.237502
    4  O   1  S   0.001940   2.994128  -0.157699   0.002246   0.315223
    5  O   1  X  -0.000098   0.058031   1.130883   0.000244   0.358361
    6  O   1  Y  -1.147462  -0.000022   0.000217   0.468159  -0.000520
    7  O   1  Z   0.763228  -0.000436   0.000217   0.703845  -0.000278
    8  O   1  X   0.000984   0.070098   0.328231  -0.001104  -2.606425
    9  O   1  Y   1.871258  -0.001061   0.000573  -1.519217   0.001016
   10  O   1  Z  -1.244655  -0.000875   0.001819  -2.284042  -0.000274
   11  O   1  X   0.000607  -1.633620  -3.223042  -0.002761  -3.589718
   12  O   1  Y   1.847690   0.000074   0.000457  -5.053093   0.003757
   13  O   1  Z  -1.228980  -0.000551   0.000670  -7.596987   0.002239
   14  O   1 XX   0.000045  -0.116766   0.085243  -0.000273  -0.499606
   15  O   1 YY   0.000003  -0.219903   0.226784  -0.000417  -0.481058
   16  O   1 ZZ  -0.000001  -0.191588   0.183626  -0.000161  -0.231417
   17  O   1 XY  -0.005035  -0.000035  -0.000077   0.140403  -0.000043
   18  O   1 XZ   0.003349   0.000094  -0.000036   0.211087  -0.000067
   19  O   1 YZ  -0.000048   0.039003  -0.059448   0.000179   0.343868
   20  O   1 XX   0.000830  -1.008085   2.296485  -0.003741  -5.761483
   21  O   1 YY   0.000140  -2.742761   2.081909  -0.003136  -4.413456
   22  O   1 ZZ  -0.000077  -3.414036   2.624662  -0.004099  -4.885020
   23  O   1 XY   0.332618  -0.000738   0.000236  -0.547683   0.000503
   24  O   1 XZ  -0.221238  -0.000184   0.000855  -0.823405  -0.000442
   25  O   1 YZ   0.000449  -0.924647   0.747615  -0.000410  -0.649556
   26  O    XXX  -0.000071  -0.218574   0.026444  -0.000175  -0.254063
   27  O    YYY  -0.189641  -0.000029  -0.000041  -0.207494   0.000322
   28  O    ZZZ   0.240995  -0.000027   0.000007  -0.216788  -0.000070
   29  O    XXY  -0.113719   0.000074   0.000010  -0.037841  -0.000098
   30  O    XXZ   0.075639  -0.000259   0.000210  -0.056892   0.000101
   31  O    YYX   0.000025   0.069631  -0.088339  -0.000105   0.016716
   32  O    YYZ  -0.127832  -0.000032   0.000004  -0.071972  -0.000030
   33  O    ZZX   0.000118   0.115455   0.068161  -0.000004  -0.027557
   34  O    ZZY  -0.039486  -0.000123   0.000133   0.037053  -0.000092
   35  O    XYZ   0.000005   0.063121   0.215572  -0.000027  -0.060983
   36  O   1  S  -0.001972  -2.669722  -2.230004  -0.002872  -6.408284
   37  O   1  X   0.000464  -1.122307  -0.113201  -0.000764  -1.480068
   38  O   1  Y  -0.078018   0.000315   0.000220  -1.386471   0.001030
   39  O   1  Z   0.051893   0.000101   0.000015  -2.084466   0.000762
   40  O   1 XX  -0.000430  -2.343936   2.473332  -0.003520  -4.715988
   41  O   1 YY  -0.000377  -2.504190   0.933820  -0.002387  -3.357621
   42  O   1 ZZ  -0.000773  -3.112721   0.808624  -0.004065  -3.640304
   43  O   1 XY   0.011946  -0.000195   0.000513  -1.649249   0.000970
   44  O   1 XZ  -0.007945  -0.000367   0.000618  -2.479535   0.000524
   45  O   1 YZ  -0.000171  -0.838221  -0.172451  -0.000202  -0.389384
   46  O    XXX   0.000811   1.669548   3.231098  -0.000150  -1.499226
   47  O    YYY  -1.341678  -0.000565   0.000875   0.239679  -0.000893
   48  O    ZZZ   0.630208  -0.001978   0.001714  -0.023578  -0.000355
   49  O    XXY  -0.492486  -0.000674   0.000209   0.178045   0.000022
   50  O    XXZ   0.327575   0.000206   0.000412   0.267678  -0.000836
   51  O    YYX   0.000063  -0.268584   1.343566   0.000064  -0.073026
   52  O    YYZ   0.819702  -0.000814   0.000761  -0.111314  -0.000220
   53  O    ZZX  -0.000187  -0.451486   1.334198  -0.000012   0.041838
   54  O    ZZY  -0.703485  -0.000517   0.000509  -0.416644  -0.000019
   55  O    XYZ   0.000168  -0.251939  -0.012904  -0.000041   0.158220
   56  H   2  S   0.000054  -0.097576  -0.373131   1.386794  -0.963417
   57  H   2  S  -0.000848   3.589576  -1.647641 -11.683411   8.160461
   58  H   2  S   0.001124   4.622190   1.481954 -11.112663   8.734985
   59  H   2  X  -0.000089  -0.399106   0.141512   0.178416   0.163737
   60  H   2  Y  -0.122714  -0.129820  -0.000602  -0.069620   0.113719
   61  H   2  Z   0.081529  -0.195475  -0.000955  -0.104665   0.171075
   62  H   2  X   0.000234  -1.393102   0.820754   2.302897  -1.670508
   63  H   2  Y  -0.277969   0.089727  -1.184700  -1.320645   2.153935
   64  H   2  Z   0.183582   0.134032  -1.779966  -1.983655   3.237004
   65  H   2 XX  -0.000011   0.020427  -0.774439   1.192540  -0.879545
   66  H   2 YY  -0.297466  -0.729183  -0.541153   1.607308  -0.671192
   67  H   2 ZZ   0.296771  -1.023264  -0.705260   1.397108  -0.103603
   68  H   2 XY   0.177890  -0.413186   0.191611   0.249185  -0.193424
   69  H   2 XZ  -0.118339  -0.620725   0.287888   0.374173  -0.290680
   70  H   2 YZ  -0.144007  -0.404373  -0.226393  -0.289961   0.782293
   71  H   2  S  -0.000033   0.167269  -0.043064  -0.501156   0.297103
   72  H   2  X  -0.000368  -0.590289   0.035916   1.410320  -1.394089
   73  H   2  Y  -0.108493   0.495511  -0.085937  -1.007507   1.111006
   74  H   2  Z   0.072284   0.744388  -0.129059  -1.513609   1.669427
   75  H   2 XX  -0.000007  -0.397732  -0.458515   1.602780  -0.741715
   76  H   2 YY   0.025608  -0.482839  -0.595766   1.627023  -0.855621
   77  H   2 ZZ  -0.025933  -0.477292  -0.853079   1.627661  -0.519539
   78  H   2 XY   0.029951  -0.044896   0.120958   0.285303  -0.332698
   79  H   2 XZ  -0.019739  -0.067426   0.181770   0.428816  -0.499833
   80  H   2 YZ   0.012304   0.007689  -0.355140   0.000282   0.463608
   81  H   3  S   0.000054  -0.097571  -0.372613  -1.387002  -0.961986
   82  H   3  S  -0.000855   3.595944  -1.657811  11.692781   8.154868
   83  H   3  S   0.001122   4.620975   1.479569  11.121762   8.726288
   84  H   3  X  -0.000088  -0.399428   0.141779  -0.178581   0.163822
   85  H   3  Y  -0.122769   0.130180   0.000659  -0.069776  -0.113891
   86  H   3  Z   0.081753   0.195417   0.000940  -0.104909  -0.171122
   87  H   3  X   0.000236  -1.396420   0.824130  -2.304898  -1.669572
   88  H   3  Y  -0.277184  -0.090383   1.185898  -1.320809  -2.152921
   89  H   3  Z   0.185678  -0.136755   1.784072  -1.987595  -3.238064
   90  H   3 XX  -0.000011   0.021252  -0.774451  -1.192839  -0.878408
   91  H   3 YY   0.297095  -0.729500  -0.540432  -1.607915  -0.669947
   92  H   3 ZZ  -0.297790  -1.022486  -0.705374  -1.396806  -0.101761
   93  H   3 XY   0.178046   0.413176  -0.191885   0.249006   0.193212
   94  H   3 XZ  -0.118410   0.621655  -0.288673   0.374823   0.290601
   95  H   3 YZ   0.143751  -0.404283  -0.226856   0.290370   0.782180
   96  H   3  S  -0.000033   0.167285  -0.043152   0.501549   0.296740
   97  H   3  X  -0.000368  -0.590373   0.036356  -1.411973  -1.392887
   98  H   3  Y  -0.108693  -0.495024   0.086194  -1.007726  -1.109610
   99  H   3  Z   0.072177  -0.744814   0.129728  -1.516160  -1.669120
  100  H   3 XX  -0.000006  -0.396952  -0.458255  -1.602715  -0.740277
  101  H   3 YY  -0.025754  -0.482475  -0.594864  -1.627462  -0.854470
  102  H   3 ZZ   0.025429  -0.476778  -0.853255  -1.627166  -0.517367
  103  H   3 XY   0.029838   0.045218  -0.121351   0.285433   0.332305
  104  H   3 XZ  -0.020031   0.068055  -0.182527   0.429248   0.499956
  105  H   3 YZ  -0.012555   0.007798  -0.355216  -0.000189   0.463671
  106  CU  4  S  -0.000057  -0.085119   0.042659   0.000006   0.017595
  107  CU  4  X  -0.000090  -0.255058  -0.114407  -0.000108   0.195323
  108  CU  4  Y  -0.051097  -0.000125  -0.000050   0.143196   0.000199
  109  CU  4  Z   0.033987   0.000141  -0.000037   0.215285  -0.000328
  110  CU  4 XX  -0.000006  -0.047529  -0.118151  -0.000000   0.041986
  111  CU  4 YY   0.000017   0.041310   0.036633  -0.000001  -0.016464
  112  CU  4 ZZ   0.000018   0.039069   0.036281  -0.000008  -0.025923
  113  CU  4 XY  -0.016495  -0.000037  -0.000018   0.004888   0.000029
  114  CU  4 XZ   0.010972   0.000032  -0.000001   0.007349  -0.000029
  115  CU  4 YZ  -0.000006  -0.003087  -0.000486  -0.000003  -0.013029
  116  CU  4 XX  -0.000049   0.005840   0.383133   0.000001  -0.136199
  117  CU  4 YY  -0.000136  -0.248707  -0.051877   0.000066   0.122951
  118  CU  4 ZZ  -0.000135  -0.245451  -0.050603   0.000077   0.145142
  119  CU  4 XY   0.034436   0.000084   0.000048  -0.010496  -0.000078
  120  CU  4 XZ  -0.022905  -0.000069   0.000000  -0.015780   0.000068
  121  CU  4 YZ   0.000013   0.004485   0.001755   0.000008   0.030567
  122  CU  4  S   0.001101   1.566279  -1.062706  -0.000225  -0.301917
  123  CU  4  X   0.000556   0.445461  -1.329006   0.000391   0.547094
  124  CU  4  Y  -0.104590   0.000043  -0.000021  -0.172879   0.000094
  125  CU  4  Z   0.069568  -0.000149   0.000135  -0.259913   0.000050
  126  CU  4  S   0.000457  -0.828706   0.365323  -0.000658  -0.907995
  127  CU  4  X   0.000123  -0.370710   0.338551  -0.000321  -0.404906
  128  CU  4  Y   0.036086  -0.000080  -0.000024   0.144210  -0.000123
  129  CU  4  Z  -0.024002   0.000005   0.000003   0.216810  -0.000094
  130  CU  4  S   0.000034  -0.066110  -0.300389   0.000144   0.233679
  131  CU  4  X   0.000270   0.728059   0.205658   0.000354  -0.682214
  132  CU  4  Y   0.172923   0.000407   0.000162  -0.510715  -0.000707
  133  CU  4  Z  -0.115019  -0.000475   0.000129  -0.767825   0.001165
  134  CU  4 XX   0.000080  -0.169155  -0.656038   0.000365   0.552780
  135  CU  4 YY  -0.000183  -0.399033   0.041285   0.000147   0.329626
  136  CU  4 ZZ  -0.000177  -0.376745   0.041416   0.000245   0.306117
  137  CU  4 XY  -0.088844   0.000038  -0.000016  -0.114984   0.000066
  138  CU  4 XZ   0.059094  -0.000108   0.000096  -0.172871   0.000023
  139  CU  4 YZ  -0.000001   0.030700   0.000181  -0.000042  -0.032383
  140  CU   XXX  -0.000009  -0.024238   0.012247  -0.000012   0.034068
  141  CU   YYY  -0.014356  -0.000039  -0.000015   0.036256   0.000057
  142  CU   ZZZ   0.010676   0.000047  -0.000012   0.055467  -0.000089
  143  CU   XXY   0.000733   0.000015   0.000005   0.003856  -0.000002
  144  CU   XXZ  -0.000487  -0.000019   0.000004   0.005797  -0.000006
  145  CU   YYX  -0.000007  -0.021782  -0.015386  -0.000034   0.016102
  146  CU   YYZ   0.002462   0.000023  -0.000005   0.025057  -0.000036
  147  CU   ZZX  -0.000009  -0.013965  -0.015251   0.000007   0.025032
  148  CU   ZZY  -0.005975  -0.000017  -0.000007   0.017522   0.000025
  149  CU   XYZ   0.000007   0.010767   0.000186  -0.000008   0.012301
  150  CU   XXX  -0.000047  -0.161983   0.059935  -0.000202   0.203940
  151  CU   YYY  -0.091320  -0.000240  -0.000099   0.257081   0.000386
  152  CU   ZZZ   0.063207   0.000274  -0.000071   0.388559  -0.000618
  153  CU   XXY  -0.021577   0.000010   0.000007   0.090627   0.000104
  154  CU   XXZ   0.014352   0.000005  -0.000009   0.136251  -0.000203
  155  CU   YYX  -0.000060  -0.187760  -0.136333  -0.000134   0.148262
  156  CU   YYZ   0.023209   0.000127  -0.000031   0.174308  -0.000272
  157  CU   ZZX  -0.000065  -0.168178  -0.134909  -0.000057   0.163539
  158  CU   ZZY  -0.039866  -0.000105  -0.000044   0.117773   0.000172
  159  CU   XYZ   0.000017   0.026974   0.001961  -0.000014   0.021043

                    126        127        128        129        130
                    6.2185     6.3121     6.3142     6.4357     6.4613
                     A          A          A          A          A   
    1  O   1  S  -0.000101   0.030602   0.001628   0.000109   0.000105
    2  O   1  S  -0.000255   0.139202   0.007120   0.000139   0.000188
    3  O   1  S  -0.000733   0.455011   0.023064   0.000100   0.000406
    4  O   1  S  -0.000396   5.393285   0.266336  -0.006144  -0.001860
    5  O   1  X   0.000162  -0.169939  -0.008202   0.000189   0.000080
    6  O   1  Y   0.020837   0.006784  -0.133798   0.007348   0.047642
    7  O   1  Z  -0.013860   0.010044  -0.201163  -0.004888   0.071627
    8  O   1  X  -0.000584   0.780645   0.038734  -0.000759   0.000116
    9  O   1  Y  -0.018990  -0.026179   0.524818   0.041667  -0.226447
   10  O   1  Z   0.012631  -0.038831   0.789055  -0.027714  -0.340449
   11  O   1  X  -0.001350   4.409120   0.217849  -0.002501  -0.000422
   12  O   1  Y  -0.328688  -0.182043   3.664041  -0.070926  -1.346762
   13  O   1  Z   0.218629  -0.270870   5.508778   0.047176  -2.024767
   14  O   1 XX  -0.000131  -0.036787  -0.001737   0.000156   0.000182
   15  O   1 YY  -0.000095   0.111274   0.005530  -0.000089   0.000006
   16  O   1 ZZ   0.000007   0.086828   0.004353  -0.000113  -0.000110
   17  O   1 XY   0.015680   0.001452  -0.028759  -0.066144   0.049602
   18  O   1 XZ  -0.010429   0.002171  -0.043238   0.043995   0.074573
   19  O   1 YZ   0.000110  -0.033669  -0.001697  -0.000019  -0.000002
   20  O   1 XX  -0.001187   0.752828   0.037783  -0.000422   0.000264
   21  O   1 YY  -0.000754   0.531590   0.026515   0.000266   0.000680
   22  O   1 ZZ  -0.000992   1.273272   0.063674  -0.000363   0.000213
   23  O   1 XY  -0.022666  -0.037067   0.744269   0.096266  -0.088783
   24  O   1 XZ   0.015077  -0.055231   1.118982  -0.064031  -0.133480
   25  O   1 YZ  -0.000332   1.021684   0.050101  -0.000825  -0.000225
   26  O    XXX   0.000370  -0.418027  -0.021077  -0.000911  -0.000748
   27  O    YYY  -0.599183  -0.047421   0.956102   0.257116   0.043246
   28  O    ZZZ   0.578763  -0.022170   0.444201  -0.319578  -0.064067
   29  O    XXY   1.008817   0.008408  -0.159734  -0.443966   0.007200
   30  O    XXZ  -0.671009   0.011573  -0.240200   0.295302   0.010826
   31  O    YYX  -0.000471   0.691450   0.034770   0.000204   0.000502
   32  O    YYZ  -0.110859   0.003585  -0.062015   0.161822  -0.062532
   33  O    ZZX  -0.000202   0.125559   0.005811   0.000368   0.000025
   34  O    ZZY  -0.196846   0.045373  -0.927637   0.056364  -0.156784
   35  O    XYZ   0.000374  -0.779567  -0.038264   0.000217   0.000023
   36  O   1  S   0.000182  -1.903151  -0.092769   0.002011   0.001992
   37  O   1  X   0.000171  -0.762477  -0.037118   0.001509   0.000740
   38  O   1  Y  -0.035744   0.030736  -0.620229  -0.019541  -0.145517
   39  O   1  Z   0.023775   0.045720  -0.932496   0.013000  -0.218775
   40  O   1 XX  -0.000497   1.352497   0.067672  -0.000131   0.001037
   41  O   1 YY  -0.000713   0.817379   0.039922  -0.000100   0.000316
   42  O   1 ZZ  -0.001148   1.931885   0.096407  -0.000874  -0.000250
   43  O   1 XY  -0.165949  -0.079445   1.600909   0.012243  -0.603972
   44  O   1 XZ   0.110381  -0.118514   2.406905  -0.008144  -0.908031
   45  O   1 YZ  -0.000460   1.535300   0.075320  -0.001099  -0.000227
   46  O    XXX  -0.000234  -0.242939  -0.011173   0.000426   0.000606
   47  O    YYY   0.435790   0.053374  -1.076794  -0.167679  -0.090232
   48  O    ZZZ  -0.399038   0.034898  -0.696823   0.204097  -0.266645
   49  O    XXY  -0.589766  -0.022043   0.439969   0.372690   0.097041
   50  O    XXZ   0.392280  -0.032576   0.661490  -0.247894   0.145894
   51  O    YYX   0.000398  -0.386695  -0.019759  -0.000280  -0.000225
   52  O    YYZ   0.045497   0.002792  -0.069656  -0.098604  -0.153628
   53  O    ZZX   0.000118   0.465447   0.023481  -0.000904  -0.000295
   54  O    ZZY   0.151810  -0.037968   0.776536  -0.038462  -0.219076
   55  O    XYZ  -0.000383   1.173889   0.057414  -0.000806  -0.000240
   56  H   2  S   0.000218  -1.036143   0.854371   0.001119   0.154033
   57  H   2  S   0.001191  -3.656575   4.136457   0.001941  -2.756864
   58  H   2  S  -0.000034   2.995546  -3.435669  -0.003883  -0.701871
   59  H   2  X   0.000026   0.370401  -0.110092  -0.000248   0.104694
   60  H   2  Y  -0.030470  -0.158692   0.218826  -0.014533   0.011303
   61  H   2  Z   0.020525  -0.238367   0.328938   0.010175   0.016819
   62  H   2  X  -0.000538   0.814501  -0.482548  -0.000650   0.603375
   63  H   2  Y   0.114495  -0.659025   0.560083  -0.025277  -0.220073
   64  H   2  Z  -0.075533  -0.990100   0.841531   0.017930  -0.330292
   65  H   2 XX   0.000163  -1.086435   0.735027   0.001018  -0.054550
   66  H   2 YY  -0.003054  -0.940759   0.835301  -0.041489   0.195723
   67  H   2 ZZ   0.003794  -1.007555   0.933795   0.043765   0.191005
   68  H   2 XY  -0.022573   0.180174  -0.106931  -0.005451   0.038632
   69  H   2 XZ   0.014962   0.270749  -0.160741   0.003433   0.058013
   70  H   2 YZ  -0.001417  -0.092357   0.135903  -0.020360  -0.006271
   71  H   2  S   0.000020   0.040486  -0.075361  -0.000140  -0.162431
   72  H   2  X  -0.000311   0.040372   0.373442  -0.000088   0.115640
   73  H   2  Y   0.048098   0.094163  -0.014673   0.039479  -0.047224
   74  H   2  Z  -0.031835   0.141625  -0.021770  -0.026781  -0.070746
   75  H   2 XX   0.000524  -1.515054   1.240698   0.001377   0.046911
   76  H   2 YY   0.103268  -1.413990   1.466238  -0.033409  -0.057864
   77  H   2 ZZ  -0.102689  -1.345158   1.358597   0.036097   0.030149
   78  H   2 XY   0.107527  -0.187879   0.175622  -0.055996   0.047497
   79  H   2 XZ  -0.071597  -0.282456   0.263815   0.037441   0.071401
   80  H   2 YZ   0.049809   0.094963  -0.148549  -0.017013   0.121017
   81  H   3  S   0.000218  -0.947138  -0.951438   0.001122  -0.152803
   82  H   3  S   0.001187  -3.231659  -4.479803   0.001935   2.755841
   83  H   3  S  -0.000033   2.644704   3.710231  -0.003895   0.696310
   84  H   3  X   0.000027   0.357685   0.145847  -0.000247  -0.104854
   85  H   3  Y  -0.030692   0.136109   0.233154  -0.015021   0.010886
   86  H   3  Z   0.020157   0.204840   0.350605   0.009482   0.016541
   87  H   3  X  -0.000537   0.763072   0.560243  -0.000648  -0.603803
   88  H   3  Y   0.113882   0.599838   0.622257  -0.026320  -0.219200
   89  H   3  Z  -0.076371   0.902461   0.936106   0.016390  -0.330125
   90  H   3 XX   0.000163  -1.008908  -0.837698   0.001019   0.055600
   91  H   3 YY   0.003656  -0.853931  -0.922952   0.043605  -0.194482
   92  H   3 ZZ  -0.002917  -0.911088  -1.027864  -0.041324  -0.189966
   93  H   3 XY  -0.022556  -0.168606  -0.124108  -0.005259   0.038563
   94  H   3 XZ   0.015055  -0.253615  -0.186623   0.003690   0.058045
   95  H   3 YZ   0.001830  -0.078407  -0.144246   0.020824   0.006450
   96  H   3  S   0.000019   0.032983   0.078877  -0.000141   0.162257
   97  H   3  X  -0.000311   0.076835  -0.367426  -0.000087  -0.115418
   98  H   3  Y   0.047938  -0.092575  -0.023190   0.039963  -0.046467
   99  H   3  Z  -0.032042  -0.139095  -0.035146  -0.026058  -0.070112
  100  H   3 XX   0.000523  -1.386058  -1.383055   0.001380  -0.045547
  101  H   3 YY  -0.102681  -1.263170  -1.597773   0.036238   0.059190
  102  H   3 ZZ   0.103258  -1.205023  -1.483750  -0.033544  -0.028851
  103  H   3 XY   0.107651   0.169730   0.193021  -0.056195   0.047422
  104  H   3 XZ  -0.071528   0.255164   0.290414   0.037181   0.071303
  105  H   3 YZ  -0.049866   0.079972   0.156769   0.016694  -0.121487
  106  CU  4  S   0.000052  -0.058559  -0.002875   0.000055   0.000057
  107  CU  4  X   0.000502   0.043331   0.001627  -0.001355  -0.001047
  108  CU  4  Y  -0.894268  -0.006304   0.110026  -2.070155  -1.485123
  109  CU  4  Z   0.594818  -0.007346   0.165524   1.376959  -2.232775
  110  CU  4 XX   0.000011   0.017628   0.000828  -0.000049  -0.000040
  111  CU  4 YY  -0.000016   0.012891   0.000656  -0.000005  -0.000005
  112  CU  4 ZZ  -0.000012   0.003882   0.000190   0.000001   0.000002
  113  CU  4 XY  -0.026517  -0.000506   0.009939   0.018818   0.012821
  114  CU  4 XZ   0.017638  -0.000728   0.014944  -0.012517   0.019276
  115  CU  4 YZ   0.000002  -0.012413  -0.000602   0.000010   0.000006
  116  CU  4 XX  -0.000005  -0.157983  -0.007585   0.000396   0.000316
  117  CU  4 YY   0.000131  -0.183050  -0.009025   0.000229   0.000185
  118  CU  4 ZZ   0.000124  -0.163244  -0.007997   0.000216   0.000164
  119  CU  4 XY   0.060366   0.001183  -0.023136  -0.042904  -0.030757
  120  CU  4 XZ  -0.040152   0.001695  -0.034787   0.028537  -0.046241
  121  CU  4 YZ  -0.000003   0.027287   0.001322  -0.000022  -0.000012
  122  CU  4  S  -0.000939   1.319410   0.064557  -0.001671  -0.001525
  123  CU  4  X  -0.000189  -0.049114  -0.002549   0.000238  -0.000152
  124  CU  4  Y   0.150110  -0.003926   0.081936   0.236794   0.142893
  125  CU  4  Z  -0.099845  -0.006166   0.123171  -0.157503   0.214829
  126  CU  4  S  -0.000015  -0.369037  -0.017888   0.001011   0.000452
  127  CU  4  X   0.000005  -0.103255  -0.004984   0.000280   0.000125
  128  CU  4  Y  -0.042040  -0.003263   0.064033  -0.105920  -0.065294
  129  CU  4  Z   0.027963  -0.004664   0.096281   0.070452  -0.098165
  130  CU  4  S   0.000039  -0.100240  -0.004969   0.000161   0.000041
  131  CU  4  X  -0.001761  -0.165329  -0.006394   0.004809   0.003723
  132  CU  4  Y   3.238167   0.022516  -0.391879   7.610094   5.455590
  133  CU  4  Z  -2.153850   0.026090  -0.589553  -5.061836   8.202087
  134  CU  4 XX   0.000207  -0.432829  -0.021338   0.000549   0.000248
  135  CU  4 YY   0.000294  -0.419623  -0.020535   0.000556   0.000362
  136  CU  4 ZZ   0.000281  -0.462029  -0.022725   0.000596   0.000450
  137  CU  4 XY   0.058678  -0.002745   0.056046  -0.027375  -0.033897
  138  CU  4 XZ  -0.039030  -0.004150   0.084261   0.018208  -0.050961
  139  CU  4 YZ  -0.000011  -0.058421  -0.002838   0.000052   0.000002
  140  CU   XXX   0.000106  -0.011197  -0.000644  -0.000267  -0.000207
  141  CU   YYY  -0.219880  -0.001828   0.032983  -0.440716  -0.317495
  142  CU   ZZZ   0.146341  -0.002001   0.044309   0.292825  -0.476560
  143  CU   XXY  -0.046340  -0.000125   0.001113  -0.234858  -0.165331
  144  CU   XXZ   0.030823  -0.000016   0.001682   0.156215  -0.248563
  145  CU   YYX   0.000041   0.019122   0.000886  -0.000117  -0.000104
  146  CU   YYZ   0.065263  -0.000820   0.018424   0.131603  -0.212922
  147  CU   ZZX   0.000023   0.032334   0.001565  -0.000120  -0.000080
  148  CU   ZZY  -0.098298  -0.000460   0.007514  -0.197219  -0.140936
  149  CU   XYZ  -0.000013   0.018202   0.000886  -0.000011  -0.000014
  150  CU   XXX   0.000802   0.122396   0.005213  -0.002439  -0.001906
  151  CU   YYY  -1.731712  -0.012747   0.224139  -4.017708  -2.893548
  152  CU   ZZZ   1.151995  -0.014815   0.332433   2.672006  -4.349379
  153  CU   XXY  -0.683454  -0.004383   0.074484  -1.848790  -1.320971
  154  CU   XXZ   0.454596  -0.004842   0.112070   1.229718  -1.985985
  155  CU   YYX   0.000403   0.070844   0.003049  -0.001161  -0.000917
  156  CU   YYZ   0.514869  -0.006558   0.147422   1.195702  -1.944875
  157  CU   ZZX   0.000378   0.083650   0.003707  -0.001160  -0.000892
  158  CU   ZZY  -0.774384  -0.005380   0.093755  -1.796917  -1.292858
  159  CU   XYZ  -0.000017   0.017642   0.000855  -0.000008  -0.000014

                    131        132        133        134        135
                    6.4818     6.6112     6.6967     6.7819     6.8698
                     A          A          A          A          A   
    1  O   1  S   0.165465  -0.000070  -0.000000   0.000083   0.000000
    2  O   1  S   0.293171  -0.000140  -0.000000   0.000176   0.000000
    3  O   1  S   0.588104  -0.000304  -0.000001   0.000462   0.000000
    4  O   1  S  -2.886345   0.001970   0.000003  -0.000368   0.000001
    5  O   1  X   0.146959  -0.000028  -0.000000  -0.000036   0.000000
    6  O   1  Y  -0.000097  -0.098103  -0.000141  -0.009932  -0.000037
    7  O   1  Z  -0.000043   0.065253   0.000061   0.006606  -0.000038
    8  O   1  X  -0.023764  -0.000008  -0.000000   0.000612   0.000000
    9  O   1  Y   0.000246   0.119996   0.000440  -0.135254   0.000141
   10  O   1  Z   0.000080  -0.079815   0.000076   0.089964   0.000415
   11  O   1  X  -0.880653   0.000017   0.000001  -0.001667   0.000000
   12  O   1  Y  -0.000172  -1.020776   0.000236  -0.806597   0.000549
   13  O   1  Z  -0.000661   0.678960   0.001574   0.536505   0.001625
   14  O   1 XX   0.267968  -0.000193  -0.000001   0.000597   0.000000
   15  O   1 YY  -0.072246  -0.000081   0.075895  -0.000456   1.009742
   16  O   1 ZZ  -0.092401   0.000203  -0.075894  -0.000017  -1.009742
   17  O   1 XY  -0.000075  -0.184646  -0.000724   1.018666   0.000334
   18  O   1 XZ  -0.000047   0.122817   0.000462  -0.677560   0.000284
   19  O   1 YZ  -0.027763  -0.000152   0.036731   0.000366   0.488701
   20  O   1 XX   0.203466  -0.000035  -0.000000   0.000146   0.000000
   21  O   1 YY   0.843512  -0.000723   0.319240   0.001260  -1.175070
   22  O   1 ZZ   0.536791  -0.000371  -0.319242   0.000461   1.175070
   23  O   1 XY   0.000108   0.390854   0.001183  -0.927062  -0.000238
   24  O   1 XZ  -0.000312  -0.259975  -0.000373   0.616631  -0.000112
   25  O   1 YZ  -0.422493   0.000140   0.154509  -0.000123  -0.568717
   26  O    XXX  -1.066153   0.000195   0.000000   0.000240   0.000000
   27  O    YYY  -0.000764   0.160276  -0.000531   0.067686   0.000133
   28  O    ZZZ   0.000187  -0.927323  -0.001338  -0.207848   0.000118
   29  O    XXY   0.000829   0.366942   0.000825   0.035138  -0.000140
   30  O    XXZ  -0.000378  -0.244071   0.000382  -0.023372  -0.000323
   31  O    YYX   0.376816  -0.001335   1.038807   0.000276  -0.085514
   32  O    YYZ   0.000180   1.268849   0.001230   0.241058   0.000228
   33  O    ZZX   0.344995   0.001318  -1.038806  -0.000755   0.085514
   34  O    ZZY   0.000379  -0.252189   0.000330  -0.033983   0.000103
   35  O    XYZ  -0.043834   0.000159   0.502769   0.000320  -0.041388
   36  O   1  S   2.632300   0.000783   0.000000   0.001399   0.000000
   37  O   1  X   1.013521  -0.000324   0.000000  -0.000907  -0.000000
   38  O   1  Y   0.000263  -0.312951  -0.000403  -0.075085  -0.000365
   39  O   1  Z   0.000852   0.208158   0.000025   0.049942  -0.000355
   40  O   1 XX   1.406667  -0.001127  -0.000002   0.001840   0.000000
   41  O   1 YY   0.284384   0.000216  -0.430295   0.000311  -0.111929
   42  O   1 ZZ  -0.040073  -0.000919   0.430294   0.000898   0.111929
   43  O   1 XY  -0.000163  -0.445551  -0.000159   0.184166   0.000549
   44  O   1 XZ  -0.000278   0.296354   0.000948  -0.122496   0.001003
   45  O   1 YZ  -0.446923   0.000084  -0.208257   0.000051  -0.054172
   46  O    XXX   0.779205   0.000199   0.000000   0.000012   0.000000
   47  O    YYY   0.000829   0.075755   0.000529  -0.162826   0.000181
   48  O    ZZZ   0.000120   0.307401   0.000512   0.344975   0.000355
   49  O    XXY  -0.000668  -0.076805  -0.000113  -0.172265  -0.000017
   50  O    XXZ  -0.000004   0.051087  -0.000221   0.114581   0.000099
   51  O    YYX  -0.226862   0.000608  -0.413369   0.000341  -0.343506
   52  O    YYZ   0.000358  -0.596470  -0.000249  -0.331214  -0.000029
   53  O    ZZX  -0.520360  -0.000695   0.413368   0.000659   0.343506
   54  O    ZZY  -0.000072   0.175067   0.000122   0.020576  -0.000058
   55  O    XYZ  -0.404277  -0.000059  -0.200065  -0.000075  -0.166252
   56  H   2  S   0.865514   0.000159   0.000002  -0.000341   0.000106
   57  H   2  S  -0.676494  -0.000668   0.001911   0.000094   0.002187
   58  H   2  S  -3.813838  -0.000344  -0.000240  -0.000199  -0.000733
   59  H   2  X  -0.093566  -0.000127   0.000069   0.000019  -0.000162
   60  H   2  Y   0.201839  -0.290303   0.308399  -0.014435  -0.107455
   61  H   2  Z   0.303341   0.193101  -0.205123   0.009525   0.071504
   62  H   2  X  -0.302217   0.000267  -0.000487   0.000177  -0.000510
   63  H   2  Y  -0.104939   0.364358  -0.339298   0.513072  -0.647259
   64  H   2  Z  -0.157765  -0.242611   0.226138  -0.341618   0.431215
   65  H   2 XX   0.741965   0.000243  -0.000079  -0.000170   0.000304
   66  H   2 YY   0.827291  -0.274995   0.295886   0.069748  -0.145309
   67  H   2 ZZ   0.927811   0.275145  -0.295780  -0.070440   0.145308
   68  H   2 XY  -0.006220   0.186908  -0.211637   0.031609   0.144454
   69  H   2 XZ  -0.009452  -0.124455   0.140880  -0.021005  -0.096261
   70  H   2 YZ   0.138548  -0.133057   0.143087   0.033875  -0.070251
   71  H   2  S  -0.119795   0.000050  -0.000003   0.000043  -0.000082
   72  H   2  X   0.150651   0.000190  -0.000075   0.000466   0.000106
   73  H   2  Y  -0.341050   0.343625  -0.232837   0.126398  -0.100969
   74  H   2  Z  -0.512502  -0.228540   0.154974  -0.084268   0.067370
   75  H   2 XX   0.937858   0.000084   0.000164  -0.000515   0.000261
   76  H   2 YY   1.019967   0.181191  -0.187249   0.186626  -0.260624
   77  H   2 ZZ   0.839726  -0.180716   0.187491  -0.187103   0.261225
   78  H   2 XY   0.044418  -0.144688   0.105355  -0.228762   0.148763
   79  H   2 XZ   0.066656   0.096374  -0.070239   0.152258  -0.099099
   80  H   2 YZ  -0.248474   0.087455  -0.090696   0.090314  -0.126229
   81  H   3  S   0.866563   0.000159  -0.000001  -0.000341  -0.000106
   82  H   3  S  -0.678093  -0.000662  -0.001914   0.000092  -0.002189
   83  H   3  S  -3.819826  -0.000344   0.000239  -0.000198   0.000733
   84  H   3  X  -0.093407  -0.000127  -0.000069   0.000019   0.000162
   85  H   3  Y  -0.201869  -0.289801  -0.309130  -0.014739   0.107438
   86  H   3  Z  -0.303607   0.192752   0.205622   0.009879  -0.071432
   87  H   3  X  -0.301362   0.000266   0.000487   0.000178   0.000511
   88  H   3  Y   0.105139   0.363606   0.339819   0.513697   0.648352
   89  H   3  Z   0.158073  -0.241591  -0.225573  -0.341331  -0.430552
   90  H   3 XX   0.742607   0.000243   0.000080  -0.000170  -0.000304
   91  H   3 YY   0.828310   0.274587   0.296505  -0.070030  -0.145206
   92  H   3 ZZ   0.928968  -0.274437  -0.296611   0.069337   0.145207
   93  H   3 XY   0.006262   0.186686   0.212169   0.031887  -0.144565
   94  H   3 XZ   0.009314  -0.124039  -0.141012  -0.021229   0.095978
   95  H   3 YZ   0.138564   0.132932   0.143622  -0.033775  -0.070354
   96  H   3  S  -0.120246   0.000050   0.000003   0.000043   0.000082
   97  H   3  X   0.151346   0.000190   0.000075   0.000466  -0.000105
   98  H   3  Y   0.341140   0.343071   0.233505   0.126849   0.101377
   99  H   3  Z   0.513126  -0.228212  -0.155211  -0.084177  -0.067220
  100  H   3 XX   0.939172   0.000085  -0.000163  -0.000515  -0.000261
  101  H   3 YY   1.021525  -0.180115  -0.187639  -0.187193  -0.261371
  102  H   3 ZZ   0.840998   0.180590   0.187398   0.186715   0.260769
  103  H   3 XY  -0.044591  -0.144518  -0.105520  -0.228962  -0.149045
  104  H   3 XZ  -0.067163   0.095991   0.070023   0.152194   0.098986
  105  H   3 YZ  -0.248466  -0.087412  -0.090745  -0.090609  -0.126409
  106  CU  4  S   0.091108  -0.000056  -0.000000   0.000141  -0.000000
  107  CU  4  X  -1.667718   0.000594   0.000001  -0.000768   0.000000
  108  CU  4  Y   0.002667   0.180671   0.000529  -0.088086   0.000068
  109  CU  4  Z   0.000243  -0.120173   0.000292   0.058590   0.000086
  110  CU  4 XX  -0.053311   0.000011   0.000000  -0.000012  -0.000000
  111  CU  4 YY  -0.008831   0.000003   0.001526  -0.000018  -0.000609
  112  CU  4 ZZ  -0.003031   0.000009  -0.001526  -0.000018   0.000609
  113  CU  4 XY  -0.000049  -0.007285  -0.000024   0.005979  -0.000002
  114  CU  4 XZ  -0.000002   0.004846  -0.000009  -0.003977  -0.000001
  115  CU  4 YZ   0.007989   0.000002   0.000739   0.000003  -0.000295
  116  CU  4 XX   0.455737  -0.000141  -0.000000   0.000206  -0.000000
  117  CU  4 YY   0.288098  -0.000139  -0.000813   0.000295   0.003453
  118  CU  4 ZZ   0.274250  -0.000146   0.000813   0.000292  -0.003453
  119  CU  4 XY   0.000115   0.012690   0.000048  -0.008906   0.000006
  120  CU  4 XZ   0.000005  -0.008440   0.000025   0.005923   0.000003
  121  CU  4 YZ  -0.019074  -0.000004  -0.000393  -0.000009   0.001671
  122  CU  4  S  -2.387071   0.001234   0.000003  -0.002852   0.000000
  123  CU  4  X  -0.220473   0.000236   0.000001  -0.001214  -0.000000
  124  CU  4  Y  -0.000360  -0.044929  -0.000096   0.140105   0.000109
  125  CU  4  Z  -0.000055   0.029884   0.000129  -0.093190   0.000142
  126  CU  4  S   0.664205  -0.000346  -0.000000  -0.000535  -0.000000
  127  CU  4  X   0.181772  -0.000122  -0.000000  -0.000103  -0.000000
  128  CU  4  Y   0.000165   0.071757   0.000113  -0.012464   0.000033
  129  CU  4  Z  -0.000069  -0.047729  -0.000012   0.008290   0.000017
  130  CU  4  S   0.069460  -0.000016   0.000000  -0.000148  -0.000000
  131  CU  4  X   5.957426  -0.002166  -0.000004   0.002875  -0.000000
  132  CU  4  Y  -0.009833  -0.668298  -0.001956   0.311534  -0.000256
  133  CU  4  Z  -0.000890   0.444518  -0.001095  -0.207216  -0.000319
  134  CU  4 XX   0.397192  -0.000160  -0.000000  -0.000115  -0.000000
  135  CU  4 YY   0.632212  -0.000331  -0.007758   0.000521  -0.020669
  136  CU  4 ZZ   0.656597  -0.000353   0.007756   0.000520   0.020669
  137  CU  4 XY   0.000012  -0.010184  -0.000014   0.107912   0.000085
  138  CU  4 XZ  -0.000020   0.006774   0.000132  -0.071777   0.000103
  139  CU  4 YZ   0.033589  -0.000002  -0.003754   0.000011  -0.010003
  140  CU   XXX  -0.338237   0.000118   0.000000  -0.000145   0.000000
  141  CU   YYY   0.000548   0.027829   0.000078  -0.010763   0.000007
  142  CU   ZZZ   0.000057  -0.020384   0.000053   0.006377   0.000013
  143  CU   XXY   0.000338   0.038449   0.000112  -0.017366   0.000019
  144  CU   XXZ   0.000021  -0.025574   0.000051   0.011551   0.000018
  145  CU   YYX  -0.143460   0.000089  -0.016159  -0.000113  -0.012698
  146  CU   YYZ   0.000023  -0.005273   0.000026   0.004456   0.000005
  147  CU   ZZX  -0.149648   0.000037   0.016159  -0.000096   0.012698
  148  CU   ZZY   0.000247   0.011706   0.000038  -0.005122   0.000005
  149  CU   XYZ  -0.008524  -0.000010  -0.007821   0.000000  -0.006145
  150  CU   XXX  -3.087120   0.001201   0.000002  -0.001714   0.000000
  151  CU   YYY   0.005182   0.345047   0.001023  -0.169412   0.000134
  152  CU   ZZZ   0.000478  -0.230692   0.000578   0.112309   0.000172
  153  CU   XXY   0.002446   0.175418   0.000515  -0.063127   0.000079
  154  CU   XXZ   0.000208  -0.116679   0.000303   0.041988   0.000090
  155  CU   YYX  -1.442654   0.000565  -0.011262  -0.000753  -0.009167
  156  CU   YYZ   0.000212  -0.100741   0.000260   0.050996   0.000077
  157  CU   ZZX  -1.448121   0.000524   0.011264  -0.000746   0.009167
  158  CU   ZZY   0.002319   0.153843   0.000459  -0.075912   0.000061
  159  CU   XYZ  -0.007531  -0.000008  -0.005451  -0.000002  -0.004437

                    136        137        138        139        140
                    6.9149     6.9949     7.1623     7.5831     8.0072
                     A          A          A          A          A   
    1  O   1  S   0.000033  -0.054071   0.117070   0.661754  -0.000557
    2  O   1  S   0.000054  -0.102272   0.184489   1.012195  -0.000928
    3  O   1  S  -0.000066  -0.228761  -0.698034  -2.898519   0.001380
    4  O   1  S  -0.001867   7.253108   0.936967  11.568129  -0.002019
    5  O   1  X   0.000059   0.011228  -0.133517   0.096640  -0.000064
    6  O   1  Y  -0.059728  -0.000001  -0.000001  -0.000068  -0.044480
    7  O   1  Z  -0.089798  -0.000045   0.000025  -0.000013  -0.066873
    8  O   1  X  -0.000453   1.044889   0.158202   0.066065   0.000456
    9  O   1  Y   0.130350  -0.000533   0.000063  -0.000012  -0.168996
   10  O   1  Z   0.195972   0.000417  -0.000169  -0.000071  -0.254074
   11  O   1  X  -0.000202   2.123128  -0.931296  -1.232656   0.000248
   12  O   1  Y  -0.265344  -0.000935   0.000274   0.000657   1.390462
   13  O   1  Z  -0.398926  -0.001731   0.000533   0.000689   2.090467
   14  O   1 XX   0.000239  -1.034688  -0.797387  -0.357733   0.000287
   15  O   1 YY  -0.000395   0.586312   0.189612  -0.276097  -0.000139
   16  O   1 ZZ   0.000135   0.354394   0.252719  -1.049350   0.000825
   17  O   1 XY  -0.053512   0.000698  -0.000096   0.000435   0.750970
   18  O   1 XZ  -0.080451  -0.000485   0.000043   0.000183   1.129034
   19  O   1 YZ   0.000075  -0.319456   0.086926  -1.065119   0.000044
   20  O   1 XX  -0.000700   1.266949  -0.089178  -3.501302   0.001464
   21  O   1 YY   0.000391  -1.032832  -1.057088  -3.072284   0.002044
   22  O   1 ZZ  -0.000007  -0.697646  -1.188348  -2.141263   0.000963
   23  O   1 XY   0.210888  -0.000834   0.000023  -0.000436  -1.221086
   24  O   1 XZ   0.317056   0.000777  -0.000121  -0.000432  -1.835820
   25  O   1 YZ  -0.000015   0.461703  -0.180804   1.282436   0.000553
   26  O    XXX   0.000108  -0.627394   0.712659   0.160644  -0.000058
   27  O    YYY   0.049338  -0.000051   0.000048   0.000074   0.041663
   28  O    ZZZ   0.678485   0.000331  -0.000102  -0.000054   0.059282
   29  O    XXY  -0.683950  -0.000180   0.000030   0.000064  -0.091228
   30  O    XXZ  -1.028273  -0.000221  -0.000019  -0.000104  -0.137156
   31  O    YYX   0.000240   0.307738  -0.322829  -0.152562   0.000154
   32  O    YYZ   0.462044  -0.000059   0.000055   0.000188   0.025631
   33  O    ZZX  -0.000548   0.488393  -0.380223  -0.361524   0.000203
   34  O    ZZY   0.846601   0.000478  -0.000125   0.000012   0.014054
   35  O    XYZ  -0.000115   0.248843  -0.079058  -0.287835   0.000344
   36  O   1  S  -0.001658   2.787729  -0.929913   1.177383   0.000028
   37  O   1  X  -0.000406   1.121765  -0.235303  -0.657790   0.000025
   38  O   1  Y  -0.628789  -0.000468   0.000052   0.000030   0.334902
   39  O   1  Z  -0.945342  -0.000314  -0.000049   0.000008   0.503503
   40  O   1 XX   0.000741  -2.133711   0.604295  -1.869893   0.000453
   41  O   1 YY   0.000353  -1.401241  -0.131776  -1.803929   0.000456
   42  O   1 ZZ   0.000962  -1.941705  -0.113614  -1.472632   0.000531
   43  O   1 XY   0.336699  -0.000340   0.000196   0.000180   0.053266
   44  O   1 XZ   0.506205  -0.000367   0.000246   0.000160   0.080081
   45  O   1 YZ   0.000370  -0.744462   0.025018   0.456346  -0.000062
   46  O    XXX  -0.000833   2.188604  -1.001169   0.077326   0.000065
   47  O    YYY  -0.076441  -0.000272   0.000124  -0.000455  -0.687506
   48  O    ZZZ  -0.341810   0.000192  -0.000225   0.000241  -1.197342
   49  O    XXY   0.539413  -0.000235  -0.000174  -0.000280  -0.919047
   50  O    XXZ   0.810971   0.000656  -0.000072  -0.000329  -1.381726
   51  O    YYX  -0.000161  -0.108021   0.379845   0.702054   0.000353
   52  O    YYZ  -0.212414   0.000128   0.000000  -0.000314  -0.578441
   53  O    ZZX   0.000360  -0.282526   0.522508   1.190338  -0.000425
   54  O    ZZY  -0.343756  -0.000413   0.000121  -0.000139  -0.530852
   55  O    XYZ   0.000165  -0.240372   0.196512   0.672589   0.000087
   56  H   2  S   0.525622   0.671886  -0.403533  -0.535593  -1.112850
   57  H   2  S  -0.158760  -3.506441   1.303341  -1.229376   0.033899
   58  H   2  S  -2.854111  -3.391043   1.459181   0.552457   1.936947
   59  H   2  X  -0.334873  -0.034645  -0.027938   0.024345  -0.063949
   60  H   2  Y  -0.006467  -0.041775  -0.039962   0.114866  -0.142719
   61  H   2  Z  -0.009996  -0.062885  -0.059986   0.172723  -0.214607
   62  H   2  X   0.577264   0.315628  -0.414167   0.700730  -0.072573
   63  H   2  Y   0.286205  -1.261605   0.218776  -0.023217  -0.385626
   64  H   2  Z   0.430276  -1.896642   0.328864  -0.034451  -0.579731
   65  H   2 XX   0.751239   0.546103  -0.159339  -0.244378  -0.154448
   66  H   2 YY   0.338810   0.604217  -0.399852  -0.188936  -0.584429
   67  H   2 ZZ   0.238413   0.384997  -0.408604   0.051538  -0.455685
   68  H   2 XY  -0.083311  -0.032152  -0.023076  -0.082627  -0.202225
   69  H   2 XZ  -0.124933  -0.048314  -0.034791  -0.124201  -0.303635
   70  H   2 YZ  -0.138045  -0.301884  -0.012045   0.331410   0.177661
   71  H   2  S  -0.205553  -0.100230   0.009647   0.052746   0.087810
   72  H   2  X   0.647741  -0.059966  -0.184338   0.111559  -0.300727
   73  H   2  Y   0.044789  -0.342399   0.118291   0.136947   0.055524
   74  H   2  Z   0.067749  -0.514693   0.177770   0.205829   0.083246
   75  H   2 XX   0.236730   1.497518  -0.348824  -0.140700  -0.182354
   76  H   2 YY   0.816469   1.006992  -0.453452   0.071363  -0.230445
   77  H   2 ZZ   0.930415   0.651062  -0.368879   0.113061  -0.383414
   78  H   2 XY   0.110551   0.196081  -0.079917   0.047340   0.061348
   79  H   2 XZ   0.165888   0.294913  -0.120114   0.071060   0.092188
   80  H   2 YZ   0.156986  -0.490623   0.116608   0.057424  -0.210822
   81  H   3  S  -0.526359   0.671165  -0.403349  -0.535089   1.112601
   82  H   3  S   0.160912  -3.503930   1.302597  -1.230084  -0.034762
   83  H   3  S   2.857872  -3.388269   1.459167   0.552726  -1.937392
   84  H   3  X   0.335054  -0.034362  -0.028013   0.024355   0.064549
   85  H   3  Y  -0.006839   0.041929   0.039811  -0.115048  -0.142363
   86  H   3  Z  -0.010010   0.062959   0.059947  -0.172937  -0.213993
   87  H   3  X  -0.577572   0.314699  -0.414165   0.700932   0.073278
   88  H   3  Y   0.285265   1.261710  -0.218806   0.022526  -0.385112
   89  H   3  Z   0.428890   1.896993  -0.329011   0.034321  -0.579021
   90  H   3 XX  -0.752032   0.545481  -0.159281  -0.244431   0.154145
   91  H   3 YY  -0.339252   0.603771  -0.399768  -0.188826   0.584483
   92  H   3 ZZ  -0.238898   0.384743  -0.408498   0.051802   0.455103
   93  H   3 XY  -0.083075   0.032124   0.023180   0.082499  -0.202135
   94  H   3 XZ  -0.125217   0.048320   0.034751   0.124055  -0.304292
   95  H   3 YZ   0.138480  -0.301781  -0.012035   0.331286  -0.177892
   96  H   3  S   0.205645  -0.100046   0.009667   0.052771  -0.087838
   97  H   3  X  -0.647894  -0.060695  -0.184343   0.111646   0.300884
   98  H   3  Y   0.044857   0.342284  -0.118208  -0.137021   0.055418
   99  H   3  Z   0.067027   0.514681  -0.177791  -0.206064   0.083549
  100  H   3 XX  -0.238121   1.497556  -0.348857  -0.140831   0.182176
  101  H   3 YY  -0.817556   1.006788  -0.453607   0.071272   0.230243
  102  H   3 ZZ  -0.931250   0.650227  -0.368836   0.113124   0.383275
  103  H   3 XY   0.110486  -0.196087   0.079904  -0.047188   0.061197
  104  H   3 XZ   0.166426  -0.294686   0.120167  -0.071056   0.092050
  105  H   3 YZ  -0.156577  -0.490797   0.116655   0.057663   0.210680
  106  CU  4  S   0.000044  -0.171596   0.258160   0.047498   0.000005
  107  CU  4  X  -0.000226   0.850290  -1.980455  -0.160361  -0.000065
  108  CU  4  Y  -0.148276   0.000097  -0.000133  -0.000036   0.064260
  109  CU  4  Z  -0.222923  -0.000135   0.000010   0.000051   0.096610
  110  CU  4 XX   0.000001  -0.024065   0.102537   0.020989   0.000011
  111  CU  4 YY   0.000001   0.031786  -0.079281  -0.010433  -0.000009
  112  CU  4 ZZ  -0.000012   0.032189  -0.081359  -0.013165   0.000000
  113  CU  4 XY   0.014142  -0.000011   0.000014   0.000005  -0.014178
  114  CU  4 XZ   0.021261   0.000010   0.000001  -0.000006  -0.021316
  115  CU  4 YZ   0.000003   0.000555  -0.002863  -0.003763  -0.000003
  116  CU  4 XX   0.000031  -0.117343   0.327089  -0.069028   0.000006
  117  CU  4 YY   0.000073  -0.397110   0.858464   0.120376   0.000041
  118  CU  4 ZZ   0.000104  -0.396896   0.862160   0.125605   0.000023
  119  CU  4 XY  -0.033003   0.000039  -0.000041  -0.000018   0.039980
  120  CU  4 XZ  -0.049618  -0.000026  -0.000000   0.000016   0.060107
  121  CU  4 YZ  -0.000007   0.000295   0.005091   0.007203   0.000007
  122  CU  4  S  -0.000839   3.364891  -5.660379  -0.877750  -0.000132
  123  CU  4  X  -0.000414   1.275769  -0.569572  -0.276365   0.000068
  124  CU  4  Y   0.041787   0.000119  -0.000021  -0.000016  -0.036886
  125  CU  4  Z   0.062823  -0.000051   0.000017   0.000005  -0.055455
  126  CU  4  S  -0.000083   0.257217   0.114273  -0.589716   0.000047
  127  CU  4  X   0.000025  -0.049584  -0.020285  -0.220034   0.000004
  128  CU  4  Y   0.033971   0.000055  -0.000009  -0.000035  -0.022747
  129  CU  4  Z   0.051073   0.000014  -0.000001   0.000005  -0.034198
  130  CU  4  S  -0.000040   0.078517   0.301652  -0.003003   0.000020
  131  CU  4  X   0.000859  -3.288095   7.445823   0.619157   0.000254
  132  CU  4  Y   0.563814  -0.000380   0.000501   0.000129  -0.248360
  133  CU  4  Z   0.847656   0.000514  -0.000040  -0.000190  -0.373393
  134  CU  4 XX  -0.000064  -0.009545   1.113453   0.026742   0.000090
  135  CU  4 YY   0.000186  -0.718591   1.623399   0.195154   0.000061
  136  CU  4 ZZ   0.000133  -0.712565   1.626741   0.195482   0.000033
  137  CU  4 XY  -0.006350   0.000094  -0.000028  -0.000014  -0.011297
  138  CU  4 XZ  -0.009546  -0.000071   0.000012   0.000013  -0.016984
  139  CU  4 YZ  -0.000001   0.008301   0.004602   0.000451   0.000006
  140  CU   XXX  -0.000038   0.177321  -0.587651  -0.015509  -0.000072
  141  CU   YYY  -0.014566   0.000017  -0.000015   0.000000  -0.029140
  142  CU   ZZZ  -0.023113  -0.000015   0.000005  -0.000010  -0.032365
  143  CU   XXY  -0.046645   0.000023  -0.000039  -0.000018   0.065719
  144  CU   XXZ  -0.070128  -0.000043  -0.000005   0.000027   0.098804
  145  CU   YYX  -0.000047   0.122149  -0.086784  -0.048511   0.000112
  146  CU   YYZ  -0.010655  -0.000005   0.000004   0.000008  -0.011470
  147  CU   ZZX  -0.000024   0.115543  -0.071553  -0.024537  -0.000045
  148  CU   ZZY  -0.008170   0.000007  -0.000006   0.000004   0.002584
  149  CU   XYZ  -0.000005  -0.009099   0.020980   0.033023   0.000035
  150  CU   XXX  -0.000541   2.094914  -4.416288  -0.496360  -0.000131
  151  CU   YYY  -0.290416   0.000202  -0.000272  -0.000075   0.143444
  152  CU   ZZZ  -0.437182  -0.000268   0.000022   0.000104   0.214231
  153  CU   XXY  -0.169202   0.000136  -0.000152  -0.000039   0.074766
  154  CU   XXZ  -0.254383  -0.000158   0.000010   0.000055   0.112405
  155  CU   YYX  -0.000237   0.854822  -1.820611  -0.179702  -0.000067
  156  CU   YYZ  -0.195661  -0.000119   0.000011   0.000048   0.095432
  157  CU   ZZX  -0.000222   0.852604  -1.814602  -0.175785  -0.000059
  158  CU   ZZY  -0.130644   0.000090  -0.000122  -0.000033   0.062203
  159  CU   XYZ  -0.000005  -0.003055   0.008276   0.005395   0.000000

                    141        142        143        144        145
                    8.3333     8.6722     8.9094     8.9101     8.9310
                     A          A          A          A          A   
    1  O   1  S  -0.879440  -0.001220  -0.000004  -0.000020   0.000000
    2  O   1  S  -1.565821  -0.002164  -0.000007  -0.000035   0.000000
    3  O   1  S   1.657355   0.001977   0.000006   0.000032  -0.000000
    4  O   1  S   5.382822   0.004013  -0.000232   0.000059  -0.000002
    5  O   1  X  -0.166322  -0.000047   0.000004   0.000002   0.000000
    6  O   1  Y   0.000261  -0.194567  -0.001914  -0.003259   0.000008
    7  O   1  Z   0.000274  -0.292518   0.001273  -0.004900   0.000014
    8  O   1  X   1.843529   0.001748  -0.000053   0.000017  -0.000000
    9  O   1  Y  -0.002079   2.059022   0.016159   0.053378  -0.000081
   10  O   1  Z  -0.001952   3.095602  -0.010748   0.080250  -0.000140
   11  O   1  X  -1.245596  -0.001053  -0.000029  -0.000006   0.000000
   12  O   1  Y  -0.000057  -0.345985   0.004187  -0.004545   0.000927
   13  O   1  Z  -0.000295  -0.520166  -0.002787  -0.006832   0.001360
   14  O   1 XX   0.623429   0.000775   0.000007   0.000014  -0.000000
   15  O   1 YY   0.443658   0.000515  -0.000002   0.000010  -0.021696
   16  O   1 ZZ   0.182572   0.000420   0.000002   0.000004   0.021696
   17  O   1 XY  -0.000146   0.053342  -0.000157  -0.010083   0.000016
   18  O   1 XZ  -0.000253   0.080196   0.000104  -0.015160   0.000025
   19  O   1 YZ  -0.359632  -0.000235   0.000007  -0.000002  -0.010500
   20  O   1 XX   2.019256   0.002061  -0.000020   0.000030  -0.000000
   21  O   1 YY   2.078590   0.000888   0.000009   0.000009   0.054886
   22  O   1 ZZ   4.158353   0.005093  -0.000020   0.000080  -0.054887
   23  O   1 XY  -0.002312   2.397292   0.006164   0.071806  -0.000215
   24  O   1 XZ  -0.002166   3.604168  -0.004100   0.107955  -0.000330
   25  O   1 YZ   2.864774   0.001731  -0.000035   0.000016   0.026563
   26  O    XXX   0.241337   0.000270   0.000006   0.000006  -0.000000
   27  O    YYY  -0.000052  -0.143542  -0.003797   0.004837   0.000012
   28  O    ZZZ   0.000115   0.561671   0.006726   0.014111  -0.000051
   29  O    XXY  -0.000828   0.752947  -0.011668   0.010267  -0.000112
   30  O    XXZ  -0.000941   1.132006   0.007760   0.015435  -0.000176
   31  O    YYX   0.281471  -0.000409  -0.000002  -0.000009  -0.033612
   32  O    YYZ  -0.000784   0.455254  -0.005609   0.008105  -0.000046
   33  O    ZZX   0.999144   0.001308  -0.000008   0.000020   0.033612
   34  O    ZZY  -0.000782   0.996618  -0.000040   0.011494  -0.000102
   35  O    XYZ   0.988561   0.000368  -0.000008   0.000001  -0.016268
   36  O   1  S  -1.369793  -0.002354  -0.000020  -0.000056   0.000000
   37  O   1  X  -0.963819  -0.000940  -0.000063  -0.000020   0.000001
   38  O   1  Y   0.000546  -0.769669  -0.013634  -0.047736   0.000085
   39  O   1  Z   0.000398  -1.157147   0.009069  -0.071767   0.000120
   40  O   1 XX  -0.022887  -0.000279   0.000022  -0.000006  -0.000000
   41  O   1 YY  -0.192572  -0.000489   0.000035  -0.000010  -0.059559
   42  O   1 ZZ   0.210759   0.000162   0.000041   0.000016   0.059558
   43  O   1 XY  -0.000043   0.189738  -0.002586   0.033240   0.000332
   44  O   1 XZ  -0.000232   0.285258   0.001719   0.049973   0.000461
   45  O   1 YZ   0.555568   0.000468   0.000013   0.000012  -0.028826
   46  O    XXX   1.105668   0.000948  -0.000041   0.000019   0.000000
   47  O    YYY  -0.001529   1.263537  -0.003073   0.029356  -0.000190
   48  O    ZZZ  -0.000704   2.009223  -0.008337   0.064999  -0.000292
   49  O    XXY  -0.000808   1.069290   0.016192   0.048627  -0.000058
   50  O    XXZ  -0.000853   1.607606  -0.010770   0.073107  -0.000077
   51  O    YYX   1.197296   0.000732  -0.000016   0.000009   0.072838
   52  O    YYZ  -0.000794   0.927313   0.017566   0.034545  -0.000114
   53  O    ZZX   1.759204   0.001899  -0.000025   0.000027  -0.072838
   54  O    ZZY  -0.000576   0.714583  -0.005471   0.041596  -0.000066
   55  O    XYZ   0.774000   0.000622  -0.000009   0.000007   0.035252
   56  H   2  S  -2.120813   2.175790   0.000016   0.061931  -0.000359
   57  H   2  S  -2.812376   3.353114   0.000074   0.167260   0.001364
   58  H   2  S   2.550995  -4.255744   0.000061  -0.108224   0.000580
   59  H   2  X   1.039385  -0.914693  -0.000011  -0.019431   0.000120
   60  H   2  Y  -0.596931   0.887811  -0.000984   0.019290   0.024033
   61  H   2  Z  -0.896768   1.334143   0.000669   0.028984  -0.016188
   62  H   2  X   1.971035  -1.726746  -0.000022  -0.038950  -0.000080
   63  H   2  Y  -1.044485   1.762702  -0.012164   0.056081   0.005567
   64  H   2  Z  -1.568941   2.648968   0.008167   0.084249  -0.003705
   65  H   2 XX  -1.369910   1.179869   0.000011   0.030747  -0.000191
   66  H   2 YY  -1.060317   1.311537  -0.003403   0.033592   0.010375
   67  H   2 ZZ  -1.122967   1.737316   0.003418   0.040666  -0.010856
   68  H   2 XY   0.328040  -0.450376   0.002983  -0.005195  -0.005336
   69  H   2 XZ   0.492833  -0.676940  -0.001989  -0.007802   0.003592
   70  H   2 YZ  -0.086807   0.587278  -0.001642   0.009769   0.005109
   71  H   2  S   0.057485  -0.094750   0.000008  -0.012532   0.000019
   72  H   2  X   0.157082   0.390207   0.000017   0.031633  -0.000066
   73  H   2  Y   0.122896  -0.001575   0.010300   0.022888  -0.015370
   74  H   2  Z   0.184839  -0.001997  -0.006830   0.034436   0.010295
   75  H   2 XX  -0.979498   1.065822  -0.000029   0.015586  -0.000086
   76  H   2 YY  -0.711100   1.113997   0.000058   0.034783   0.014401
   77  H   2 ZZ  -0.811661   1.387565  -0.000075   0.048559  -0.014522
   78  H   2 XY   0.182323  -0.186746  -0.003063  -0.005532   0.018178
   79  H   2 XZ   0.273878  -0.280678   0.002026  -0.008323  -0.012050
   80  H   2 YZ  -0.138847   0.377110   0.000048   0.018990   0.006900
   81  H   3  S  -2.118756  -2.180369   0.000016  -0.061996   0.000360
   82  H   3  S  -2.806357  -3.357688   0.000078  -0.167360  -0.001362
   83  H   3  S   2.547894   4.262472   0.000060   0.108362  -0.000582
   84  H   3  X   1.037989   0.916373  -0.000011   0.019446  -0.000120
   85  H   3  Y   0.594911   0.888292  -0.000998   0.019284  -0.024221
   86  H   3  Z   0.895085   1.336109   0.000649   0.029011   0.015907
   87  H   3  X   1.967874   1.729786  -0.000023   0.038989   0.000079
   88  H   3  Y   1.040231   1.763287  -0.012239   0.056040  -0.005597
   89  H   3  Z   1.565288   2.652122   0.008064   0.084318   0.003720
   90  H   3 XX  -1.368437  -1.182378   0.000011  -0.030780   0.000191
   91  H   3 YY  -1.058492  -1.313209   0.003413  -0.033606   0.010837
   92  H   3 ZZ  -1.120860  -1.739926  -0.003398  -0.040708  -0.010355
   93  H   3 XY  -0.326761  -0.450579   0.002987  -0.005188   0.005379
   94  H   3 XZ  -0.491615  -0.677586  -0.001982  -0.007809  -0.003535
   95  H   3 YZ  -0.085400  -0.586992   0.001657  -0.009757   0.005158
   96  H   3  S   0.057580   0.094927   0.000008   0.012537  -0.000019
   97  H   3  X   0.157268  -0.390263   0.000018  -0.031635   0.000066
   98  H   3  Y  -0.123273  -0.001657   0.010280   0.022903   0.015425
   99  H   3  Z  -0.185259  -0.002863  -0.006859   0.034406  -0.010188
  100  H   3 XX  -0.978250  -1.067747  -0.000029  -0.015624   0.000087
  101  H   3 YY  -0.709654  -1.115339  -0.000084  -0.034802   0.014474
  102  H   3 ZZ  -0.810154  -1.389395   0.000068  -0.048597  -0.014351
  103  H   3 XY  -0.181738  -0.186899  -0.003051  -0.005538  -0.018137
  104  H   3 XZ  -0.273463  -0.281072   0.002041  -0.008320   0.012105
  105  H   3 YZ  -0.138105  -0.377213  -0.000021  -0.018987   0.007074
  106  CU  4  S   0.063363   0.000034   0.000001  -0.000001  -0.000000
  107  CU  4  X  -0.360938  -0.000227   0.000001   0.000001   0.000000
  108  CU  4  Y  -0.000049  -0.030360  -0.002065  -0.001375   0.000001
  109  CU  4  Z   0.000031  -0.045645   0.001373  -0.002068  -0.000000
  110  CU  4 XX   0.046735   0.000045  -0.000000   0.000000  -0.000000
  111  CU  4 YY  -0.012173  -0.000000  -0.000000   0.000000   0.000148
  112  CU  4 ZZ  -0.015819  -0.000014  -0.000000  -0.000000  -0.000148
  113  CU  4 XY   0.000008   0.008339   0.000357   0.000513   0.000000
  114  CU  4 XZ  -0.000006   0.012537  -0.000237   0.000771   0.000000
  115  CU  4 YZ  -0.005022  -0.000003   0.000000   0.000000   0.000071
  116  CU  4 XX   0.000986  -0.000067  -0.000000  -0.000002  -0.000000
  117  CU  4 YY   0.180277   0.000078   0.000001  -0.000004  -0.003682
  118  CU  4 ZZ   0.188737   0.000114   0.000000  -0.000002   0.003681
  119  CU  4 XY  -0.000014  -0.028774  -0.000253  -0.001313   0.000004
  120  CU  4 XZ   0.000020  -0.043260   0.000168  -0.001974   0.000007
  121  CU  4 YZ   0.011653   0.000006  -0.000001  -0.000000  -0.001782
  122  CU  4  S  -1.348282  -0.000670  -0.000011   0.000015   0.000001
  123  CU  4  X  -0.417500  -0.000161  -0.000016   0.000001   0.000000
  124  CU  4  Y  -0.000039   0.032528  -0.004686   0.006613  -0.000001
  125  CU  4  Z  -0.000013   0.048904   0.003116   0.009942  -0.000011
  126  CU  4  S  -0.461620  -0.000432  -0.000037  -0.000009   0.000000
  127  CU  4  X  -0.142649  -0.000147  -0.000010  -0.000003   0.000000
  128  CU  4  Y  -0.000115   0.085859   0.003910   0.003774  -0.000008
  129  CU  4  Z  -0.000046   0.129083  -0.002601   0.005673  -0.000010
  130  CU  4  S  -0.050178  -0.000057  -0.000004  -0.000003  -0.000000
  131  CU  4  X   1.343854   0.000884  -0.000000  -0.000003  -0.000001
  132  CU  4  Y   0.000174   0.118908   0.007592   0.006078  -0.000011
  133  CU  4  Z  -0.000118   0.178769  -0.005049   0.009138  -0.000013
  134  CU  4 XX   0.085645   0.000107  -0.000008  -0.000003   0.000000
  135  CU  4 YY   0.283017   0.000130  -0.000006  -0.000004   0.016031
  136  CU  4 ZZ   0.274122   0.000089  -0.000004  -0.000009  -0.016032
  137  CU  4 XY  -0.000019   0.007636  -0.006442   0.002462  -0.000014
  138  CU  4 XZ   0.000008   0.011480   0.004285   0.003701  -0.000029
  139  CU  4 YZ  -0.012253  -0.000010   0.000001   0.000000   0.007759
  140  CU   XXX  -0.311518  -0.000548  -0.000019  -0.000019  -0.000001
  141  CU   YYY   0.000082   0.047448   0.126063  -0.870697  -0.000230
  142  CU   ZZZ  -0.000024   0.055831  -0.834196  -0.178753  -0.000236
  143  CU   XXY  -0.000161  -0.076889   0.069869   0.014472   0.000388
  144  CU   XXZ   0.000028  -0.115598  -0.046472   0.021761   0.000498
  145  CU   YYX   0.103900   0.000085   0.000005   0.000036  -0.887946
  146  CU   YYZ   0.000016   0.020899   1.166153   0.216746  -0.000175
  147  CU   ZZX   0.161064   0.000536   0.000020  -0.000011   0.887947
  148  CU   ZZY   0.000035   0.000067  -0.239735   1.152815  -0.000076
  149  CU   XYZ   0.078741   0.000145  -0.000105  -0.000015  -0.429754
  150  CU   XXX  -0.797982  -0.000386   0.000009   0.000011   0.000001
  151  CU   YYY  -0.000126  -0.089365  -0.058492   0.388626   0.000124
  152  CU   ZZZ   0.000074  -0.128480   0.376037   0.076241   0.000136
  153  CU   XXY   0.000003  -0.018194  -0.037657  -0.010019  -0.000185
  154  CU   XXZ   0.000035  -0.027353   0.025047  -0.015065  -0.000243
  155  CU   YYX  -0.404736  -0.000308  -0.000003  -0.000016   0.407153
  156  CU   YYZ   0.000027  -0.055916  -0.523403  -0.099257   0.000093
  157  CU   ZZX  -0.416679  -0.000468  -0.000009   0.000005  -0.407153
  158  CU   ZZY  -0.000055  -0.031950   0.106885  -0.519382   0.000042
  159  CU   XYZ  -0.016451  -0.000054   0.000047   0.000006   0.197057

                    146        147        148        149        150
                    8.9569     8.9662     9.0551     9.1416    13.2173
                     A          A          A          A          A   
    1  O   1  S  -0.014399  -0.000037   0.000118   0.046820   0.000969
    2  O   1  S  -0.018581  -0.000094   0.000221   0.107533   0.001767
    3  O   1  S   0.060526  -0.000134  -0.000100   0.159719  -0.001075
    4  O   1  S   0.209702  -0.001225   0.000182   2.442318   0.002443
    5  O   1  X   0.001416   0.000051  -0.000024  -0.134211  -0.000482
    6  O   1  Y   0.000015  -0.005575   0.010277  -0.000074  -2.680054
    7  O   1  Z   0.000038   0.003708   0.015451  -0.000068   1.782623
    8  O   1  X  -0.114266  -0.000203  -0.000112   0.588607   0.002622
    9  O   1  Y  -0.000188   0.058746  -0.185547   0.000865  13.681518
   10  O   1  Z  -0.000482  -0.039073  -0.278957   0.001078  -9.100185
   11  O   1  X   0.682183  -0.001472   0.000260  -0.272665   0.001227
   12  O   1  Y   0.000086   0.185408   0.991308  -0.000526   3.080528
   13  O   1  Z  -0.000056  -0.123321   1.490366  -0.000247  -2.048996
   14  O   1 XX  -0.004731   0.000118  -0.000102  -0.128835  -0.000314
   15  O   1 YY   0.001582  -0.000025  -0.000044   0.070261  -0.000298
   16  O   1 ZZ   0.039435  -0.000107   0.000007   0.040930  -0.000273
   17  O   1 XY   0.000002   0.009400   0.069194  -0.000033   0.005945
   18  O   1 XZ  -0.000015  -0.006252   0.104029   0.000028  -0.003954
   19  O   1 YZ   0.052140  -0.000123   0.000034  -0.040403   0.000059
   20  O   1 XX   0.008449  -0.000305  -0.000085   0.511023  -0.000839
   21  O   1 YY   0.031584   0.000019   0.000041   0.214109  -0.001018
   22  O   1 ZZ  -0.131247   0.000344  -0.000392   0.759011  -0.000919
   23  O   1 XY  -0.000243   0.020997  -0.480604   0.000786   0.031940
   24  O   1 XZ  -0.000528  -0.013966  -0.722556   0.001397  -0.021245
   25  O   1 YZ  -0.224291   0.000470  -0.000078   0.750574   0.000152
   26  O    XXX  -0.036625   0.000183  -0.000020   0.168793  -0.001153
   27  O    YYY   0.000030   0.003109   0.002261  -0.000186  -6.826844
   28  O    ZZZ  -0.000124  -0.000105  -0.111192   0.000386   4.492110
   29  O    XXY  -0.000303  -0.135708  -0.021512   0.000102  -3.032307
   30  O    XXZ  -0.000023   0.090266  -0.032342   0.000416   2.016922
   31  O    YYX  -0.020241   0.000059   0.000079   0.027971  -0.000503
   32  O    YYZ  -0.000025  -0.004073  -0.079804   0.000098   2.108888
   33  O    ZZX  -0.045127   0.000130  -0.000124   0.199776  -0.000432
   34  O    ZZY  -0.000124   0.002165  -0.155341   0.000294  -3.072286
   35  O    XYZ  -0.034278   0.000074   0.000031   0.236653   0.000135
   36  O   1  S   0.165142  -0.001236   0.000367   0.229291  -0.002973
   37  O   1  X  -0.066318   0.000113  -0.000075  -0.731569   0.001049
   38  O   1  Y   0.000158   0.014709   0.091983  -0.000276  -0.220534
   39  O   1  Z   0.000148  -0.009784   0.138291  -0.000446   0.146687
   40  O   1 XX   0.091240  -0.000421   0.000100   0.311811  -0.001143
   41  O   1 YY   0.191565  -0.000313  -0.000029   0.272528  -0.000647
   42  O   1 ZZ   0.400133  -0.000623   0.000472   0.601904  -0.000857
   43  O   1 XY  -0.000459  -0.151053   0.448522  -0.000110  -0.234771
   44  O   1 XZ   0.000122   0.100474   0.674323   0.000008   0.156157
   45  O   1 YZ   0.287292  -0.000426  -0.000006   0.453699  -0.000267
   46  O    XXX  -0.162177   0.000130  -0.000263  -0.558668  -0.000612
   47  O    YYY  -0.000376  -0.142942  -0.123303   0.000255  -3.927309
   48  O    ZZZ  -0.000149   0.107988  -0.071822   0.000877   2.636919
   49  O    XXY   0.000174   0.180895  -0.467468   0.000441  -1.766608
   50  O    XXZ  -0.000380  -0.120321  -0.702806   0.000636   1.175050
   51  O    YYX  -0.128699   0.000296  -0.000061   0.281086  -0.000313
   52  O    YYZ  -0.000154   0.021811  -0.002314   0.000222   1.128616
   53  O    ZZX  -0.214729   0.000418  -0.000232   0.497247  -0.000388
   54  O    ZZY  -0.000219  -0.058831   0.099796   0.000199  -1.746602
   55  O    XYZ  -0.118501   0.000231  -0.000070   0.297751  -0.000104
   56  H   2  S   0.264085  -0.000571  -0.525146  -0.685793   0.000088
   57  H   2  S  -0.786325   0.001840   1.164291  -0.886174  -0.000531
   58  H   2  S  -0.166569   0.000996   0.769705   0.800061   0.001226
   59  H   2  X  -0.104237   0.000228   0.061048   0.275893   0.000036
   60  H   2  Y   0.041319   0.000359  -0.153922  -0.194300  -0.086939
   61  H   2  Z   0.062046  -0.000388  -0.231295  -0.291878   0.057734
   62  H   2  X   0.089321  -0.000104  -0.238831   0.655548   0.000240
   63  H   2  Y   0.012836  -0.002755  -0.238693  -0.142587   0.227883
   64  H   2  Z   0.019189   0.002203  -0.358824  -0.214096  -0.152075
   65  H   2 XX   0.150902  -0.000366  -0.139669  -0.413114   0.000004
   66  H   2 YY   0.159026  -0.017381  -0.320101  -0.363636  -0.067965
   67  H   2 ZZ   0.154091   0.016788  -0.365023  -0.385044   0.067914
   68  H   2 XY  -0.002158  -0.032870   0.022203   0.118502   0.037408
   69  H   2 XZ  -0.003093   0.021907   0.033488   0.178049  -0.024726
   70  H   2 YZ  -0.006854  -0.008159  -0.062016  -0.029684  -0.032979
   71  H   2  S   0.011827  -0.000011  -0.014711   0.055324  -0.000065
   72  H   2  X   0.059473  -0.000182  -0.169034   0.213096  -0.000679
   73  H   2  Y  -0.000204  -0.008805   0.009555   0.041125  -0.100195
   74  H   2  Z  -0.000243   0.006047   0.014312   0.061808   0.066930
   75  H   2 XX  -0.025471  -0.000090  -0.034321  -0.516124   0.000171
   76  H   2 YY   0.005762  -0.007138  -0.101699  -0.400828   0.115566
   77  H   2 ZZ   0.030011   0.006965  -0.247968  -0.342553  -0.115425
   78  H   2 XY  -0.032494   0.016719  -0.018967   0.023892  -0.026572
   79  H   2 XZ  -0.048942  -0.011032  -0.028588   0.035831   0.017751
   80  H   2 YZ   0.033492  -0.003414  -0.201585   0.080400   0.055805
   81  H   3  S   0.264705  -0.000572   0.525577  -0.687657   0.000088
   82  H   3  S  -0.785211   0.001835  -1.164783  -0.887907  -0.000532
   83  H   3  S  -0.167880   0.000997  -0.770263   0.803429   0.001225
   84  H   3  X  -0.104488   0.000229  -0.061132   0.276527   0.000036
   85  H   3  Y  -0.041472   0.000494  -0.153857   0.194713  -0.086883
   86  H   3  Z  -0.062425  -0.000179  -0.231430   0.292978   0.057883
   87  H   3  X   0.088778  -0.000102   0.238893   0.656591   0.000241
   88  H   3  Y  -0.013190  -0.003120  -0.238798   0.143495   0.228369
   89  H   3  Z  -0.019939   0.001706  -0.359052   0.216010  -0.151397
   90  H   3 XX   0.151248  -0.000366   0.139874  -0.413991   0.000004
   91  H   3 YY   0.159411   0.016725   0.320219  -0.364558   0.067983
   92  H   3 ZZ   0.154507  -0.017318   0.365273  -0.386462  -0.068034
   93  H   3 XY   0.002126  -0.032914   0.022284  -0.118670   0.037269
   94  H   3 XZ   0.003348   0.021849   0.033394  -0.178523  -0.024945
   95  H   3 YZ  -0.006699   0.008348   0.061921  -0.029974   0.032817
   96  H   3  S   0.011784  -0.000011   0.014722   0.055402  -0.000066
   97  H   3  X   0.059587  -0.000182   0.169188   0.212796  -0.000679
   98  H   3  Y   0.000166  -0.008989   0.009543  -0.041142  -0.100496
   99  H   3  Z   0.000313   0.005789   0.014401  -0.061875   0.066559
  100  H   3 XX  -0.025162  -0.000090   0.034294  -0.516926   0.000171
  101  H   3 YY   0.006020   0.006977   0.101627  -0.401749  -0.115359
  102  H   3 ZZ   0.030423  -0.007151   0.248085  -0.343536   0.115499
  103  H   3 XY   0.032641   0.016641  -0.019024  -0.023912  -0.026628
  104  H   3 XZ   0.048985  -0.011158  -0.028528  -0.036040   0.017635
  105  H   3 YZ   0.033524   0.003418   0.201631   0.080057  -0.055959
  106  CU  4  S  -0.018218   0.000012   0.000016   0.096967  -0.000018
  107  CU  4  X   0.053730  -0.000027  -0.000071  -0.426608   0.000065
  108  CU  4  Y  -0.000052  -0.035619   0.061460  -0.000074   0.037115
  109  CU  4  Z   0.000036   0.023692   0.092401  -0.000025  -0.024687
  110  CU  4 XX  -0.005774   0.000010   0.000008   0.051590  -0.000010
  111  CU  4 YY   0.001478   0.000001  -0.000006  -0.023374  -0.000013
  112  CU  4 ZZ   0.000940   0.000001  -0.000006  -0.024333  -0.000014
  113  CU  4 XY   0.000002   0.003088  -0.009630   0.000015  -0.017185
  114  CU  4 XZ  -0.000003  -0.002054  -0.014479   0.000006   0.011431
  115  CU  4 YZ  -0.000741   0.000000  -0.000000  -0.001320  -0.000003
  116  CU  4 XX  -0.022501  -0.000031   0.000037   0.159882  -0.000077
  117  CU  4 YY  -0.058296   0.000037   0.000061   0.347866  -0.000023
  118  CU  4 ZZ  -0.053181   0.000030   0.000067   0.349964  -0.000019
  119  CU  4 XY   0.000017   0.003699   0.017973  -0.000033   0.052057
  120  CU  4 XZ  -0.000003  -0.002460   0.027022  -0.000020  -0.034625
  121  CU  4 YZ   0.007046  -0.000010  -0.000001   0.002891   0.000012
  122  CU  4  S   0.423907  -0.000234  -0.000401  -2.362160   0.000648
  123  CU  4  X  -0.018121   0.000232  -0.000163  -0.887412   0.000943
  124  CU  4  Y  -0.000240  -0.120540   0.118751  -0.000116  -0.186038
  125  CU  4  Z   0.000122   0.080177   0.178534  -0.000001   0.123742
  126  CU  4  S  -0.075829   0.000223  -0.000075  -0.490325   0.000958
  127  CU  4  X  -0.016745   0.000060  -0.000016  -0.119359   0.000272
  128  CU  4  Y   0.000007   0.014303  -0.022530   0.000018   0.078199
  129  CU  4  Z  -0.000031  -0.009514  -0.033872   0.000054  -0.052013
  130  CU  4  S  -0.008641   0.000013   0.000024   0.053590   0.000249
  131  CU  4  X  -0.184079   0.000125   0.000236   1.454069  -0.000028
  132  CU  4  Y   0.000142   0.104503  -0.201761   0.000249  -0.061770
  133  CU  4  Z  -0.000107  -0.069510  -0.303334   0.000090   0.041086
  134  CU  4 XX  -0.150055   0.000295  -0.000043  -0.074227   0.000521
  135  CU  4 YY  -0.112833   0.000057   0.000163   0.634138   0.000107
  136  CU  4 ZZ  -0.140667   0.000117   0.000088   0.626483   0.000101
  137  CU  4 XY  -0.000266  -0.140413   0.128949  -0.000128  -0.129237
  138  CU  4 XZ   0.000149   0.093395   0.193866  -0.000014   0.085961
  139  CU  4 YZ  -0.038340   0.000066   0.000022  -0.010544  -0.000026
  140  CU   XXX   0.081945  -0.000567   0.000408   1.054668  -0.000076
  141  CU   YYY  -0.001047  -0.579791   0.358953  -0.000334  -0.006781
  142  CU   ZZZ   0.000656   0.437386   0.567210  -0.000033   0.005093
  143  CU   XXY   0.001829   1.017037  -0.671236   0.000581  -0.024779
  144  CU   XXZ  -0.001124  -0.676478  -1.009157   0.000069   0.016481
  145  CU   YYX  -0.415877   0.001037  -0.000722  -0.724187  -0.000001
  146  CU   YYZ   0.000245   0.089465   0.260897  -0.000031   0.001081
  147  CU   ZZX   0.325667  -0.000316   0.000170  -0.757879   0.000004
  148  CU   ZZY  -0.000420  -0.238869   0.198119  -0.000145  -0.002802
  149  CU   XYZ   1.021438  -0.001742  -0.000192  -0.046409   0.000006
  150  CU   XXX   0.097872   0.000161  -0.000369  -1.557342   0.000053
  151  CU   YYY   0.000465   0.242211  -0.080536   0.000047   0.028635
  152  CU   ZZZ  -0.000275  -0.184551  -0.133658  -0.000032  -0.019811
  153  CU   XXY  -0.000970  -0.549551   0.426676  -0.000415   0.063562
  154  CU   XXZ   0.000603   0.365531   0.641478  -0.000078  -0.042278
  155  CU   YYX   0.259562  -0.000574   0.000323   0.051440  -0.000004
  156  CU   YYZ  -0.000103  -0.034438  -0.063076  -0.000007  -0.007290
  157  CU   ZZX  -0.087760   0.000069  -0.000124   0.068286  -0.000014
  158  CU   ZZY   0.000186   0.099066  -0.053179   0.000018   0.012504
  159  CU   XYZ  -0.478419   0.000820   0.000100   0.023205  -0.000009

                    151        152        153        154        155
                   15.0373    15.0382    15.3369    16.5147    16.5421
                     A          A          A          A          A   
    1  O   1  S   2.447045   6.994237   1.371417  -0.000062  -0.000026
    2  O   1  S   4.714238  13.474277   2.729988  -0.000130  -0.000056
    3  O   1  S  -1.036352  -2.962231  -0.182469   0.000026   0.000009
    4  O   1  S   3.304278   9.446324  -1.629538  -0.000627  -0.000185
    5  O   1  X   0.179800   0.514859  -3.745381  -0.000124   0.000011
    6  O   1  Y  -1.956544   0.685018   0.000714   0.041418   0.034696
    7  O   1  Z  -2.941860   1.028945  -0.000093  -0.027549   0.052162
    8  O   1  X  -0.369128  -1.058967  17.345478   0.000489  -0.000043
    9  O   1  Y   9.290634  -3.252161  -0.003277  -0.192915  -0.152003
   10  O   1  Z  13.969726  -4.884032   0.000390   0.128317  -0.228525
   11  O   1  X   0.132142   0.375339   8.408192   0.000244  -0.000101
   12  O   1  Y   4.505287  -1.576631  -0.001512  -0.091458  -0.586817
   13  O   1  Z   6.774205  -2.368046   0.000789   0.060837  -0.882240
   14  O   1 XX  -0.701583  -2.005114  -0.427903   0.000032   0.000013
   15  O   1 YY  -0.754361  -2.156017  -0.460147   0.000026   0.000012
   16  O   1 ZZ  -0.683285  -1.952789  -0.427255   0.000025   0.000014
   17  O   1 XY  -0.025512   0.008927  -0.000055   0.001524  -0.003907
   18  O   1 XZ  -0.038300   0.013579   0.000049  -0.001013  -0.005874
   19  O   1 YZ   0.097934   0.279926   0.045307  -0.000003  -0.000002
   20  O   1 XX  -0.660457  -1.887606  -0.109725   0.000000   0.000026
   21  O   1 YY  -0.784032  -2.240425   0.022342   0.000052   0.000025
   22  O   1 ZZ  -0.527894  -1.509070   0.183893   0.000041   0.000003
   23  O   1 XY   0.281562  -0.098221   0.000064   0.002367   0.020672
   24  O   1 XZ   0.423613  -0.146799  -0.000065  -0.001575   0.031080
   25  O   1 YZ   0.352343   1.007570   0.222528  -0.000012   0.000005
   26  O    XXX   0.535547   1.533016  -8.775742  -0.000290   0.000028
   27  O    YYY  -4.718318   1.651729   0.001681   0.103372   0.074351
   28  O    ZZZ  -6.993826   2.446770  -0.000174  -0.069581   0.119874
   29  O    XXY  -2.060547   0.721442   0.000699   0.026452   0.028631
   30  O    XXZ  -3.098130   1.083963  -0.000045  -0.017594   0.043045
   31  O    YYX   0.322898   0.924150  -3.993860  -0.000141   0.000001
   32  O    YYZ  -3.101531   1.084638  -0.000176  -0.029429   0.055734
   33  O    ZZX   0.472670   1.351999  -3.871317  -0.000140   0.000020
   34  O    ZZY  -1.973094   0.691070   0.000754   0.045904   0.044294
   35  O    XYZ   0.206153   0.589393   0.168797  -0.000002  -0.000006
   36  O   1  S   0.441278   1.259884   1.616218  -0.000150   0.000005
   37  O   1  X   0.145080   0.414873   0.139507   0.000127   0.000020
   38  O   1  Y   0.438775  -0.153531  -0.000044  -0.002374  -0.044169
   39  O   1  Z   0.659644  -0.230892  -0.000130   0.001579  -0.066406
   40  O   1 XX   0.714737   2.042096   0.359744  -0.000083  -0.000011
   41  O   1 YY   0.346034   0.988711   1.976922   0.000092   0.000076
   42  O   1 ZZ   0.391076   1.115751   2.471369   0.000082  -0.000160
   43  O   1 XY   0.278174  -0.096900  -0.000030   0.003301  -0.228077
   44  O   1 XZ   0.418207  -0.145708   0.000017  -0.002194  -0.342899
   45  O   1 YZ   0.061231   0.175275   0.681076  -0.000011   0.000021
   46  O    XXX   0.757530   2.167482  -7.476673  -0.000354   0.000029
   47  O    YYY  -3.452184   1.208970   0.001249   0.052243   0.088232
   48  O    ZZZ  -5.137839   1.797959  -0.000114  -0.028767   0.081717
   49  O    XXY  -1.291360   0.452357   0.000648   0.063869   0.078343
   50  O    XXZ  -1.941607   0.679706  -0.000269  -0.042483   0.117783
   51  O    YYX   0.221602   0.634803  -2.939535  -0.000114   0.000038
   52  O    YYZ  -2.283813   0.799414  -0.000179  -0.025136   0.023176
   53  O    ZZX   0.170591   0.487835  -2.825916  -0.000118  -0.000003
   54  O    ZZY  -1.471927   0.515558   0.000635   0.025724  -0.030038
   55  O    XYZ  -0.070815  -0.202249   0.156506   0.000005   0.000018
   56  H   2  S   0.453036  -0.218547  -0.562371  -0.000032   0.047732
   57  H   2  S  -1.314151  -4.626199   0.302412   0.000303  -0.773363
   58  H   2  S   3.584772  -3.762248  -1.548783   0.000025  -0.071415
   59  H   2  X  -0.009513   0.561086   0.175832   0.000005   0.007671
   60  H   2  Y   0.027344  -0.432272  -0.198624   0.000755   0.006976
   61  H   2  Z   0.041047  -0.649594  -0.298416  -0.000505   0.010471
   62  H   2  X   0.797490   1.292265   0.331014  -0.000029   0.122644
   63  H   2  Y  -0.448356  -1.477164   0.546596  -0.000471  -0.014130
   64  H   2  Z  -0.673251  -2.219583   0.821543   0.000531  -0.021190
   65  H   2 XX  -0.000016  -0.347075  -0.224383  -0.000019  -0.004417
   66  H   2 YY   0.130908  -0.110790  -0.227758  -0.002996   0.037274
   67  H   2 ZZ  -0.038203  -0.554629  -0.236220   0.002990   0.037013
   68  H   2 XY   0.162262   0.461452   0.058339  -0.007087   0.002230
   69  H   2 XZ   0.243749   0.693359   0.087660   0.004707   0.003330
   70  H   2 YZ  -0.233240  -0.612163  -0.011728  -0.001423  -0.000340
   71  H   2  S   0.371493  -0.314855  -0.082818  -0.000013  -0.065489
   72  H   2  X  -0.609458   0.935027   0.555471  -0.000045   0.031071
   73  H   2  Y   0.550907  -0.732205  -0.336844   0.014621   0.008987
   74  H   2  Z   0.827894  -1.100129  -0.505966  -0.009712   0.013551
   75  H   2 XX   0.077047  -0.282410  -0.923381  -0.000015  -0.038259
   76  H   2 YY   0.288989  -0.266941  -0.666010  -0.001874  -0.076983
   77  H   2 ZZ   0.284013  -0.488254  -0.401437   0.001845  -0.027296
   78  H   2 XY   0.135226   0.123931  -0.019760  -0.003506  -0.002960
   79  H   2 XZ   0.203126   0.186196  -0.029769   0.002315  -0.004416
   80  H   2 YZ  -0.007218  -0.305405   0.364791  -0.000860   0.068468
   81  H   3  S  -0.491057   0.110729  -0.562507  -0.000031  -0.047747
   82  H   3  S  -1.858114  -4.443922   0.302233   0.000297   0.773607
   83  H   3  S  -5.149494  -0.707990  -1.547969   0.000025   0.071383
   84  H   3  X   0.357380   0.433405   0.175778   0.000005  -0.007673
   85  H   3  Y   0.290782   0.321286   0.198417   0.000757   0.006960
   86  H   3  Z   0.437405   0.483227   0.298508  -0.000501   0.010481
   87  H   3  X   0.182469   1.509953   0.331322  -0.000028  -0.122671
   88  H   3  Y   0.570516   1.435136  -0.546505  -0.000676  -0.014071
   89  H   3  Z   0.857859   2.159109  -0.821861   0.000232  -0.021208
   90  H   3 XX  -0.216542  -0.271807  -0.224425  -0.000019   0.004413
   91  H   3 YY  -0.171471  -0.004831  -0.227755   0.002976  -0.037271
   92  H   3 ZZ  -0.316274  -0.458648  -0.236266  -0.002981  -0.037031
   93  H   3 XY  -0.160732  -0.461933  -0.058259  -0.007081   0.002211
   94  H   3 XZ  -0.241743  -0.694927  -0.087636   0.004717   0.003347
   95  H   3 YZ  -0.199195  -0.624302  -0.011652   0.001467   0.000350
   96  H   3  S  -0.486833  -0.014774  -0.082747  -0.000014   0.065488
   97  H   3  X   1.059708   0.351437   0.555352  -0.000045  -0.031093
   98  H   3  Y   0.886835   0.229264   0.336355   0.014610   0.009028
   99  H   3  Z   1.334009   0.345001   0.506144  -0.009731   0.013533
  100  H   3 XX  -0.236706  -0.173041  -0.923654  -0.000016   0.038311
  101  H   3 YY  -0.392701  -0.028355  -0.666414   0.001822   0.077042
  102  H   3 ZZ  -0.526882  -0.205594  -0.401370  -0.001852   0.027310
  103  H   3 XY   0.028359  -0.181342   0.019772  -0.003491  -0.002933
  104  H   3 XZ   0.042696  -0.272844   0.029665   0.002339  -0.004445
  105  H   3 YZ  -0.184764  -0.243473   0.364730   0.000929  -0.068477
  106  CU  4  S   0.003089   0.008835  -0.011628  -0.000002   0.000000
  107  CU  4  X   0.058688   0.167759   0.072916  -0.000053  -0.000027
  108  CU  4  Y   0.014841  -0.005159  -0.000028   0.569276   0.371263
  109  CU  4  Z   0.022294  -0.007808   0.000025  -0.378654   0.558164
  110  CU  4 XX  -0.030924  -0.088412   0.047332   0.000000  -0.000001
  111  CU  4 YY   0.000159   0.000465  -0.031963  -0.000003  -0.000000
  112  CU  4 ZZ   0.001344   0.003839  -0.031113  -0.000004   0.000001
  113  CU  4 XY  -0.006147   0.002141   0.000017   0.002085   0.003151
  114  CU  4 XZ  -0.009235   0.003235  -0.000006  -0.001387   0.004738
  115  CU  4 YZ   0.001625   0.004650   0.001171  -0.000000  -0.000000
  116  CU  4 XX   0.040129   0.114814  -0.331154  -0.000023   0.000002
  117  CU  4 YY  -0.061180  -0.174925   0.087529  -0.000006   0.000000
  118  CU  4 ZZ  -0.064184  -0.183459   0.084818  -0.000005  -0.000004
  119  CU  4 XY   0.017476  -0.006084  -0.000063  -0.005769  -0.009231
  120  CU  4 XZ   0.026255  -0.009201   0.000014   0.003837  -0.013878
  121  CU  4 YZ  -0.004109  -0.011764  -0.003734   0.000001   0.000000
  122  CU  4  S   0.114405   0.326875   0.601259   0.000117   0.000005
  123  CU  4  X  -0.286309  -0.818637   1.276526   0.000092  -0.000009
  124  CU  4  Y  -0.112552   0.039396   0.000176   0.115618   0.063721
  125  CU  4  Z  -0.169200   0.059270   0.000002  -0.076903   0.095800
  126  CU  4  S   0.201788   0.576989   0.001754   0.000093   0.000008
  127  CU  4  X   0.131157   0.375029  -0.186328   0.000028   0.000005
  128  CU  4  Y   0.022604  -0.007900  -0.000029  -0.051667  -0.031627
  129  CU  4  Z   0.033995  -0.011846   0.000012   0.034367  -0.047548
  130  CU  4  S  -0.080450  -0.230026   0.389890   0.000031  -0.000001
  131  CU  4  X   0.081923   0.234527   0.900831  -0.000857  -0.000427
  132  CU  4  Y   0.020211  -0.006992  -0.000081   8.568433   5.737871
  133  CU  4  Z   0.030338  -0.010651   0.000118  -5.699292   8.626436
  134  CU  4 XX  -0.247811  -0.708488   0.700035   0.000041  -0.000003
  135  CU  4 YY  -0.114057  -0.325934   0.108570  -0.000002  -0.000015
  136  CU  4 ZZ  -0.112648  -0.322047   0.104974  -0.000004   0.000011
  137  CU  4 XY  -0.073000   0.025562   0.000111   0.003998  -0.010915
  138  CU  4 XZ  -0.109747   0.038442  -0.000002  -0.002659  -0.016410
  139  CU  4 YZ   0.001864   0.005381  -0.004954  -0.000001  -0.000007
  140  CU   XXX  -0.100839  -0.288330  -0.268171   0.000263   0.000130
  141  CU   YYY  -0.015748   0.005473   0.000036  -2.650010  -1.768384
  142  CU   ZZZ  -0.023869   0.008364  -0.000044   1.762745  -2.658874
  143  CU   XXY  -0.012667   0.004387   0.000039  -1.179559  -0.782591
  144  CU   XXZ  -0.019022   0.006661  -0.000037   0.784583  -1.176564
  145  CU   YYX  -0.018242  -0.052210  -0.117077   0.000118   0.000062
  146  CU   YYZ  -0.010729   0.003766  -0.000018   0.788136  -1.189150
  147  CU   ZZX  -0.014347  -0.041047  -0.114630   0.000117   0.000056
  148  CU   ZZY  -0.007334   0.002551   0.000017  -1.185084  -0.791186
  149  CU   XYZ   0.005379   0.015372   0.003371  -0.000000   0.000002
  150  CU   XXX   0.045917   0.131127  -0.626735   0.000419   0.000215
  151  CU   YYY  -0.011332   0.003915   0.000059  -4.248870  -2.847513
  152  CU   ZZZ  -0.016619   0.005835  -0.000065   2.826104  -4.280782
  153  CU   XXY   0.012760  -0.004429  -0.000045  -1.908716  -1.288232
  154  CU   XXZ   0.019169  -0.006701   0.000001   1.269582  -1.936756
  155  CU   YYX  -0.043677  -0.124915  -0.156404   0.000194   0.000088
  156  CU   YYZ  -0.007334   0.002566  -0.000031   1.263936  -1.914364
  157  CU   ZZX  -0.049714  -0.142210  -0.160886   0.000195   0.000099
  158  CU   ZZY  -0.004540   0.001564   0.000025  -1.900165  -1.273135
  159  CU   XYZ  -0.008332  -0.023817  -0.006174   0.000001  -0.000004

                    156        157        158        159
                   16.7459    17.2322    29.2702   119.5402
                     A          A          A          A   
    1  O   1  S  -0.689607   2.816369  -0.198279  -0.202769
    2  O   1  S  -1.166201   8.317983  -0.421290  -0.430092
    3  O   1  S   0.333258  -1.213847   0.153890   0.185309
    4  O   1  S  -0.521406  11.276780  -0.480311  -0.651324
    5  O   1  X   0.296155   0.114576   0.027733   0.018805
    6  O   1  Y  -0.000070  -0.000074   0.000023   0.000024
    7  O   1  Z  -0.000032   0.000167  -0.000028  -0.000026
    8  O   1  X  -1.447797  -0.451530   0.023602   0.095145
    9  O   1  Y   0.000279   0.000266  -0.000084  -0.000069
   10  O   1  Z  -0.000009  -0.000807   0.000085   0.000054
   11  O   1  X  -1.759762  -0.579404  -1.529313  -2.044336
   12  O   1  Y   0.000211   0.000156   0.000028   0.000042
   13  O   1  Z  -0.000113  -0.000607   0.000129   0.000193
   14  O   1 XX   0.014922  -3.620156   0.109973   0.121930
   15  O   1 YY   0.070632  -3.624934   0.102822   0.104363
   16  O   1 ZZ   0.043387  -3.618317   0.093739   0.093995
   17  O   1 XY  -0.000001   0.000003   0.000003   0.000004
   18  O   1 XZ  -0.000017   0.000015  -0.000005  -0.000005
   19  O   1 YZ  -0.037529   0.009114  -0.012512  -0.014281
   20  O   1 XX  -0.017445  -5.167598   0.104011   0.049721
   21  O   1 YY   0.035948  -5.209985   0.248194   0.312328
   22  O   1 ZZ   0.001594  -5.105845   0.263867   0.330320
   23  O   1 XY  -0.000014  -0.000075  -0.000012  -0.000019
   24  O   1 XZ  -0.000090  -0.000036  -0.000006  -0.000008
   25  O   1 YZ  -0.047321   0.143447   0.021588   0.024782
   26  O    XXX   0.780089   0.289646   0.165134   0.201117
   27  O    YYY  -0.000144  -0.000201   0.000050   0.000051
   28  O    ZZZ  -0.000118   0.000412  -0.000062  -0.000056
   29  O    XXY  -0.000055  -0.000098   0.000041   0.000050
   30  O    XXZ  -0.000064   0.000174  -0.000037  -0.000036
   31  O    YYX   0.269722   0.150441  -0.013924  -0.033615
   32  O    YYZ  -0.000022   0.000149  -0.000028  -0.000025
   33  O    ZZX   0.231558   0.193695  -0.017023  -0.039155
   34  O    ZZY  -0.000086  -0.000084   0.000016   0.000014
   35  O    XYZ  -0.052569   0.059580  -0.004269  -0.007631
   36  O   1  S  -0.307607   0.219984   0.882270   1.131099
   37  O   1  X  -0.113133  -0.656718  -0.357149  -0.514756
   38  O   1  Y   0.000034  -0.000021  -0.000031  -0.000020
   39  O   1  Z   0.000007  -0.000083   0.000013   0.000006
   40  O   1 XX   0.309440  -3.075241   1.112386   1.672624
   41  O   1 YY  -0.327630  -2.704287   0.009165   0.040287
   42  O   1 ZZ  -0.376980  -2.759390  -0.001139   0.051955
