ALPHA  |BETA   | COEFFICIENT
-------|-------|------------
 11100 | 11100 |   0.9779593
 10101 | 10101 |  -0.0838917
 10110 | 10110 |  -0.0700851
 11001 | 11001 |  -0.0681958
 11001 | 10101 |   0.0622926
 10101 | 11001 |   0.0622926
 11010 | 11010 |  -0.0566227
ALPHA  |BETA   | COEFFICIENT
-------|-------|------------
 11100 | 11100 |   0.9657308
 10110 | 10110 |  -0.0912938
 10101 | 10101 |  -0.0772508
 01101 | 01101 |  -0.0765033
 11010 | 11010 |  -0.0753641
 11001 | 11001 |  -0.0688057
 01110 | 10101 |  -0.0530445
 10101 | 01110 |  -0.0530445
 10101 | 11010 |  -0.0529896
 11010 | 10101 |  -0.0529896

          ----------------------
          MCSCF NATURAL ORBITALS
          ----------------------

                      1          2          3          4          5

                  -26.5737   -26.5737   -16.0611   -15.9843   -15.9585

    1  N   1  S  -0.000000   0.000010   0.003114   0.995095   0.000692
    2  N   1  S  -0.000000   0.000147   0.000158   0.025338   0.000074
    3  N   1  X  -0.000000  -0.000004   0.000148  -0.000039  -0.000040
    4  N   1  Y  -0.000000   0.000007  -0.000132  -0.000014   0.000024
    5  N   1  Z   0.000029  -0.000000   0.000000   0.000000   0.000000
    6  N   1  S  -0.000000  -0.001068   0.003109  -0.005530  -0.000949
    7  N   1  X  -0.000000  -0.000757   0.000834   0.000270   0.000343
    8  N   1  Y  -0.000000   0.001548  -0.003472  -0.000239  -0.001564
    9  N   1  Z   0.000043  -0.000000   0.000000   0.000000   0.000000
   10  N   1  S  -0.000000  -0.001964   0.011327   0.020382  -0.000471
   11  N   1  X  -0.000000  -0.001843   0.006026  -0.004865   0.003526
   12  N   1  Y  -0.000000  -0.000956  -0.011135  -0.005665  -0.003989
   13  N   1  Z  -0.000069  -0.000000   0.000000   0.000000   0.000000
   14  N   1 XX  -0.000000   0.000035  -0.000215  -0.003201   0.000063
   15  N   1 YY  -0.000000  -0.000208  -0.000204  -0.003152   0.000028
   16  N   1 ZZ  -0.000000  -0.000004  -0.000152  -0.003142   0.000036
   17  N   1 XY  -0.000000   0.000052   0.000175   0.000039  -0.000070
   18  N   1 XZ   0.000034  -0.000000   0.000000   0.000000   0.000000
   19  N   1 YZ  -0.000068  -0.000000   0.000000   0.000000   0.000000
   20  N   2  S  -0.000000   0.000016  -0.000086   0.003470  -0.000186
   21  N   2  S  -0.000000   0.000040  -0.000098   0.000219   0.000042
   22  N   2  X  -0.000000   0.000025  -0.000095   0.000278   0.000032
   23  N   2  Y  -0.000000  -0.000045   0.000075  -0.000011  -0.000039
   24  N   2  Z  -0.000004  -0.000000   0.000000   0.000000   0.000000
   25  N   2  S  -0.000000  -0.000164  -0.000262   0.001214  -0.000470
   26  N   2  X  -0.000000  -0.000331  -0.000006   0.000496  -0.000092
   27  N   2  Y  -0.000000   0.000258  -0.000144   0.000341  -0.000181
   28  N   2  Z  -0.000022  -0.000000   0.000000   0.000000   0.000000
   29  N   2  S  -0.000000  -0.002392  -0.001892  -0.015123   0.002793
   30  N   2  X  -0.000000  -0.000546  -0.001667  -0.004965   0.000145
   31  N   2  Y  -0.000000   0.000668   0.000547   0.000349   0.000593
   32  N   2  Z  -0.000226  -0.000000   0.000000   0.000000   0.000000
   33  N   2 XX  -0.000000   0.000006  -0.000090  -0.000126   0.000047
   34  N   2 YY  -0.000000   0.000083  -0.000123  -0.000048  -0.000020
   35  N   2 ZZ  -0.000000   0.000056  -0.000132  -0.000041   0.000033
   36  N   2 XY  -0.000000  -0.000046   0.000138  -0.000015   0.000031
   37  N   2 XZ  -0.000004  -0.000000   0.000000   0.000000   0.000000
   38  N   2 YZ   0.000004  -0.000000   0.000000   0.000000   0.000000
   39  C   3  S  -0.000000   0.000015  -0.000044  -0.000016   0.000029
   40  C   3  S  -0.000000   0.000092  -0.000235  -0.000143   0.000206
   41  C   3  X  -0.000000   0.000004  -0.000030  -0.000012   0.000144
   42  C   3  Y  -0.000000   0.000025  -0.000020   0.000071   0.000225
   43  C   3  Z  -0.000011  -0.000000   0.000000   0.000000   0.000000
   44  C   3  S  -0.000000  -0.000639   0.001604   0.000286   0.000989
   45  C   3  X  -0.000000  -0.000291   0.001148  -0.000084   0.001040
   46  C   3  Y  -0.000000   0.000384  -0.000527   0.000130  -0.000059
   47  C   3  Z   0.000080  -0.000000   0.000000   0.000000   0.000000
   48  C   3  S  -0.000000  -0.000265   0.002658   0.002556  -0.001752
   49  C   3  X  -0.000000  -0.000041   0.001990   0.001655   0.000240
   50  C   3  Y  -0.000000  -0.000338   0.000763   0.000558  -0.000121
   51  C   3  Z   0.000128  -0.000000   0.000000   0.000000   0.000000
   52  C   3 XX  -0.000000  -0.000005  -0.000018   0.000067  -0.000124
   53  C   3 YY  -0.000000  -0.000037   0.000058  -0.000015   0.000039
   54  C   3 ZZ  -0.000000   0.000037  -0.000098  -0.000030  -0.000036
   55  C   3 XY  -0.000000   0.000030  -0.000023  -0.000023  -0.000015
   56  C   3 XZ   0.000002  -0.000000   0.000000   0.000000   0.000000
   57  C   3 YZ  -0.000002  -0.000000   0.000000   0.000000   0.000000
   58  N   4  S  -0.000000  -0.000015   0.000035  -0.000640   0.995102
   59  N   4  S  -0.000000  -0.000057   0.000103   0.000011   0.025760
   60  N   4  X  -0.000000  -0.000012   0.000001  -0.000020   0.000167
   61  N   4  Y  -0.000000  -0.000014   0.000037   0.000020   0.000281
   62  N   4  Z   0.000009  -0.000000   0.000000   0.000000   0.000000
   63  N   4  S  -0.000000   0.001026  -0.001786  -0.001125  -0.009073
   64  N   4  X  -0.000000   0.000264   0.000008  -0.000123  -0.000309
   65  N   4  Y  -0.000000   0.000098   0.000018   0.000168  -0.001779
   66  N   4  Z  -0.000037  -0.000000   0.000000   0.000000   0.000000
   67  N   4  S  -0.000000   0.001630   0.005827   0.001133   0.002581
   68  N   4  X  -0.000000   0.000588   0.001214   0.000780   0.000365
   69  N   4  Y  -0.000000  -0.000463  -0.002833  -0.000502  -0.002372
   70  N   4  Z  -0.000017  -0.000000   0.000000   0.000000   0.000000
   71  N   4 XX  -0.000000  -0.000024   0.000053   0.000033  -0.003147
   72  N   4 YY  -0.000000  -0.000035   0.000013   0.000090  -0.003063
   73  N   4 ZZ  -0.000000  -0.000023   0.000025   0.000017  -0.003116
   74  N   4 XY  -0.000000  -0.000004  -0.000006   0.000006  -0.000030
   75  N   4 XZ  -0.000000  -0.000000   0.000000   0.000000   0.000000
   76  N   4 YZ   0.000003  -0.000000   0.000000   0.000000   0.000000
   77  C   5  S  -0.000000  -0.000002  -0.000012   0.000038   0.000037
   78  C   5  S  -0.000000  -0.000025  -0.000080   0.000177   0.000224
   79  C   5  X  -0.000000  -0.000006  -0.000037  -0.000060  -0.000149
   80  C   5  Y  -0.000000  -0.000022   0.000005  -0.000212   0.000160
   81  C   5  Z  -0.000015  -0.000000   0.000000   0.000000   0.000000
   82  C   5  S  -0.000000  -0.000825   0.002218   0.001990   0.002664
   83  C   5  X  -0.000000   0.000826  -0.001286  -0.000994  -0.001741
   84  C   5  Y  -0.000000  -0.000044  -0.000551  -0.000835  -0.000322
   85  C   5  Z   0.000071  -0.000000   0.000000   0.000000   0.000000
   86  C   5  S  -0.000000  -0.000711  -0.001036  -0.003414  -0.000731
   87  C   5  X  -0.000000   0.000553   0.001035   0.002379  -0.000469
   88  C   5  Y  -0.000000   0.000008  -0.001739   0.000098  -0.000313
   89  C   5  Z   0.000111  -0.000000   0.000000   0.000000   0.000000
   90  C   5 XX  -0.000000  -0.000003   0.000089  -0.000072  -0.000194
   91  C   5 YY  -0.000000   0.000047  -0.000055  -0.000108   0.000032
   92  C   5 ZZ  -0.000000   0.000005  -0.000062  -0.000041  -0.000043
   93  C   5 XY  -0.000000   0.000013   0.000097  -0.000045   0.000058
   94  C   5 XZ  -0.000006  -0.000000   0.000000   0.000000   0.000000
   95  C   5 YZ  -0.000008  -0.000000   0.000000   0.000000   0.000000
   96  H   6  S  -0.000000  -0.000003   0.000034  -0.000033   0.000031
   97  H   6  S  -0.000000  -0.000120   0.000364  -0.000121   0.000302
   98  H   6  S  -0.000000  -0.000015   0.000941   0.000447   0.000681
   99  H   6  X  -0.000000   0.000004   0.000006  -0.000028  -0.000014
  100  H   6  Y  -0.000000  -0.000011   0.000012   0.000002  -0.000057
  101  H   6  Z  -0.000007  -0.000000   0.000000   0.000000   0.000000
  102  H   7  S  -0.000000  -0.000048   0.000003  -0.000011   0.000036
  103  H   7  S  -0.000000  -0.000187   0.000357   0.000510   0.000524
  104  H   7  S  -0.000000  -0.000092  -0.000276  -0.001012   0.000686
  105  H   7  X  -0.000000  -0.000001   0.000046  -0.000013   0.000010
  106  H   7  Y  -0.000000   0.000014   0.000011   0.000056  -0.000061
  107  H   7  Z  -0.000003  -0.000000   0.000000   0.000000   0.000000
  108  N   8  S  -0.000000  -0.000150   0.995747  -0.003293   0.000008
  109  N   8  S  -0.000000  -0.000503   0.024117   0.000030   0.000144
  110  N   8  X  -0.000000  -0.000158  -0.002966  -0.000157  -0.000002
  111  N   8  Y  -0.000000  -0.000335  -0.000696   0.000230  -0.000025
  112  N   8  Z  -0.000458  -0.000000   0.000000   0.000000   0.000000
  113  N   8  S  -0.000000   0.004172  -0.009697   0.000915  -0.001171
  114  N   8  X  -0.000000  -0.002051   0.005113  -0.000379   0.000581
  115  N   8  Y  -0.000000  -0.000908   0.000398  -0.000011  -0.000058
  116  N   8  Z  -0.000834  -0.000000   0.000000   0.000000   0.000000
  117  N   8  S  -0.000000   0.008379  -0.022254  -0.003561  -0.005762
  118  N   8  X  -0.000000  -0.002222   0.003250   0.000821   0.000765
  119  N   8  Y  -0.000000   0.000586  -0.003219  -0.000072  -0.001012
  120  N   8  Z  -0.000412  -0.000000   0.000000   0.000000   0.000000
  121  N   8 XX  -0.000000  -0.000210  -0.001996  -0.000100   0.000002
  122  N   8 YY  -0.000000   0.000044  -0.002279  -0.000087   0.000011
  123  N   8 ZZ  -0.000000   0.000331  -0.002235  -0.000036   0.000014
  124  N   8 XY  -0.000000   0.000214   0.000122   0.000037   0.000026
  125  N   8 XZ   0.000272  -0.000000   0.000000   0.000000   0.000000
  126  N   8 YZ   0.000384  -0.000000   0.000000   0.000000   0.000000
  127  F   9  S   0.703057   0.703101  -0.000123  -0.000022  -0.000010
  128  F   9  S   0.011772   0.012101  -0.000201  -0.000151  -0.000066
  129  F   9  X   0.000214   0.000220   0.000115   0.000012  -0.000005
  130  F   9  Y   0.000421   0.000461   0.000156  -0.000049   0.000002
  131  F   9  Z   0.000596   0.000645   0.000172  -0.000011  -0.000011
  132  F   9  S   0.008079   0.006802   0.002270   0.000377   0.000313
  133  F   9  X  -0.000278  -0.000323  -0.000122  -0.000025   0.000037
  134  F   9  Y  -0.000455  -0.000797   0.000348   0.000018   0.000040
  135  F   9  Z  -0.000578  -0.001394   0.000824  -0.000108   0.000147
  136  F   9  S  -0.002047  -0.004248   0.002501  -0.001510   0.000120
  137  F   9  X  -0.000024   0.000148   0.000316   0.000234  -0.000002
  138  F   9  Y  -0.000159  -0.000284   0.000315  -0.000594  -0.000002
  139  F   9  Z  -0.000205  -0.000274   0.000681  -0.000124  -0.000000
  140  F   9 XX  -0.003761  -0.003560  -0.000236  -0.000119  -0.000049
  141  F   9 YY  -0.003875  -0.003681  -0.000298  -0.000075  -0.000044
  142  F   9 ZZ  -0.003973  -0.004057  -0.000291  -0.000141  -0.000002
  143  F   9 XY  -0.000114  -0.000094  -0.000096  -0.000024   0.000009
  144  F   9 XZ  -0.000148  -0.000142  -0.000219   0.000001   0.000005
  145  F   9 YZ  -0.000251  -0.000332  -0.000206   0.000021   0.000009
  146  F  10  S  -0.703057   0.703101  -0.000123  -0.000022  -0.000010
  147  F  10  S  -0.011772   0.012101  -0.000201  -0.000151  -0.000066
  148  F  10  X  -0.000214   0.000220   0.000115   0.000012  -0.000005
  149  F  10  Y  -0.000421   0.000461   0.000156  -0.000049   0.000002
  150  F  10  Z   0.000596  -0.000645  -0.000172   0.000011   0.000011
  151  F  10  S  -0.008079   0.006802   0.002270   0.000377   0.000313
  152  F  10  X   0.000278  -0.000323  -0.000122  -0.000025   0.000037
  153  F  10  Y   0.000455  -0.000797   0.000348   0.000018   0.000040
  154  F  10  Z  -0.000578   0.001394  -0.000824   0.000108  -0.000147
  155  F  10  S   0.002047  -0.004248   0.002501  -0.001510   0.000120
  156  F  10  X   0.000024   0.000148   0.000316   0.000234  -0.000002
  157  F  10  Y   0.000159  -0.000284   0.000315  -0.000594  -0.000002
  158  F  10  Z  -0.000205   0.000274  -0.000681   0.000124   0.000000
  159  F  10 XX   0.003761  -0.003560  -0.000236  -0.000119  -0.000049
  160  F  10 YY   0.003875  -0.003681  -0.000298  -0.000075  -0.000044
  161  F  10 ZZ   0.003973  -0.004057  -0.000291  -0.000141  -0.000002
  162  F  10 XY   0.000114  -0.000094  -0.000096  -0.000024   0.000009
  163  F  10 XZ  -0.000148   0.000142   0.000219  -0.000001  -0.000005
  164  F  10 YZ  -0.000251   0.000332   0.000206  -0.000021  -0.000009
  165  C  11  S  -0.000000   0.000006  -0.000001  -0.000013  -0.000016
  166  C  11  S  -0.000000   0.000025  -0.000017  -0.000038   0.000237
  167  C  11  X  -0.000000   0.000006   0.000014  -0.000003   0.000020
  168  C  11  Y  -0.000000   0.000003  -0.000019   0.000006  -0.000312
  169  C  11  Z   0.000001  -0.000000   0.000000   0.000000   0.000000
  170  C  11  S  -0.000000  -0.000158   0.000186  -0.000258  -0.000423
  171  C  11  X  -0.000000  -0.000117  -0.000099   0.000076   0.000289
  172  C  11  Y  -0.000000   0.000598  -0.000545  -0.000746  -0.006958
  173  C  11  Z   0.000013  -0.000000   0.000000   0.000000   0.000000
  174  C  11  S  -0.000000   0.000829  -0.000503   0.000807  -0.000514
  175  C  11  X  -0.000000  -0.000317   0.000764   0.000214  -0.000021
  176  C  11  Y  -0.000000  -0.000237   0.000464  -0.000798  -0.000594
  177  C  11  Z  -0.000120  -0.000000   0.000000   0.000000   0.000000
  178  C  11 XX  -0.000000   0.000012  -0.000002  -0.000014  -0.000084
  179  C  11 YY  -0.000000   0.000001   0.000039  -0.000059  -0.000459
  180  C  11 ZZ  -0.000000   0.000010  -0.000010  -0.000017  -0.000056
  181  C  11 XY  -0.000000   0.000007   0.000000  -0.000004  -0.000000
  182  C  11 XZ  -0.000000  -0.000000   0.000000   0.000000   0.000000
  183  C  11 YZ  -0.000001  -0.000000   0.000000   0.000000   0.000000
  184  N  12  S  -0.000000   0.000002  -0.000001  -0.000010  -0.000145
  185  N  12  S  -0.000000   0.000015  -0.000012  -0.000047  -0.000253
  186  N  12  X  -0.000000   0.000002  -0.000008   0.000007   0.000009
  187  N  12  Y  -0.000000   0.000001   0.000007  -0.000010  -0.000125
  188  N  12  Z   0.000001  -0.000000   0.000000   0.000000   0.000000
  189  N  12  S  -0.000000  -0.000346   0.000267   0.000738   0.005528
  190  N  12  X  -0.000000  -0.000003   0.000064  -0.000020   0.000082
  191  N  12  Y  -0.000000   0.000128  -0.000088  -0.000319  -0.002180
  192  N  12  Z  -0.000014  -0.000000   0.000000   0.000000   0.000000
  193  N  12  S  -0.000000  -0.000293   0.000746   0.000274   0.002760
  194  N  12  X  -0.000000   0.000090  -0.000262  -0.000060   0.000027
  195  N  12  Y  -0.000000   0.000126  -0.000460   0.000222  -0.000621
  196  N  12  Z   0.000060  -0.000000   0.000000   0.000000   0.000000
  197  N  12 XX  -0.000000   0.000002   0.000006  -0.000027  -0.000144
  198  N  12 YY  -0.000000  -0.000001  -0.000010   0.000012   0.000087
  199  N  12 ZZ  -0.000000   0.000002   0.000003  -0.000026  -0.000152
  200  N  12 XY  -0.000000  -0.000002  -0.000004   0.000004  -0.000015
  201  N  12 XZ   0.000000  -0.000000   0.000000   0.000000   0.000000
  202  N  12 YZ   0.000000  -0.000000   0.000000   0.000000   0.000000

                      6          7          8          9         10

                  -15.8829   -15.8247   -11.6313   -11.5806   -11.5440

    1  N   1  S  -0.003623  -0.000018  -0.000323  -0.000015  -0.000022
    2  N   1  S   0.000272  -0.000097   0.000322  -0.000176  -0.000040
    3  N   1  X  -0.000192   0.000019   0.000042  -0.000078  -0.000026
    4  N   1  Y   0.000029  -0.000013   0.000088  -0.000041  -0.000004
    5  N   1  Z  -0.000000   0.000000   0.000000   0.000000   0.000000
    6  N   1  S   0.002095   0.000300   0.001292   0.000595   0.001166
    7  N   1  X  -0.000607  -0.000277  -0.000057  -0.000744   0.001234
    8  N   1  Y  -0.000077   0.000351  -0.000658   0.001404   0.000285
    9  N   1  Z  -0.000000   0.000000   0.000000   0.000000   0.000000
   10  N   1  S  -0.008526   0.002956  -0.005682  -0.026595   0.004319
   11  N   1  X  -0.005740   0.004392   0.003402   0.007256  -0.000537
   12  N   1  Y   0.011189  -0.008592   0.021528  -0.003003   0.003569
   13  N   1  Z  -0.000000   0.000000   0.000000   0.000000   0.000000
   14  N   1 XX  -0.000693  -0.000010  -0.000150   0.000126  -0.000104
   15  N   1 YY  -0.000023   0.000037  -0.000644   0.000011  -0.000088
   16  N   1 ZZ   0.000018  -0.000057   0.000141  -0.000065  -0.000006
   17  N   1 XY  -0.000028  -0.000017  -0.000081  -0.000080   0.000040
   18  N   1 XZ  -0.000000   0.000000   0.000000   0.000000   0.000000
   19  N   1 YZ  -0.000000   0.000000   0.000000   0.000000   0.000000
   20  N   2  S   0.995306  -0.000014   0.000009  -0.000315  -0.000034
   21  N   2  S   0.024812  -0.000093  -0.000084   0.000294  -0.000134
   22  N   2  X   0.001729  -0.000007   0.000027  -0.000093  -0.000007
   23  N   2  Y   0.002063  -0.000019   0.000044   0.000014   0.000006
   24  N   2  Z  -0.000000   0.000000   0.000000   0.000000   0.000000
   25  N   2  S  -0.006401   0.000258  -0.000683   0.000583   0.002160
   26  N   2  X  -0.001857  -0.000140   0.000070  -0.000257   0.000598
   27  N   2  Y  -0.002667   0.000152  -0.000454   0.000299   0.000761
   28  N   2  Z  -0.000000   0.000000   0.000000   0.000000   0.000000
   29  N   2  S   0.003384   0.000029   0.010885   0.022102   0.002958
   30  N   2  X   0.003204  -0.000631   0.004025   0.004062   0.000112
   31  N   2  Y   0.000282   0.000447  -0.003992   0.004333   0.001035
   32  N   2  Z  -0.000000   0.000000   0.000000   0.000000   0.000000
   33  N   2 XX  -0.002736  -0.000048   0.000133  -0.000094  -0.000028
   34  N   2 YY  -0.002504   0.000004   0.000045  -0.000238  -0.000073
   35  N   2 ZZ  -0.002950  -0.000060  -0.000057   0.000207  -0.000056
   36  N   2 XY  -0.000004   0.000002   0.000150  -0.000051  -0.000011
   37  N   2 XZ  -0.000000   0.000000   0.000000   0.000000   0.000000
   38  N   2 YZ  -0.000000   0.000000   0.000000   0.000000   0.000000
   39  C   3  S   0.000023   0.000012  -0.000308   0.995968   0.000168
   40  C   3  S   0.000359   0.000070  -0.000364   0.028336  -0.000222
   41  C   3  X   0.000010   0.000030   0.000138   0.001539  -0.000082
   42  C   3  Y  -0.000051   0.000006  -0.000001   0.000136  -0.000077
   43  C   3  Z  -0.000000   0.000000   0.000000   0.000000   0.000000
   44  C   3  S   0.003341   0.000168   0.001767  -0.016642  -0.002164
   45  C   3  X   0.001458   0.000725   0.001033  -0.001478  -0.002241
   46  C   3  Y  -0.001146   0.000097  -0.000339   0.000362   0.000568
   47  C   3  Z  -0.000000   0.000000   0.000000   0.000000   0.000000
   48  C   3  S  -0.002961  -0.000444   0.008263  -0.017832   0.002572
   49  C   3  X  -0.002346   0.000673  -0.001105  -0.001655   0.001714
   50  C   3  Y  -0.002041   0.000236   0.001687  -0.002865   0.001115
   51  C   3  Z  -0.000000   0.000000   0.000000   0.000000   0.000000
   52  C   3 XX  -0.000194   0.000004   0.000384  -0.000847   0.000036
   53  C   3 YY  -0.000550  -0.000016   0.000023  -0.001084   0.000049
   54  C   3 ZZ  -0.000067   0.000010  -0.000069  -0.001873  -0.000052
   55  C   3 XY   0.000236   0.000006  -0.000011  -0.000088   0.000016
   56  C   3 XZ  -0.000000   0.000000   0.000000   0.000000   0.000000
   57  C   3 YZ  -0.000000   0.000000   0.000000   0.000000   0.000000
   58  N   4  S   0.000221   0.000039  -0.000248  -0.000183  -0.000299
   59  N   4  S  -0.000020  -0.000365   0.000514   0.000554   0.000235
   60  N   4  X   0.000039  -0.000011   0.000068  -0.000069   0.000007
   61  N   4  Y   0.000100   0.000074  -0.000054  -0.000156  -0.000074
   62  N   4  Z  -0.000000   0.000000   0.000000   0.000000   0.000000
   63  N   4  S  -0.001734   0.005046  -0.000369   0.001127   0.002180
   64  N   4  X   0.000247  -0.000016  -0.000102  -0.000161  -0.000167
   65  N   4  Y  -0.000748   0.004381   0.000970   0.002127  -0.004481
   66  N   4  Z  -0.000000   0.000000   0.000000   0.000000   0.000000
   67  N   4  S  -0.010004   0.008214  -0.004309   0.013427   0.006025
   68  N   4  X  -0.001559   0.000690   0.004184  -0.004860  -0.000854
   69  N   4  Y   0.005086  -0.003640   0.003602  -0.009043   0.014076
   70  N   4  Z  -0.000000   0.000000   0.000000   0.000000   0.000000
   71  N   4 XX   0.000009  -0.000173  -0.000374  -0.000410   0.000015
   72  N   4 YY   0.000082   0.000582  -0.000432  -0.000320  -0.001686
   73  N   4 ZZ  -0.000044  -0.000137   0.000232   0.000270  -0.000037
   74  N   4 XY  -0.000027  -0.000019   0.000324  -0.000370   0.000069
   75  N   4 XZ  -0.000000   0.000000   0.000000   0.000000   0.000000
   76  N   4 YZ  -0.000000   0.000000   0.000000   0.000000   0.000000
   77  C   5  S  -0.000015  -0.000007   0.995995   0.000283   0.000058
   78  C   5  S  -0.000165   0.000006   0.028125  -0.000238  -0.000177
   79  C   5  X   0.000046  -0.000017  -0.001510  -0.000136   0.000069
   80  C   5  Y   0.000035  -0.000012  -0.000456   0.000072  -0.000070
   81  C   5  Z  -0.000000   0.000000   0.000000   0.000000   0.000000
   82  C   5  S  -0.000121   0.000608  -0.015842   0.000272  -0.002555
   83  C   5  X   0.000410  -0.000575   0.000851  -0.000292   0.001411
   84  C   5  Y   0.000184   0.000031   0.000538   0.000247   0.001191
   85  C   5  Z  -0.000000   0.000000   0.000000   0.000000   0.000000
   86  C   5  S   0.000752   0.001929  -0.018974   0.004944   0.002491
   87  C   5  X   0.000496  -0.001167  -0.000533   0.000466  -0.002793
   88  C   5  Y  -0.000160   0.000730  -0.001434   0.001518   0.000959
   89  C   5  Z  -0.000000   0.000000   0.000000   0.000000   0.000000
   90  C   5 XX   0.000033  -0.000040  -0.000571   0.000368   0.000149
   91  C   5 YY   0.000054  -0.000048  -0.000914  -0.000011   0.000098
   92  C   5 ZZ  -0.000049  -0.000019  -0.001912  -0.000037  -0.000018
   93  C   5 XY  -0.000010  -0.000014   0.000130  -0.000010  -0.000011
   94  C   5 XZ  -0.000000   0.000000   0.000000   0.000000   0.000000
   95  C   5 YZ  -0.000000   0.000000   0.000000   0.000000   0.000000
   96  H   6  S   0.000036   0.000028  -0.000093  -0.000026  -0.000125
   97  H   6  S   0.000594   0.000320   0.000950   0.001208  -0.001142
   98  H   6  S  -0.001052   0.000700  -0.002795   0.002932   0.001877
   99  H   6  X   0.000070   0.000016  -0.000059  -0.000137  -0.000061
  100  H   6  Y   0.000082  -0.000010   0.000049   0.000023  -0.000045
  101  H   6  Z  -0.000000   0.000000   0.000000   0.000000   0.000000
  102  H   7  S  -0.000031   0.000009   0.000007  -0.000080  -0.000098
  103  H   7  S  -0.000140   0.000324   0.000882   0.000240  -0.000710
  104  H   7  S  -0.000666   0.000695   0.004486  -0.001757   0.002593
  105  H   7  X   0.000012  -0.000023   0.000175   0.000065   0.000084
  106  H   7  Y   0.000002  -0.000012   0.000051   0.000033  -0.000067
  107  H   7  Z  -0.000000   0.000000   0.000000   0.000000   0.000000
  108  N   8  S   0.000060  -0.000004  -0.000007  -0.000031   0.000021
  109  N   8  S  -0.000028  -0.000017  -0.000150  -0.000147   0.000072
  110  N   8  X   0.000048  -0.000003  -0.000014   0.000022   0.000005
  111  N   8  Y  -0.000030   0.000002  -0.000054   0.000004   0.000020
  112  N   8  Z  -0.000000   0.000000   0.000000   0.000000   0.000000
  113  N   8  S   0.000052   0.000178   0.000137   0.001275  -0.000725
  114  N   8  X   0.000093  -0.000060   0.000049  -0.000694   0.000047
  115  N   8  Y   0.000182   0.000028   0.000251   0.000284  -0.000612
  116  N   8  Z  -0.000000   0.000000   0.000000   0.000000   0.000000
  117  N   8  S   0.014644  -0.010471   0.010162   0.005677   0.002985
  118  N   8  X  -0.002415   0.001910  -0.001972  -0.002399  -0.000623
  119  N   8  Y   0.002314  -0.001371  -0.000432  -0.000382   0.000600
  120  N   8  Z  -0.000000   0.000000   0.000000   0.000000   0.000000
  121  N   8 XX  -0.000061  -0.000017  -0.000020  -0.000045   0.000085
  122  N   8 YY   0.000059  -0.000002   0.000119  -0.000039   0.000005
  123  N   8 ZZ  -0.000046  -0.000009  -0.000038  -0.000030   0.000055
  124  N   8 XY   0.000007   0.000002  -0.000056  -0.000008   0.000018
  125  N   8 XZ  -0.000000   0.000000   0.000000   0.000000   0.000000
  126  N   8 YZ  -0.000000   0.000000   0.000000   0.000000   0.000000
  127  F   9  S  -0.000004   0.000004   0.000055  -0.000009  -0.000013
  128  F   9  S  -0.000024   0.000022   0.000313  -0.000041  -0.000070
  129  F   9  X   0.000001   0.000001  -0.000003  -0.000001   0.000003
  130  F   9  Y   0.000006  -0.000003   0.000045   0.000011  -0.000003
  131  F   9  Z  -0.000003   0.000002  -0.000009  -0.000001   0.000014
  132  F   9  S   0.000136  -0.000094  -0.001091   0.000087   0.000284
  133  F   9  X   0.000017  -0.000004   0.000027  -0.000006  -0.000023
  134  F   9  Y  -0.000025   0.000008  -0.000190  -0.000113   0.000046
  135  F   9  Z   0.000035  -0.000025   0.000075  -0.000075  -0.000083
  136  F   9  S   0.000020  -0.000028   0.002843  -0.001460  -0.000660
  137  F   9  X  -0.000082   0.000106  -0.000637  -0.000152  -0.000015
  138  F   9  Y   0.000119  -0.000187   0.001059   0.000292  -0.000330
  139  F   9  Z  -0.000018   0.000028   0.000125  -0.000330   0.000030
  140  F   9 XX  -0.000014   0.000013   0.000251  -0.000030  -0.000034
  141  F   9 YY  -0.000035   0.000018   0.000161  -0.000020  -0.000055
  142  F   9 ZZ  -0.000002   0.000009   0.000231  -0.000063  -0.000056
  143  F   9 XY   0.000018  -0.000006   0.000000  -0.000016   0.000009
  144  F   9 XZ  -0.000000   0.000003  -0.000010   0.000012  -0.000021
  145  F   9 YZ  -0.000003  -0.000000  -0.000015  -0.000018   0.000005
  146  F  10  S  -0.000004   0.000004   0.000055  -0.000009  -0.000013
  147  F  10  S  -0.000024   0.000022   0.000313  -0.000041  -0.000070
  148  F  10  X   0.000001   0.000001  -0.000003  -0.000001   0.000003
  149  F  10  Y   0.000006  -0.000003   0.000045   0.000011  -0.000003
  150  F  10  Z   0.000003  -0.000002   0.000009   0.000001  -0.000014
  151  F  10  S   0.000136  -0.000094  -0.001091   0.000087   0.000284
  152  F  10  X   0.000017  -0.000004   0.000027  -0.000006  -0.000023
  153  F  10  Y  -0.000025   0.000008  -0.000190  -0.000113   0.000046
  154  F  10  Z  -0.000035   0.000025  -0.000075   0.000075   0.000083
  155  F  10  S   0.000020  -0.000028   0.002843  -0.001460  -0.000660
  156  F  10  X  -0.000082   0.000106  -0.000637  -0.000152  -0.000015
  157  F  10  Y   0.000119  -0.000187   0.001059   0.000292  -0.000330
  158  F  10  Z   0.000018  -0.000028  -0.000125   0.000330  -0.000030
  159  F  10 XX  -0.000014   0.000013   0.000251  -0.000030  -0.000034
  160  F  10 YY  -0.000035   0.000018   0.000161  -0.000020  -0.000055
  161  F  10 ZZ  -0.000002   0.000009   0.000231  -0.000063  -0.000056
  162  F  10 XY   0.000018  -0.000006   0.000000  -0.000016   0.000009
  163  F  10 XZ   0.000000  -0.000003   0.000010  -0.000012   0.000021
  164  F  10 YZ   0.000003   0.000000   0.000015   0.000018  -0.000005
  165  C  11  S  -0.000021   0.000038  -0.000057  -0.000210   0.995794
  166  C  11  S  -0.000079   0.000367  -0.000151  -0.000179   0.028131
  167  C  11  X  -0.000009   0.000051   0.000057  -0.000063   0.000056
  168  C  11  Y   0.000002  -0.000690   0.000029   0.000051  -0.002352
  169  C  11  Z  -0.000000   0.000000   0.000000   0.000000   0.000000
  170  C  11  S  -0.000189   0.002937  -0.001263   0.000373  -0.013891
  171  C  11  X   0.000096  -0.000467  -0.000315   0.000337   0.000141
  172  C  11  Y  -0.002533   0.010629  -0.000636   0.002873  -0.000708
  173  C  11  Z  -0.000000   0.000000   0.000000   0.000000   0.000000
  174  C  11  S   0.005154  -0.004335   0.001196   0.004405  -0.018926
  175  C  11  X  -0.000431  -0.000529   0.000657  -0.000490   0.000105
  176  C  11  Y  -0.002463   0.002016  -0.000094  -0.000664   0.006503
  177  C  11  Z  -0.000000   0.000000   0.000000   0.000000   0.000000
  178  C  11 XX  -0.000029   0.000089   0.000064   0.000025  -0.002141
  179  C  11 YY  -0.000042  -0.001926   0.000256   0.000114   0.000288
  180  C  11 ZZ  -0.000028   0.000092  -0.000047  -0.000097  -0.002207
  181  C  11 XY   0.000007   0.000085  -0.000067   0.000035  -0.000094
  182  C  11 XZ  -0.000000   0.000000   0.000000   0.000000   0.000000
  183  C  11 YZ  -0.000000   0.000000   0.000000   0.000000   0.000000
  184  N  12  S  -0.000041   0.995552  -0.000023   0.000034  -0.000836
  185  N  12  S  -0.000144   0.024548  -0.000119   0.000128  -0.000405
  186  N  12  X  -0.000004   0.000136   0.000002  -0.000008  -0.000006
  187  N  12  Y  -0.000010  -0.002962   0.000055   0.000028  -0.000089
  188  N  12  Z  -0.000000   0.000000   0.000000   0.000000   0.000000
  189  N  12  S   0.002194  -0.011859   0.000985  -0.002355   0.002767
  190  N  12  X   0.000048  -0.000211   0.000068  -0.000090   0.000047
  191  N  12  Y  -0.000759   0.004374  -0.000283   0.000820  -0.001200
  192  N  12  Z  -0.000000   0.000000   0.000000   0.000000   0.000000
  193  N  12  S  -0.001221   0.001100  -0.001002   0.000799   0.001089
  194  N  12  X   0.000176   0.000176  -0.000337   0.000280  -0.000062
  195  N  12  Y   0.001033  -0.001124   0.000251  -0.000740  -0.001034
  196  N  12  Z  -0.000000   0.000000   0.000000   0.000000   0.000000
  197  N  12 XX  -0.000066  -0.002927  -0.000034   0.000075  -0.000146
  198  N  12 YY  -0.000024  -0.001318  -0.000089   0.000014   0.000411
  199  N  12 ZZ  -0.000069  -0.002849  -0.000027   0.000083  -0.000139
  200  N  12 XY  -0.000009  -0.000076  -0.000008   0.000012  -0.000017
  201  N  12 XZ  -0.000000   0.000000   0.000000   0.000000   0.000000
  202  N  12 YZ  -0.000000   0.000000   0.000000   0.000000   0.000000

                     11         12         13         14         15

                   -1.9235    -1.8206    -1.7299    -1.5720    -1.4550

    1  N   1  S  -0.035221  -0.000000   0.128136   0.102735   0.060260
    2  N   1  S   0.071972  -0.000000  -0.265539  -0.220950  -0.132084
    3  N   1  X   0.013773  -0.000000   0.049876   0.015057  -0.194301
    4  N   1  Y  -0.030103  -0.000000  -0.051846   0.042451   0.021850
    5  N   1  Z  -0.000000  -0.005712   0.000000  -0.000000  -0.000000
    6  N   1  S   0.070945  -0.000000  -0.259118  -0.213634  -0.156288
    7  N   1  X   0.013867  -0.000000   0.021170   0.004722  -0.075740
    8  N   1  Y  -0.030360  -0.000000  -0.054278   0.016982   0.014125
    9  N   1  Z  -0.000000  -0.001982   0.000000  -0.000000  -0.000000
   10  N   1  S  -0.108481  -0.000000   0.284547   0.410602   0.394316
   11  N   1  X  -0.012836  -0.000000  -0.022706  -0.107593   0.138008
   12  N   1  Y   0.087057  -0.000000  -0.110442  -0.118693  -0.328454
   13  N   1  Z  -0.000000  -0.004088   0.000000  -0.000000  -0.000000
   14  N   1 XX   0.003252  -0.000000  -0.012573  -0.012061   0.013287
   15  N   1 YY   0.010224  -0.000000  -0.006891  -0.000592  -0.016724
   16  N   1 ZZ  -0.003481  -0.000000   0.012652   0.008282   0.002886
   17  N   1 XY  -0.007497  -0.000000   0.001972   0.004405   0.004444
   18  N   1 XZ  -0.000000  -0.001343   0.000000  -0.000000  -0.000000
   19  N   1 YZ  -0.000000   0.002252   0.000000  -0.000000  -0.000000
   20  N   2  S  -0.010690  -0.000000   0.091715   0.053341  -0.123282
   21  N   2  S   0.021999  -0.000000  -0.186270  -0.113189   0.257330
   22  N   2  X   0.013595  -0.000000  -0.073852  -0.065792  -0.005552
   23  N   2  Y   0.001928  -0.000000  -0.065735   0.002863   0.110373
   24  N   2  Z  -0.000000   0.000235   0.000000  -0.000000  -0.000000
   25  N   2  S   0.011625  -0.000000  -0.155040  -0.089530   0.277282
   26  N   2  X   0.005257  -0.000000  -0.020267  -0.014530   0.006474
   27  N   2  Y  -0.002441  -0.000000  -0.027250  -0.000708   0.055560
   28  N   2  Z  -0.000000  -0.000455   0.000000  -0.000000  -0.000000
   29  N   2  S   0.062396  -0.000000  -0.113055  -0.287464  -0.210976
   30  N   2  X   0.022163  -0.000000  -0.043365  -0.072401  -0.080558
   31  N   2  Y  -0.013741  -0.000000   0.027296   0.009683   0.004873
   32  N   2  Z  -0.000000  -0.000144   0.000000  -0.000000  -0.000000
   33  N   2 XX   0.002797  -0.000000  -0.011390  -0.013323  -0.005044
   34  N   2 YY  -0.000707  -0.000000  -0.003360   0.006069   0.011195
   35  N   2 ZZ  -0.001067  -0.000000   0.010930   0.004821  -0.011035
   36  N   2 XY   0.000155  -0.000000  -0.005107  -0.002042  -0.000579
   37  N   2 XZ  -0.000000  -0.000386   0.000000  -0.000000  -0.000000
   38  N   2 YZ  -0.000000   0.000481   0.000000  -0.000000  -0.000000
   39  C   3  S  -0.003557  -0.000000   0.066672  -0.034955  -0.086806
   40  C   3  S   0.005818  -0.000000  -0.126066   0.063910   0.170062
   41  C   3  X   0.004237  -0.000000  -0.073411   0.048488   0.040187
   42  C   3  Y  -0.003644  -0.000000   0.028934   0.081551  -0.110988
   43  C   3  Z  -0.000000  -0.000336   0.000000  -0.000000  -0.000000
   44  C   3  S   0.006019  -0.000000  -0.016488   0.032932   0.072319
   45  C   3  X   0.001355  -0.000000   0.022704  -0.008221  -0.008124
   46  C   3  Y  -0.002991  -0.000000  -0.009314  -0.004130   0.010492
   47  C   3  Z  -0.000000   0.000728   0.000000  -0.000000  -0.000000
   48  C   3  S  -0.013887  -0.000000  -0.043828   0.049268   0.149490
   49  C   3  X  -0.017177  -0.000000   0.003570   0.010526   0.067701
   50  C   3  Y   0.008086  -0.000000  -0.008845  -0.002591   0.015376
   51  C   3  Z  -0.000000   0.001324   0.000000  -0.000000  -0.000000
   52  C   3 XX   0.000846  -0.000000  -0.007030   0.008729  -0.003264
   53  C   3 YY   0.000915  -0.000000  -0.007650  -0.002498   0.013615
   54  C   3 ZZ  -0.000677  -0.000000   0.009270  -0.005186  -0.010314
   55  C   3 XY  -0.001033  -0.000000   0.001423   0.016390  -0.011677
   56  C   3 XZ  -0.000000   0.000070   0.000000  -0.000000  -0.000000
   57  C   3 YZ  -0.000000  -0.000081   0.000000  -0.000000  -0.000000
   58  N   4  S  -0.003427  -0.000000   0.097311  -0.158404   0.025579
   59  N   4  S   0.007699  -0.000000  -0.194642   0.328319  -0.055870
   60  N   4  X   0.001181  -0.000000  -0.010819   0.005808  -0.067672
   61  N   4  Y  -0.003511  -0.000000   0.054537   0.012265  -0.047971
   62  N   4  Z  -0.000000  -0.000818   0.000000  -0.000000  -0.000000
   63  N   4  S  -0.004178  -0.000000  -0.247568   0.387872  -0.052059
   64  N   4  X  -0.003942  -0.000000  -0.007031   0.004437  -0.023566
   65  N   4  Y  -0.002059  -0.000000   0.027465   0.008342  -0.032635
   66  N   4  Z  -0.000000  -0.000892   0.000000  -0.000000  -0.000000
   67  N   4  S  -0.063413  -0.000000   0.077845  -0.034386   0.227550
   68  N   4  X  -0.015874  -0.000000   0.010832   0.009273   0.072168
   69  N   4  Y   0.026929  -0.000000  -0.023685   0.001519  -0.115390
   70  N   4  Z  -0.000000  -0.000365   0.000000  -0.000000  -0.000000
   71  N   4 XX   0.000393  -0.000000  -0.004176   0.004030   0.000001
   72  N   4 YY   0.001113  -0.000000  -0.007596   0.009604  -0.002043
   73  N   4 ZZ  -0.000162  -0.000000   0.009257  -0.011760   0.001002
   74  N   4 XY  -0.000262  -0.000000   0.001397   0.000040   0.008440
   75  N   4 XZ  -0.000000   0.000065   0.000000  -0.000000  -0.000000
   76  N   4 YZ  -0.000000  -0.000082   0.000000  -0.000000  -0.000000
   77  C   5  S  -0.007872  -0.000000   0.082598  -0.027891   0.062294
   78  C   5  S   0.015518  -0.000000  -0.158487   0.053084  -0.126601
   79  C   5  X  -0.004730  -0.000000   0.084531  -0.062356   0.006230
   80  C   5  Y  -0.010309  -0.000000   0.040143   0.113161   0.038292
   81  C   5  Z  -0.000000   0.000925   0.000000  -0.000000  -0.000000
   82  C   5  S   0.014023  -0.000000  -0.002463   0.015157  -0.072099
   83  C   5  X  -0.011057  -0.000000  -0.040557   0.015827   0.006009
   84  C   5  Y   0.002620  -0.000000  -0.016536  -0.000815  -0.006411
   85  C   5  Z  -0.000000   0.002120   0.000000  -0.000000  -0.000000
   86  C   5  S   0.052366  -0.000000  -0.082722  -0.037691  -0.139079
   87  C   5  X  -0.017812  -0.000000   0.030752   0.055588   0.013658
   88  C   5  Y  -0.008916  -0.000000   0.000697   0.014042   0.028892
   89  C   5  Z  -0.000000   0.004437   0.000000  -0.000000  -0.000000
   90  C   5 XX  -0.001124  -0.000000  -0.005401   0.013167   0.004600
   91  C   5 YY   0.001232  -0.000000  -0.008087  -0.008158  -0.010125
   92  C   5 ZZ  -0.001071  -0.000000   0.011463  -0.004176   0.006947
   93  C   5 XY   0.000254  -0.000000  -0.001804  -0.018170   0.001678
   94  C   5 XZ  -0.000000   0.000024   0.000000  -0.000000  -0.000000
   95  C   5 YZ  -0.000000  -0.000159   0.000000  -0.000000  -0.000000
   96  H   6  S   0.000375  -0.000000  -0.011796   0.012642   0.029027
   97  H   6  S   0.000461  -0.000000   0.010070  -0.003168  -0.004417
   98  H   6  S  -0.009012  -0.000000   0.010501  -0.012287   0.015046
   99  H   6  X  -0.000189  -0.000000  -0.001194   0.002213   0.002874
  100  H   6  Y   0.000041  -0.000000   0.000460   0.000949  -0.002268
  101  H   6  Z  -0.000000  -0.000064   0.000000  -0.000000  -0.000000
  102  H   7  S   0.002481  -0.000000  -0.016889   0.007518  -0.033867
  103  H   7  S   0.003243  -0.000000   0.020078  -0.003309  -0.010614
  104  H   7  S  -0.000319  -0.000000  -0.003275  -0.038616   0.027452
  105  H   7  X  -0.000515  -0.000000   0.002284  -0.001305   0.004342
  106  H   7  Y  -0.000453  -0.000000   0.000992   0.001690   0.001981
  107  H   7  Z  -0.000000  -0.000028   0.000000  -0.000000  -0.000000
  108  N   8  S  -0.092574  -0.000000   0.014334   0.041155   0.083266
  109  N   8  S   0.210874  -0.000000  -0.027465  -0.091834  -0.191003
  110  N   8  X  -0.063976  -0.000000   0.021281   0.041190   0.041368
  111  N   8  Y  -0.050632  -0.000000  -0.053172  -0.070202  -0.092749
  112  N   8  Z  -0.000000  -0.117530   0.000000  -0.000000  -0.000000
  113  N   8  S   0.068536  -0.000000  -0.049115  -0.078616  -0.167452
  114  N   8  X   0.011892  -0.000000   0.018591   0.013528   0.014603
  115  N   8  Y   0.002813  -0.000000  -0.015426  -0.024210  -0.031729
  116  N   8  Z  -0.000000  -0.022875   0.000000  -0.000000  -0.000000
  117  N   8  S   0.064717  -0.000000  -0.100375  -0.062125  -0.358555
  118  N   8  X  -0.005087  -0.000000   0.015442   0.014550   0.047281
  119  N   8  Y   0.003404  -0.000000  -0.009114   0.005887  -0.055901
  120  N   8  Z  -0.000000  -0.010106   0.000000  -0.000000  -0.000000
  121  N   8 XX   0.000616  -0.000000  -0.003737  -0.005296  -0.001950
  122  N   8 YY   0.002079  -0.000000  -0.002399  -0.003872  -0.006921
  123  N   8 ZZ   0.008718  -0.000000   0.005867   0.007052   0.008200
  124  N   8 XY   0.005715  -0.000000   0.010243   0.012909   0.014032
  125  N   8 XZ  -0.000000   0.016838   0.000000  -0.000000  -0.000000
  126  N   8 YZ  -0.000000   0.019645   0.000000  -0.000000  -0.000000
  127  F   9  S  -0.138224  -0.161215  -0.031768  -0.032707  -0.041068
  128  F   9  S   0.324881   0.384531   0.072652   0.075823   0.097648
  129  F   9  X   0.013077   0.010960   0.003712   0.001900  -0.010640
  130  F   9  Y   0.031313   0.025350  -0.005487  -0.018955  -0.037696
  131  F   9  Z   0.050427   0.022007   0.001830  -0.011341  -0.033846
  132  F   9  S   0.267334   0.314497   0.076103   0.082502   0.106974
  133  F   9  X   0.011366   0.008203   0.002468   0.000058  -0.006445
  134  F   9  Y   0.030713   0.023604   0.001678  -0.005330  -0.017080
  135  F   9  Z   0.048236   0.023677   0.006522  -0.003683  -0.016183
  136  F   9  S   0.008266  -0.019882  -0.021324  -0.028650  -0.023834
  137  F   9  X  -0.006228  -0.003772   0.003167   0.006915   0.007510
  138  F   9  Y  -0.004602  -0.008669  -0.010394  -0.012002  -0.007496
  139  F   9  Z  -0.010206  -0.011727  -0.003059  -0.001245   0.000517
  140  F   9 XX   0.012824   0.017283   0.002020   0.002758   0.004827
  141  F   9 YY   0.018503   0.021606   0.001963   0.001451   0.001623
  142  F   9 ZZ   0.027979   0.023461   0.003624   0.001441   0.000431
  143  F   9 XY   0.003110   0.002131   0.000227  -0.000566  -0.001983
  144  F   9 XZ   0.005556   0.003181   0.000482  -0.000514  -0.002033
  145  F   9 YZ   0.011965   0.006607   0.000503  -0.001856  -0.005452
  146  F  10  S  -0.138224   0.161215  -0.031768  -0.032707  -0.041068
  147  F  10  S   0.324881  -0.384531   0.072652   0.075823   0.097648
  148  F  10  X   0.013077  -0.010960   0.003712   0.001900  -0.010640
  149  F  10  Y   0.031313  -0.025350  -0.005487  -0.018955  -0.037696
  150  F  10  Z  -0.050427   0.022007  -0.001830   0.011341   0.033846
  151  F  10  S   0.267334  -0.314497   0.076103   0.082502   0.106974
  152  F  10  X   0.011366  -0.008203   0.002468   0.000058  -0.006445
  153  F  10  Y   0.030713  -0.023604   0.001678  -0.005330  -0.017080
  154  F  10  Z  -0.048236   0.023677  -0.006522   0.003683   0.016183
  155  F  10  S   0.008266   0.019882  -0.021324  -0.028650  -0.023834
  156  F  10  X  -0.006228   0.003772   0.003167   0.006915   0.007510
  157  F  10  Y  -0.004602   0.008669  -0.010394  -0.012002  -0.007496
  158  F  10  Z   0.010206  -0.011727   0.003059   0.001245  -0.000517
  159  F  10 XX   0.012824  -0.017283   0.002020   0.002758   0.004827
  160  F  10 YY   0.018503  -0.021606   0.001963   0.001451   0.001623
  161  F  10 ZZ   0.027979  -0.023461   0.003624   0.001441   0.000431
  162  F  10 XY   0.003110  -0.002131   0.000227  -0.000566  -0.001983
  163  F  10 XZ  -0.005556   0.003181  -0.000482   0.000514   0.002033
  164  F  10 YZ  -0.011965   0.006607  -0.000503   0.001856   0.005452
  165  C  11  S  -0.000485  -0.000000   0.020874  -0.069927   0.049225
  166  C  11  S   0.000583  -0.000000  -0.040900   0.133895  -0.094425
  167  C  11  X  -0.000062  -0.000000  -0.001227   0.002148  -0.003998
  168  C  11  Y  -0.000649  -0.000000   0.031177  -0.069365  -0.016825
  169  C  11  Z  -0.000000  -0.000096   0.000000  -0.000000  -0.000000
  170  C  11  S   0.002487  -0.000000  -0.022863   0.051568  -0.031292
  171  C  11  X   0.002058  -0.000000   0.001989  -0.001747  -0.002309
  172  C  11  Y  -0.005371  -0.000000  -0.041151   0.042352   0.004308
  173  C  11  Z  -0.000000  -0.000125   0.000000  -0.000000  -0.000000
  174  C  11  S  -0.010250  -0.000000   0.043530   0.084704  -0.098969
  175  C  11  X   0.007389  -0.000000  -0.003759  -0.004446  -0.013615
  176  C  11  Y   0.005621  -0.000000  -0.028063  -0.032406   0.024580
  177  C  11  Z  -0.000000  -0.003387   0.000000  -0.000000  -0.000000
  178  C  11 XX  -0.000182  -0.000000   0.003044  -0.009015   0.005417
  179  C  11 YY   0.000015  -0.000000  -0.009157   0.025231  -0.011001
  180  C  11 ZZ  -0.000098  -0.000000   0.002929  -0.010128   0.006213
  181  C  11 XY  -0.000142  -0.000000   0.000583  -0.001371   0.002310
  182  C  11 XZ  -0.000000  -0.000008   0.000000  -0.000000  -0.000000
  183  C  11 YZ  -0.000000   0.000056   0.000000  -0.000000  -0.000000
  184  N  12  S  -0.000047  -0.000000   0.003076  -0.023396   0.040197
  185  N  12  S   0.000007  -0.000000  -0.008048   0.047220  -0.081346
  186  N  12  X  -0.000028  -0.000000  -0.000087   0.001033  -0.002516
  187  N  12  Y  -0.000119  -0.000000   0.003458  -0.025076   0.041762
  188  N  12  Z  -0.000000   0.000173   0.000000  -0.000000  -0.000000
  189  N  12  S   0.002784  -0.000000   0.027772   0.013015  -0.080728
  190  N  12  X  -0.000004  -0.000000  -0.000095  -0.000504  -0.002474
  191  N  12  Y  -0.000776  -0.000000  -0.011436   0.002168   0.013347
  192  N  12  Z  -0.000000  -0.000018   0.000000  -0.000000  -0.000000
  193  N  12  S  -0.002188  -0.000000   0.014902  -0.041748   0.060380
  194  N  12  X  -0.002135  -0.000000   0.001467   0.001126   0.003252
  195  N  12  Y  -0.000609  -0.000000   0.002550   0.021566  -0.022467
  196  N  12  Z  -0.000000   0.001778   0.000000  -0.000000  -0.000000
  197  N  12 XX  -0.000003  -0.000000  -0.000626  -0.000871   0.003185
  198  N  12 YY   0.000023  -0.000000   0.000519  -0.000234  -0.003122
  199  N  12 ZZ  -0.000000  -0.000000  -0.000577  -0.000877   0.003203
  200  N  12 XY   0.000019  -0.000000   0.000001   0.000036   0.000896
  201  N  12 XZ  -0.000000  -0.000002   0.000000  -0.000000  -0.000000
  202  N  12 YZ  -0.000000  -0.000014   0.000000  -0.000000  -0.000000

                     16         17         18         19         20

                   -1.4192    -1.3237    -1.1907    -1.1371    -1.0857

    1  N   1  S  -0.000240   0.038119   0.044835   0.065697  -0.008198
    2  N   1  S   0.002778  -0.078416  -0.101525  -0.146570   0.017640
    3  N   1  X  -0.061376   0.015112   0.180211  -0.096817  -0.184926
    4  N   1  Y  -0.047294  -0.242385   0.125516  -0.032818  -0.030221
    5  N   1  Z  -0.000000  -0.000000  -0.000000   0.000000   0.000000
    6  N   1  S  -0.021472  -0.130987  -0.142129  -0.208061   0.041660
    7  N   1  X  -0.029767   0.018964   0.089282  -0.066321  -0.120372
    8  N   1  Y  -0.022645  -0.104228   0.071545   0.004523  -0.009947
    9  N   1  Z  -0.000000  -0.000000  -0.000000   0.000000   0.000000
   10  N   1  S  -0.103552  -0.129920   0.356053   0.363759  -0.167456
   11  N   1  X  -0.045328  -0.065737  -0.063430  -0.037272   0.138337
   12  N   1  Y   0.185433   0.275470  -0.130751  -0.180048   0.100911
   13  N   1  Z  -0.000000  -0.000000  -0.000000   0.000000   0.000000
   14  N   1 XX   0.008433   0.009210  -0.011261   0.006261   0.000319
   15  N   1 YY  -0.006178  -0.000997   0.009898  -0.000713   0.001464
   16  N   1 ZZ  -0.000323   0.000795   0.003023   0.002059  -0.003069
   17  N   1 XY  -0.001590  -0.018606  -0.005875  -0.000926  -0.004807
   18  N   1 XZ  -0.000000  -0.000000  -0.000000   0.000000   0.000000
   19  N   1 YZ  -0.000000  -0.000000  -0.000000   0.000000   0.000000
   20  N   2  S  -0.049043  -0.028980   0.036014  -0.064386   0.039765
   21  N   2  S   0.107145   0.064266  -0.083565   0.144097  -0.085556
   22  N   2  X   0.013007  -0.043498  -0.159522  -0.039503   0.184032
   23  N   2  Y   0.019983   0.015909   0.136200   0.018043  -0.061796
   24  N   2  Z  -0.000000  -0.000000  -0.000000   0.000000   0.000000
   25  N   2  S   0.085599   0.092408  -0.060217   0.168150  -0.163680
   26  N   2  X   0.006214  -0.005186  -0.040653  -0.020481   0.055653
   27  N   2  Y   0.001519   0.015205   0.047422   0.005937  -0.035161
   28  N   2  Z  -0.000000  -0.000000  -0.000000   0.000000   0.000000
   29  N   2  S   0.011747   0.069663  -0.204332  -0.276810   0.295933
   30  N   2  X   0.011440   0.051689  -0.024466  -0.102032   0.057115
   31  N   2  Y  -0.020904  -0.049543  -0.010789   0.013506   0.004200
   32  N   2  Z  -0.000000  -0.000000  -0.000000   0.000000   0.000000
   33  N   2 XX   0.002526  -0.006831  -0.024545  -0.004782   0.018003
   34  N   2 YY   0.000815   0.005641   0.020082   0.002073  -0.009889
   35  N   2 ZZ  -0.003036   0.000245   0.002431  -0.001915  -0.001701
   36  N   2 XY  -0.001039  -0.009493  -0.004110  -0.005114   0.012951
   37  N   2 XZ  -0.000000  -0.000000  -0.000000   0.000000   0.000000
   38  N   2 YZ  -0.000000  -0.000000  -0.000000   0.000000   0.000000
   39  C   3  S  -0.012074  -0.063513  -0.106117   0.054948   0.047291
   40  C   3  S   0.023864   0.129268   0.218124  -0.115244  -0.100807
   41  C   3  X  -0.011934   0.011174   0.023644  -0.006031   0.169647
   42  C   3  Y  -0.049977   0.018067  -0.006518  -0.189028   0.131562
   43  C   3  Z  -0.000000  -0.000000  -0.000000   0.000000   0.000000
   44  C   3  S   0.042427   0.068930   0.150114  -0.070559  -0.111675
   45  C   3  X   0.015694  -0.011881  -0.025205   0.022714   0.035591
   46  C   3  Y  -0.009827   0.008883  -0.002812  -0.014862  -0.004041
   47  C   3  Z  -0.000000  -0.000000  -0.000000   0.000000   0.000000
   48  C   3  S   0.080342   0.046725   0.016468   0.045357   0.040835
   49  C   3  X   0.008450  -0.031104  -0.018213   0.040750   0.017885
   50  C   3  Y   0.005577   0.005143  -0.007561   0.011450   0.026647
   51  C   3  Z  -0.000000  -0.000000  -0.000000   0.000000   0.000000
   52  C   3 XX  -0.005226  -0.001076   0.008544  -0.008842   0.017768
   53  C   3 YY   0.005515   0.006541  -0.000376   0.003854  -0.012230
   54  C   3 ZZ  -0.001201  -0.006210  -0.010946   0.005201   0.001941
   55  C   3 XY  -0.007337   0.004497   0.001626  -0.014896   0.013993
   56  C   3 XZ  -0.000000  -0.000000  -0.000000   0.000000   0.000000
   57  C   3 YZ  -0.000000  -0.000000  -0.000000   0.000000   0.000000
   58  N   4  S   0.035325  -0.044374   0.032622   0.005200  -0.029675
   59  N   4  S  -0.072035   0.096453  -0.068851  -0.012088   0.068300
   60  N   4  X  -0.037414  -0.128917  -0.075184   0.316947  -0.022192
   61  N   4  Y   0.062809   0.083032  -0.274808  -0.030169  -0.263590
   62  N   4  Z  -0.000000  -0.000000  -0.000000   0.000000   0.000000
   63  N   4  S  -0.129409   0.131696  -0.135574  -0.009849   0.071419
   64  N   4  X  -0.015984  -0.069469  -0.043024   0.190994  -0.017307
   65  N   4  Y   0.041122   0.054078  -0.197710  -0.010764  -0.169275
   66  N   4  Z  -0.000000  -0.000000  -0.000000   0.000000   0.000000
   67  N   4  S  -0.134559  -0.165232   0.011603   0.116022  -0.076396
   68  N   4  X  -0.000005  -0.001168   0.003970   0.001548  -0.006631
   69  N   4  Y   0.080845   0.073733  -0.007514  -0.065255   0.084037
   70  N   4  Z  -0.000000  -0.000000  -0.000000   0.000000   0.000000
   71  N   4 XX  -0.003468  -0.001471   0.009257   0.003233   0.002409
   72  N   4 YY   0.003438   0.003625  -0.006635  -0.004419  -0.003711
   73  N   4 ZZ   0.002391  -0.001799   0.002026   0.000388  -0.000955
   74  N   4 XY   0.003516   0.011502   0.004084  -0.011389  -0.000774
   75  N   4 XZ  -0.000000  -0.000000  -0.000000   0.000000   0.000000
   76  N   4 YZ  -0.000000  -0.000000  -0.000000   0.000000   0.000000
   77  C   5  S   0.048541   0.105034  -0.046040  -0.067714   0.055782
   78  C   5  S  -0.097089  -0.215162   0.095667   0.145448  -0.119467
   79  C   5  X   0.037723   0.043677  -0.012395  -0.011717  -0.237335
   80  C   5  Y  -0.004928   0.087635  -0.063355   0.224604   0.042390
   81  C   5  Z  -0.000000  -0.000000  -0.000000   0.000000   0.000000
   82  C   5  S  -0.029936  -0.116443   0.048762   0.098930  -0.147478
   83  C   5  X  -0.018064  -0.025860   0.017676   0.049000  -0.055584
   84  C   5  Y  -0.015420   0.005579   0.003263   0.013726  -0.011440
   85  C   5  Z  -0.000000  -0.000000  -0.000000   0.000000   0.000000
   86  C   5  S  -0.040085  -0.051715   0.026475  -0.018541   0.009419
   87  C   5  X   0.003044  -0.008288   0.028329   0.042532  -0.038856
   88  C   5  Y  -0.004085  -0.013627  -0.018080   0.009712   0.043301
   89  C   5  Z  -0.000000  -0.000000  -0.000000   0.000000   0.000000
   90  C   5 XX  -0.004191  -0.001504   0.005442   0.013582   0.011738
   91  C   5 YY  -0.001560  -0.008779  -0.001571  -0.010383  -0.009120
   92  C   5 ZZ   0.006022   0.012358  -0.005488  -0.005949   0.002569
   93  C   5 XY   0.003649  -0.012158   0.004271  -0.017508  -0.009020
   94  C   5 XZ  -0.000000  -0.000000  -0.000000   0.000000   0.000000
   95  C   5 YZ  -0.000000  -0.000000  -0.000000   0.000000   0.000000
   96  H   6  S   0.006849   0.040875   0.072107  -0.067729  -0.092107
   97  H   6  S   0.009552   0.009989   0.011244  -0.026157  -0.032093
   98  H   6  S  -0.014906  -0.033962  -0.016566   0.020995   0.005235
   99  H   6  X   0.000576   0.004544   0.006266  -0.006509  -0.007791
  100  H   6  Y  -0.000718  -0.001491  -0.001093  -0.000268   0.004698
  101  H   6  Z  -0.000000  -0.000000  -0.000000   0.000000   0.000000
  102  H   7  S  -0.018974  -0.049250   0.025473   0.081930  -0.146132
  103  H   7  S   0.003450  -0.002301   0.003396   0.016843  -0.067393
  104  H   7  S   0.001291   0.012133  -0.025218  -0.030800   0.020806
  105  H   7  X   0.002080   0.004236  -0.001619  -0.007563   0.011756
  106  H   7  Y   0.000758   0.001858  -0.000919   0.000900   0.005485
  107  H   7  Z  -0.000000  -0.000000  -0.000000   0.000000   0.000000
  108  N   8  S   0.001356  -0.118356  -0.055377  -0.054983  -0.009078
  109  N   8  S  -0.004587   0.273194   0.130484   0.130600   0.020194
  110  N   8  X  -0.007072  -0.047963   0.068154   0.035350  -0.038839
  111  N   8  Y  -0.002975   0.034785  -0.033568  -0.128862  -0.096685
  112  N   8  Z  -0.000000  -0.000000  -0.000000   0.000000   0.000000
  113  N   8  S   0.005057   0.285252   0.157080   0.171617   0.037295
  114  N   8  X  -0.004389  -0.025111   0.020476   0.007040  -0.018309
  115  N   8  Y   0.005855   0.024038  -0.005427  -0.035046  -0.028472
  116  N   8  Z  -0.000000  -0.000000  -0.000000   0.000000   0.000000
  117  N   8  S   0.195618   0.185858  -0.244953  -0.182307   0.002671
  118  N   8  X  -0.036044  -0.009427   0.068047   0.044569  -0.003578
  119  N   8  Y   0.019094   0.025416  -0.017694  -0.025742  -0.022423
  120  N   8  Z  -0.000000  -0.000000  -0.000000   0.000000   0.000000
  121  N   8 XX   0.001365   0.003165  -0.011488  -0.005404   0.002751
  122  N   8 YY  -0.001242  -0.002275   0.002418  -0.004368  -0.004549
  123  N   8 ZZ  -0.000352  -0.004600   0.002762   0.006343   0.002395
  124  N   8 XY  -0.000523  -0.006190   0.006755   0.015181   0.008860
  125  N   8 XZ  -0.000000  -0.000000  -0.000000   0.000000   0.000000
  126  N   8 YZ  -0.000000  -0.000000  -0.000000   0.000000   0.000000
  127  F   9  S   0.001219   0.054104   0.016118   0.027055   0.012965
  128  F   9  S  -0.002381  -0.130288  -0.040659  -0.069611  -0.032482
  129  F   9  X  -0.002664   0.025531   0.057440   0.056596   0.001651
  130  F   9  Y   0.001345   0.069886   0.014790   0.025682   0.010456
  131  F   9  Z   0.001072   0.089814   0.051238   0.118236   0.083031
  132  F   9  S  -0.004705  -0.151953  -0.047308  -0.075432  -0.037993
  133  F   9  X  -0.000958   0.015584   0.032716   0.034523   0.002360
  134  F   9  Y  -0.000216   0.035245   0.010700   0.016202   0.006004
  135  F   9  Z   0.000834   0.047374   0.029549   0.071313   0.052810
  136  F   9  S   0.010751   0.019317   0.001264  -0.028889   0.009547
  137  F   9  X  -0.004548  -0.010064   0.002525  -0.004444  -0.007613
  138  F   9  Y   0.007973   0.002172  -0.010885  -0.010028   0.005783
  139  F   9  Z   0.000390  -0.004879   0.000846  -0.007377  -0.003167
  140  F   9 XX   0.000098  -0.007271  -0.002223  -0.005241  -0.003124
  141  F   9 YY   0.000006  -0.002739  -0.002278  -0.005416  -0.002905
  142  F   9 ZZ   0.000157   0.002337   0.001927   0.004651   0.004662
  143  F   9 XY  -0.000176   0.003298   0.002937   0.003061   0.000510
  144  F   9 XZ   0.000017   0.005014   0.004753   0.006397   0.002154
  145  F   9 YZ  -0.000072   0.010151   0.004430   0.007118   0.003838
  146  F  10  S   0.001219   0.054104   0.016118   0.027055   0.012965
  147  F  10  S  -0.002381  -0.130288  -0.040659  -0.069611  -0.032482
  148  F  10  X  -0.002664   0.025531   0.057440   0.056596   0.001651
  149  F  10  Y   0.001345   0.069886   0.014790   0.025682   0.010456
  150  F  10  Z  -0.001072  -0.089814  -0.051238  -0.118236  -0.083031
  151  F  10  S  -0.004705  -0.151953  -0.047308  -0.075432  -0.037993
  152  F  10  X  -0.000958   0.015584   0.032716   0.034523   0.002360
  153  F  10  Y  -0.000216   0.035245   0.010700   0.016202   0.006004
  154  F  10  Z  -0.000834  -0.047374  -0.029549  -0.071313  -0.052810
  155  F  10  S   0.010751   0.019317   0.001264  -0.028889   0.009547
  156  F  10  X  -0.004548  -0.010064   0.002525  -0.004444  -0.007613
  157  F  10  Y   0.007973   0.002172  -0.010885  -0.010028   0.005783
  158  F  10  Z  -0.000390   0.004879  -0.000846   0.007377   0.003167
  159  F  10 XX   0.000098  -0.007271  -0.002223  -0.005241  -0.003124
  160  F  10 YY   0.000006  -0.002739  -0.002278  -0.005416  -0.002905
  161  F  10 ZZ   0.000157   0.002337   0.001927   0.004651   0.004662
  162  F  10 XY  -0.000176   0.003298   0.002937   0.003061   0.000510
  163  F  10 XZ  -0.000017  -0.005014  -0.004753  -0.006397  -0.002154
  164  F  10 YZ   0.000072  -0.010151  -0.004430  -0.007118  -0.003838
  165  C  11  S  -0.131939  -0.007903   0.052223   0.008698   0.043153
  166  C  11  S   0.253524   0.017588  -0.110410  -0.019177  -0.092123
  167  C  11  X  -0.011890  -0.009520  -0.018405   0.050498  -0.011581
  168  C  11  Y   0.210416  -0.113853   0.200792   0.032273   0.133682
  169  C  11  Z  -0.000000  -0.000000  -0.000000   0.000000   0.000000
  170  C  11  S   0.083038   0.009698  -0.043679  -0.007748  -0.066474
  171  C  11  X   0.004789   0.006108   0.003956  -0.001983   0.001000
  172  C  11  Y  -0.060373   0.038141  -0.089933   0.007122  -0.050812
  173  C  11  Z  -0.000000  -0.000000  -0.000000   0.000000   0.000000
  174  C  11  S   0.031477   0.032834   0.038512  -0.026867  -0.139001
  175  C  11  X   0.006249   0.007199   0.000825   0.016301  -0.003538
  176  C  11  Y   0.021668  -0.012859  -0.021568   0.013941   0.042524
  177  C  11  Z  -0.000000  -0.000000  -0.000000   0.000000   0.000000
  178  C  11 XX  -0.013085  -0.001808   0.005955   0.001438   0.004152
  179  C  11 YY   0.017189   0.009078  -0.021806  -0.003217  -0.012806
  180  C  11 ZZ  -0.014552  -0.001840   0.006794   0.000853   0.004690
  181  C  11 XY  -0.000677   0.002586   0.002961  -0.008061   0.001291
  182  C  11 XZ  -0.000000  -0.000000  -0.000000   0.000000   0.000000
  183  C  11 YZ  -0.000000  -0.000000  -0.000000   0.000000   0.000000
  184  N  12  S  -0.169433   0.037470  -0.043864  -0.006148  -0.027955
  185  N  12  S   0.346195  -0.077183   0.090440   0.013926   0.058425
  186  N  12  X   0.006361  -0.004382  -0.002109   0.016761  -0.002197
  187  N  12  Y  -0.171499   0.033227  -0.026497  -0.001766  -0.005956
  188  N  12  Z  -0.000000  -0.000000  -0.000000   0.000000   0.000000
  189  N  12  S   0.367814  -0.102973   0.162817   0.008704   0.111258
  190  N  12  X   0.001838  -0.005764  -0.001176   0.013057  -0.000655
  191  N  12  Y  -0.067238   0.020188  -0.031044   0.001739  -0.016392
  192  N  12  Z  -0.000000  -0.000000  -0.000000   0.000000   0.000000
  193  N  12  S  -0.080139  -0.019846   0.017434   0.015826   0.010623
  194  N  12  X  -0.002803  -0.001931   0.000652  -0.007305   0.000858
  195  N  12  Y   0.016552   0.009530  -0.001209  -0.009845  -0.005051
  196  N  12  Z  -0.000000  -0.000000  -0.000000   0.000000   0.000000
  197  N  12 XX  -0.014598   0.003684  -0.005010  -0.000045  -0.002975
  198  N  12 YY   0.017008  -0.004693   0.005721   0.000398   0.002611
  199  N  12 ZZ  -0.014337   0.003734  -0.004877  -0.000350  -0.002645
  200  N  12 XY  -0.001116   0.001947   0.000410  -0.004565   0.000210
  201  N  12 XZ  -0.000000  -0.000000  -0.000000   0.000000   0.000000
  202  N  12 YZ  -0.000000  -0.000000  -0.000000   0.000000   0.000000

                     21         22         23         24         25

                   -1.0238    -0.9833    -0.9797    -0.9359    -0.8993

    1  N   1  S   0.016606  -0.000000   0.008065   0.003392   0.027988
    2  N   1  S  -0.038971  -0.000000  -0.020723  -0.008776  -0.068751
    3  N   1  X   0.056438  -0.000000   0.054308  -0.200811   0.084591
    4  N   1  Y  -0.276290  -0.000000  -0.028126  -0.114930   0.024218
    5  N   1  Z   0.000000   0.031503  -0.000000   0.000000   0.000000
    6  N   1  S  -0.046944  -0.000000  -0.037975   0.016988  -0.093762
    7  N   1  X   0.048580  -0.000000   0.048666  -0.133199   0.045844
    8  N   1  Y  -0.180742  -0.000000   0.000131  -0.037075   0.027198
    9  N   1  Z   0.000000   0.009291  -0.000000   0.000000   0.000000
   10  N   1  S  -0.333145  -0.000000   0.380991   0.049761   0.164621
   11  N   1  X  -0.267322  -0.000000   0.001457  -0.086711   0.055410
   12  N   1  Y   0.315498  -0.000000  -0.146043   0.145637  -0.270218
   13  N   1  Z   0.000000   0.007594  -0.000000   0.000000   0.000000
   14  N   1 XX  -0.000832  -0.000000   0.005586   0.016467   0.003971
   15  N   1 YY   0.003496  -0.000000  -0.005579  -0.016882  -0.001300
   16  N   1 ZZ   0.000054  -0.000000   0.000161  -0.000994  -0.000304
   17  N   1 XY  -0.010952  -0.000000  -0.013248   0.010746  -0.005365
   18  N   1 XZ   0.000000   0.006296  -0.000000   0.000000   0.000000
   19  N   1 YZ   0.000000  -0.008514  -0.000000   0.000000   0.000000
   20  N   2  S  -0.000442  -0.000000  -0.014115  -0.002436  -0.014638
   21  N   2  S   0.003603  -0.000000   0.030997   0.010155   0.033144
   22  N   2  X  -0.044657  -0.000000  -0.047544   0.192304  -0.063799
   23  N   2  Y  -0.053369  -0.000000   0.060869  -0.139981   0.152018
   24  N   2  Z   0.000000  -0.003196  -0.000000   0.000000   0.000000
   25  N   2  S   0.018335  -0.000000   0.060171  -0.018551   0.024727
   26  N   2  X  -0.022423  -0.000000  -0.017700   0.067797  -0.025163
   27  N   2  Y  -0.012313  -0.000000   0.038342  -0.058113   0.064321
   28  N   2  Z   0.000000  -0.003868  -0.000000   0.000000   0.000000
   29  N   2  S  -0.110962  -0.000000  -0.169599  -0.079964  -0.090639
   30  N   2  X   0.019993  -0.000000  -0.066693  -0.061496  -0.017973
   31  N   2  Y  -0.034848  -0.000000   0.008323   0.004546   0.007615
   32  N   2  Z   0.000000  -0.008153  -0.000000   0.000000   0.000000
   33  N   2 XX  -0.004102  -0.000000  -0.007570   0.019542  -0.019640
   34  N   2 YY  -0.000206  -0.000000   0.006531  -0.016212   0.019377
   35  N   2 ZZ   0.003182  -0.000000  -0.000471  -0.000726  -0.001426
   36  N   2 XY  -0.012102  -0.000000  -0.000784   0.005370   0.005398
   37  N   2 XZ   0.000000   0.000453  -0.000000   0.000000   0.000000
   38  N   2 YZ   0.000000  -0.000491  -0.000000   0.000000   0.000000
   39  C   3  S  -0.024724  -0.000000   0.023722  -0.001577   0.034092
   40  C   3  S   0.050348  -0.000000  -0.049002   0.002961  -0.065444
   41  C   3  X  -0.013166  -0.000000   0.082940   0.040360   0.376751
   42  C   3  Y   0.027965  -0.000000  -0.106677   0.209866  -0.129161
   43  C   3  Z   0.000000   0.003381  -0.000000   0.000000   0.000000
   44  C   3  S   0.037537  -0.000000  -0.071169  -0.028419  -0.168986
   45  C   3  X  -0.023043  -0.000000   0.033978  -0.011148   0.160425
   46  C   3  Y   0.016538  -0.000000  -0.022246   0.046698  -0.094213
   47  C   3  Z   0.000000   0.003490  -0.000000   0.000000   0.000000
   48  C   3  S   0.007591  -0.000000   0.048908  -0.005675  -0.036662
   49  C   3  X  -0.035675  -0.000000   0.016074   0.047953  -0.044992
   50  C   3  Y  -0.015483  -0.000000   0.024262   0.024554  -0.001933
   51  C   3  Z   0.000000   0.005028  -0.000000   0.000000   0.000000
   52  C   3 XX   0.006223  -0.000000  -0.004045   0.009332  -0.014500
   53  C   3 YY  -0.005728  -0.000000   0.003739  -0.007442   0.016921
   54  C   3 ZZ  -0.001400  -0.000000   0.001169  -0.000033  -0.001255
   55  C   3 XY   0.003503  -0.000000  -0.001851   0.011751   0.013229
   56  C   3 XZ   0.000000  -0.000032  -0.000000   0.000000   0.000000
   57  C   3 YZ   0.000000   0.000640  -0.000000   0.000000   0.000000
   58  N   4  S  -0.011629  -0.000000  -0.014957   0.001758  -0.008173
   59  N   4  S   0.030157  -0.000000   0.033436  -0.005008   0.017754
   60  N   4  X   0.096412  -0.000000   0.087578  -0.181081  -0.223173
   61  N   4  Y  -0.200205  -0.000000  -0.024138  -0.075240   0.007868
   62  N   4  Z   0.000000   0.008356  -0.000000   0.000000   0.000000
   63  N   4  S   0.006808  -0.000000   0.055245   0.020720   0.045123
   64  N   4  X   0.051870  -0.000000   0.055430  -0.113655  -0.154898
   65  N   4  Y  -0.148893  -0.000000  -0.007970  -0.077868  -0.001260
   66  N   4  Z   0.000000   0.007052  -0.000000   0.000000   0.000000
   67  N   4  S  -0.199659  -0.000000   0.082922  -0.095336   0.173265
   68  N   4  X  -0.029443  -0.000000   0.015963  -0.017117  -0.013691
   69  N   4  Y   0.105965  -0.000000  -0.030344   0.060351  -0.103883
   70  N   4  Z   0.000000  -0.002737  -0.000000   0.000000   0.000000
   71  N   4 XX   0.012621  -0.000000  -0.004461   0.010938  -0.008714
   72  N   4 YY  -0.012690  -0.000000   0.004301  -0.013250   0.009685
   73  N   4 ZZ   0.001326  -0.000000  -0.000700   0.000620  -0.000551
   74  N   4 XY   0.000324  -0.000000  -0.001748   0.007371   0.010724
   75  N   4 XZ   0.000000  -0.000564  -0.000000   0.000000   0.000000
   76  N   4 YZ   0.000000   0.000554  -0.000000   0.000000   0.000000
   77  C   5  S  -0.017127  -0.000000   0.035906  -0.032615  -0.002485
   78  C   5  S   0.037179  -0.000000  -0.072885   0.063958  -0.001391
   79  C   5  X   0.015307  -0.000000  -0.136677   0.280010   0.194981
   80  C   5  Y   0.220504  -0.000000   0.023937   0.124119  -0.064942
   81  C   5  Z   0.000000  -0.006593  -0.000000   0.000000   0.000000
   82  C   5  S   0.059476  -0.000000  -0.134921   0.127205   0.056000
   83  C   5  X   0.010033  -0.000000  -0.050682   0.155817   0.081930
   84  C   5  Y   0.036150  -0.000000   0.003159   0.052389   0.008109
   85  C   5  Z   0.000000  -0.011019  -0.000000   0.000000   0.000000
   86  C   5  S   0.084952  -0.000000  -0.013122  -0.080508   0.127846
   87  C   5  X  -0.021655  -0.000000   0.060120   0.009786  -0.031070
   88  C   5  Y   0.004403  -0.000000  -0.072089  -0.028876   0.019822
   89  C   5  Z   0.000000   0.003296  -0.000000   0.000000   0.000000
   90  C   5 XX   0.014727  -0.000000  -0.001452   0.017559   0.003474
   91  C   5 YY  -0.014324  -0.000000   0.002400  -0.019134  -0.004310
   92  C   5 ZZ  -0.000325  -0.000000   0.001711   0.001127   0.000853
   93  C   5 XY  -0.020074  -0.000000  -0.010895   0.009795   0.011244
   94  C   5 XZ   0.000000  -0.000154  -0.000000   0.000000   0.000000
   95  C   5 YZ   0.000000  -0.000253  -0.000000   0.000000   0.000000
   96  H   6  S   0.031871  -0.000000  -0.078728   0.016364  -0.254470
   97  H   6  S   0.011987  -0.000000  -0.036728   0.005449  -0.118941
   98  H   6  S  -0.025489  -0.000000   0.000485   0.040267  -0.039840
   99  H   6  X   0.002473  -0.000000  -0.005869   0.001773  -0.015141
  100  H   6  Y  -0.000444  -0.000000   0.000687   0.001876   0.004544
  101  H   6  Z   0.000000   0.000096  -0.000000   0.000000   0.000000
  102  H   7  S   0.055271  -0.000000  -0.097924   0.200637   0.097118
  103  H   7  S   0.033742  -0.000000  -0.038003   0.075600   0.046385
  104  H   7  S  -0.000001  -0.000000  -0.041467   0.021244   0.000528
  105  H   7  X  -0.004742  -0.000000   0.006589  -0.011699  -0.004914
  106  H   7  Y   0.001208  -0.000000   0.001945  -0.003073  -0.003216
  107  H   7  Z   0.000000  -0.000093  -0.000000   0.000000   0.000000
  108  N   8  S   0.027347  -0.000000  -0.034108  -0.007121  -0.004106
  109  N   8  S  -0.067108  -0.000000   0.084073   0.017726   0.007823
  110  N   8  X  -0.179811  -0.000000   0.201259   0.113351  -0.027267
  111  N   8  Y   0.203832  -0.000000   0.177150  -0.025807   0.019857
  112  N   8  Z   0.000000   0.346191  -0.000000   0.000000   0.000000
  113  N   8  S  -0.112948  -0.000000   0.123894   0.045847   0.021297
  114  N   8  X  -0.079250  -0.000000   0.098881   0.057191  -0.021423
  115  N   8  Y   0.066090  -0.000000   0.089353   0.007164   0.009474
  116  N   8  Z   0.000000   0.158273  -0.000000   0.000000   0.000000
  117  N   8  S   0.611029  -0.000000  -0.354746   0.164688  -0.275921
  118  N   8  X  -0.107543  -0.000000   0.064715  -0.033343   0.055578
  119  N   8  Y   0.129011  -0.000000  -0.062305   0.005265  -0.015630
  120  N   8  Z   0.000000  -0.002680  -0.000000   0.000000   0.000000
  121  N   8 XX   0.022065  -0.000000  -0.016778  -0.007902   0.002552
  122  N   8 YY  -0.009031  -0.000000  -0.005537  -0.002611  -0.002977
  123  N   8 ZZ  -0.008337  -0.000000   0.010178   0.007860  -0.001035
  124  N   8 XY  -0.019522  -0.000000  -0.021756  -0.004536   0.004482
  125  N   8 XZ   0.000000  -0.031795  -0.000000   0.000000   0.000000
  126  N   8 YZ   0.000000  -0.023091  -0.000000   0.000000   0.000000
  127  F   9  S  -0.012943  -0.036271  -0.012468  -0.000028  -0.000041
  128  F   9  S   0.033910   0.101426   0.036684   0.002126  -0.000982
  129  F   9  X  -0.198504  -0.150029   0.186173   0.183089  -0.118345
  130  F   9  Y   0.098615  -0.314091   0.094499  -0.004402   0.056044
  131  F   9  Z  -0.119924  -0.144230  -0.275342  -0.079046   0.016456
  132  F   9  S   0.036902   0.097856   0.025679  -0.003000   0.000588
  133  F   9  X  -0.124497  -0.093605   0.118676   0.120326  -0.078558
  134  F   9  Y   0.060464  -0.201778   0.058409  -0.005536   0.038235
  135  F   9  Z  -0.079596  -0.095042  -0.179517  -0.051497   0.009328
  136  F   9  S  -0.007503   0.061931   0.038257   0.005785  -0.013219
  137  F   9  X   0.004871   0.004896   0.007909  -0.000309   0.002982
  138  F   9  Y   0.001501   0.008200   0.006786   0.009204  -0.011093
  139  F   9  Z   0.000261   0.016965   0.002557  -0.002962   0.000849
  140  F   9 XX  -0.000770   0.013034   0.010120   0.005068  -0.002798
  141  F   9 YY   0.009560  -0.002163   0.010718   0.000293   0.001859
  142  F   9 ZZ  -0.006853   0.003756  -0.013890  -0.003514   0.000019
  143  F   9 XY  -0.005368  -0.010284   0.006075   0.004702  -0.002030
  144  F   9 XZ  -0.011734  -0.009418   0.003806   0.006519  -0.003714
  145  F   9 YZ  -0.000391  -0.019105  -0.005502  -0.003379   0.002681
  146  F  10  S  -0.012943   0.036271  -0.012468  -0.000028  -0.000041
  147  F  10  S   0.033910  -0.101426   0.036684   0.002126  -0.000982
  148  F  10  X  -0.198504   0.150029   0.186173   0.183089  -0.118345
  149  F  10  Y   0.098615   0.314091   0.094499  -0.004402   0.056044
  150  F  10  Z   0.119924  -0.144230   0.275342   0.079046  -0.016456
  151  F  10  S   0.036902  -0.097856   0.025679  -0.003000   0.000588
  152  F  10  X  -0.124497   0.093605   0.118676   0.120326  -0.078558
  153  F  10  Y   0.060464   0.201778   0.058409  -0.005536   0.038235
  154  F  10  Z   0.079596  -0.095042   0.179517   0.051497  -0.009328
  155  F  10  S  -0.007503  -0.061931   0.038257   0.005785  -0.013219
  156  F  10  X   0.004871  -0.004896   0.007909  -0.000309   0.002982
  157  F  10  Y   0.001501  -0.008200   0.006786   0.009204  -0.011093
  158  F  10  Z  -0.000261   0.016965  -0.002557   0.002962  -0.000849
  159  F  10 XX  -0.000770  -0.013034   0.010120   0.005068  -0.002798
  160  F  10 YY   0.009560   0.002163   0.010718   0.000293   0.001859
  161  F  10 ZZ  -0.006853  -0.003756  -0.013890  -0.003514   0.000019
  162  F  10 XY  -0.005368   0.010284   0.006075   0.004702  -0.002030
  163  F  10 XZ   0.011734  -0.009418  -0.003806  -0.006519   0.003714
  164  F  10 YZ   0.000391  -0.019105   0.005502   0.003379  -0.002681
  165  C  11  S   0.044329  -0.000000  -0.000586   0.024026  -0.010664
  166  C  11  S  -0.095230  -0.000000   0.001648  -0.050964   0.023105
  167  C  11  X   0.016549  -0.000000   0.020240  -0.041349  -0.043435
  168  C  11  Y   0.121648  -0.000000  -0.000473   0.052393  -0.023399
  169  C  11  Z   0.000000   0.002827  -0.000000   0.000000   0.000000
  170  C  11  S  -0.054517  -0.000000   0.005680  -0.040784   0.028323
  171  C  11  X   0.007563  -0.000000   0.001923  -0.002700  -0.002654
  172  C  11  Y  -0.046774  -0.000000   0.017087  -0.020943   0.004327
  173  C  11  Z   0.000000   0.002649  -0.000000   0.000000   0.000000
  174  C  11  S  -0.019152  -0.000000   0.054817  -0.009215  -0.029484
  175  C  11  X  -0.003627  -0.000000   0.035755   0.021045  -0.017722
  176  C  11  Y   0.010038  -0.000000  -0.000763  -0.000286   0.014982
  177  C  11  Z   0.000000  -0.003897  -0.000000   0.000000   0.000000
  178  C  11 XX   0.004544  -0.000000  -0.000368   0.002641  -0.001793
  179  C  11 YY  -0.010776  -0.000000   0.000207  -0.003533   0.001359
  180  C  11 ZZ   0.004335  -0.000000   0.000003   0.002112  -0.000856
  181  C  11 XY  -0.002137  -0.000000  -0.002367   0.004996   0.005353
  182  C  11 XZ   0.000000  -0.000042  -0.000000   0.000000   0.000000
  183  C  11 YZ   0.000000  -0.000439  -0.000000   0.000000   0.000000
  184  N  12  S  -0.024799  -0.000000  -0.000712  -0.011987   0.005230
  185  N  12  S   0.052334  -0.000000   0.002535   0.025327  -0.010695
  186  N  12  X   0.008476  -0.000000   0.008555  -0.017651  -0.019447
  187  N  12  Y   0.003745  -0.000000   0.000802   0.009283  -0.007760
  188  N  12  Z   0.000000   0.000168  -0.000000   0.000000   0.000000
  189  N  12  S   0.101547  -0.000000  -0.010163   0.053685  -0.024318
  190  N  12  X   0.004966  -0.000000   0.006222  -0.010378  -0.013835
  191  N  12  Y  -0.009182  -0.000000   0.006588  -0.002745  -0.000607
  192  N  12  Z   0.000000  -0.001336  -0.000000   0.000000   0.000000
  193  N  12  S  -0.009293  -0.000000  -0.018185  -0.002142   0.021134
  194  N  12  X   0.001043  -0.000000  -0.012060  -0.004267   0.007413
  195  N  12  Y   0.000991  -0.000000   0.000414   0.001756  -0.011254
  196  N  12  Z   0.000000   0.002135  -0.000000   0.000000   0.000000
  197  N  12 XX  -0.002039  -0.000000   0.000270  -0.001052   0.000003
  198  N  12 YY   0.000898  -0.000000  -0.000159  -0.000258   0.000946
  199  N  12 ZZ  -0.002113  -0.000000   0.000229  -0.000871   0.000427
  200  N  12 XY  -0.001890  -0.000000  -0.001746   0.003500   0.004047
  201  N  12 XZ   0.000000   0.000002  -0.000000   0.000000   0.000000
  202  N  12 YZ   0.000000  -0.000100  -0.000000   0.000000   0.000000

                     26         27         28         29         30

                   -0.8920    -0.8668    -0.8473    -0.7748    -0.7607

    1  N   1  S   0.000000   0.013681   0.000000   0.009339   0.029816
    2  N   1  S   0.000000  -0.037059   0.000000  -0.020627  -0.069689
    3  N   1  X   0.000000  -0.126862   0.000000   0.053027   0.095079
    4  N   1  Y   0.000000   0.193247   0.000000   0.070438   0.099447
    5  N   1  Z   0.014889   0.000000  -0.002468   0.000000  -0.000000
    6  N   1  S   0.000000  -0.036788   0.000000  -0.065104  -0.185873
    7  N   1  X   0.000000  -0.106201   0.000000   0.059469   0.107498
    8  N   1  Y   0.000000   0.119776   0.000000   0.007733  -0.003546
    9  N   1  Z   0.014733   0.000000   0.002881   0.000000  -0.000000
   10  N   1  S   0.000000   0.564329   0.000000   0.003537   0.081005
   11  N   1  X   0.000000   0.089749   0.000000  -0.061650  -0.026055
   12  N   1  Y   0.000000  -0.355331   0.000000   0.100681  -0.050559
   13  N   1  Z   0.016735   0.000000   0.020627   0.000000  -0.000000
   14  N   1 XX   0.000000  -0.008467   0.000000  -0.004100  -0.006421
   15  N   1 YY   0.000000   0.001725   0.000000   0.000627   0.000858
   16  N   1 ZZ   0.000000   0.002796   0.000000   0.002312   0.003150
   17  N   1 XY   0.000000   0.010641   0.000000   0.013165   0.026405
   18  N   1 XZ  -0.001049   0.000000  -0.000997   0.000000  -0.000000
   19  N   1 YZ  -0.004922   0.000000   0.001660   0.000000  -0.000000
   20  N   2  S   0.000000   0.015569   0.000000  -0.040577  -0.085862
   21  N   2  S   0.000000  -0.036470   0.000000   0.089430   0.186268
   22  N   2  X   0.000000   0.065075   0.000000  -0.094871  -0.187598
   23  N   2  Y   0.000000   0.018685   0.000000  -0.165189  -0.411904
   24  N   2  Z   0.001812   0.000000   0.000720   0.000000  -0.000000
   25  N   2  S   0.000000  -0.087188   0.000000   0.199633   0.440922
   26  N   2  X   0.000000   0.021759   0.000000  -0.031839  -0.068462
   27  N   2  Y   0.000000   0.002478   0.000000  -0.088794  -0.216336
   28  N   2  Z   0.001805   0.000000  -0.003483   0.000000  -0.000000
   29  N   2  S   0.000000  -0.194481   0.000000  -0.018575  -0.061154
   30  N   2  X   0.000000  -0.070901   0.000000   0.009095  -0.012118
   31  N   2  Y   0.000000   0.009180   0.000000  -0.002059   0.007449
   32  N   2  Z   0.002693   0.000000  -0.007120   0.000000  -0.000000
   33  N   2 XX   0.000000   0.006865   0.000000  -0.002858  -0.005457
   34  N   2 YY   0.000000  -0.001657   0.000000  -0.008532  -0.021098
   35  N   2 ZZ   0.000000  -0.001606   0.000000   0.004276   0.009052
   36  N   2 XY   0.000000   0.008223   0.000000  -0.006772  -0.016353
   37  N   2 XZ   0.001410   0.000000  -0.000396   0.000000  -0.000000
   38  N   2 YZ  -0.002201   0.000000   0.000258   0.000000  -0.000000
   39  C   3  S   0.000000  -0.004667   0.000000   0.022356   0.040437
   40  C   3  S   0.000000   0.007730   0.000000  -0.050732  -0.092423
   41  C   3  X   0.000000  -0.077399   0.000000  -0.016310  -0.012168
   42  C   3  Y   0.000000   0.030701   0.000000   0.039639   0.141920
   43  C   3  Z   0.000648   0.000000  -0.000125   0.000000  -0.000000
   44  C   3  S   0.000000   0.046381   0.000000  -0.078676  -0.163783
   45  C   3  X   0.000000  -0.028745   0.000000  -0.033867  -0.061592
   46  C   3  Y   0.000000   0.011365   0.000000  -0.002585   0.025847
   47  C   3  Z  -0.005389   0.000000   0.000639   0.000000  -0.000000
   48  C   3  S   0.000000   0.009803   0.000000   0.034515  -0.032952
   49  C   3  X   0.000000   0.028920   0.000000  -0.014553  -0.024329
   50  C   3  Y   0.000000   0.008040   0.000000  -0.016806  -0.042700
   51  C   3  Z  -0.001125   0.000000   0.001761   0.000000  -0.000000
   52  C   3 XX   0.000000   0.002852   0.000000  -0.006392  -0.004076
   53  C   3 YY   0.000000  -0.003276   0.000000   0.004679   0.001980
   54  C   3 ZZ   0.000000  -0.000041   0.000000   0.002046   0.003891
   55  C   3 XY   0.000000  -0.006459   0.000000   0.010914   0.026245
   56  C   3 XZ  -0.000044   0.000000  -0.000005   0.000000  -0.000000
   57  C   3 YZ   0.000336   0.000000  -0.000143   0.000000  -0.000000
   58  N   4  S   0.000000   0.017689   0.000000  -0.021320  -0.014499
   59  N   4  S   0.000000  -0.042147   0.000000   0.053090   0.034672
   60  N   4  X   0.000000  -0.013816   0.000000  -0.037690  -0.070959
   61  N   4  Y   0.000000   0.067686   0.000000   0.054192  -0.106072
   62  N   4  Z   0.006750   0.000000  -0.000477   0.000000  -0.000000
   63  N   4  S   0.000000  -0.066204   0.000000   0.073582   0.090523
   64  N   4  X   0.000000  -0.012048   0.000000  -0.042210  -0.084843
   65  N   4  Y   0.000000   0.051435   0.000000   0.020213  -0.050459
   66  N   4  Z   0.008102   0.000000   0.000427   0.000000  -0.000000
   67  N   4  S   0.000000   0.135164   0.000000  -0.015027   0.071019
   68  N   4  X   0.000000   0.013431   0.000000  -0.021463  -0.015344
   69  N   4  Y   0.000000  -0.069287   0.000000   0.091944  -0.048216
   70  N   4  Z  -0.007328   0.000000  -0.005310   0.000000  -0.000000
   71  N   4 XX   0.000000  -0.002279   0.000000   0.000060   0.002369
   72  N   4 YY   0.000000   0.002766   0.000000  -0.002639  -0.002641
   73  N   4 ZZ   0.000000  -0.000379   0.000000   0.001045   0.001218
   74  N   4 XY   0.000000  -0.002541   0.000000  -0.002905  -0.007625
   75  N   4 XZ  -0.000148   0.000000   0.000146   0.000000  -0.000000
   76  N   4 YZ   0.000278   0.000000  -0.000088   0.000000  -0.000000
   77  C   5  S   0.000000  -0.017887   0.000000  -0.004347  -0.018756
   78  C   5  S   0.000000   0.040328   0.000000   0.013517   0.047841
   79  C   5  X   0.000000   0.001640   0.000000  -0.018136  -0.072125
   80  C   5  Y   0.000000  -0.079947   0.000000  -0.072518  -0.094323
   81  C   5  Z  -0.003076   0.000000   0.000917   0.000000  -0.000000
   82  C   5  S   0.000000   0.043125   0.000000   0.026485   0.096536
   83  C   5  X   0.000000  -0.003834   0.000000  -0.028255  -0.070660
   84  C   5  Y   0.000000  -0.004676   0.000000  -0.030982  -0.047540
   85  C   5  Z  -0.010619   0.000000  -0.004316   0.000000  -0.000000
   86  C   5  S   0.000000   0.015625   0.000000   0.028515  -0.001727
   87  C   5  X   0.000000  -0.039207   0.000000   0.007710   0.036345
   88  C   5  Y   0.000000   0.065390   0.000000  -0.001632  -0.000942
   89  C   5  Z   0.004133   0.000000  -0.009513   0.000000  -0.000000
   90  C   5 XX   0.000000  -0.001404   0.000000  -0.004184   0.001358
   91  C   5 YY   0.000000   0.001833   0.000000   0.005559   0.001613
   92  C   5 ZZ   0.000000  -0.001208   0.000000  -0.000059  -0.001133
   93  C   5 XY   0.000000   0.012591   0.000000   0.001408   0.000646
   94  C   5 XZ  -0.000048   0.000000   0.000174   0.000000  -0.000000
   95  C   5 YZ   0.000338   0.000000   0.000287   0.000000  -0.000000
   96  H   6  S   0.000000   0.054195   0.000000  -0.017205  -0.027100
   97  H   6  S   0.000000   0.026750   0.000000  -0.027122  -0.045172
   98  H   6  S   0.000000   0.016352   0.000000  -0.018540  -0.017155
   99  H   6  X   0.000000   0.002817   0.000000   0.000090   0.000680
  100  H   6  Y   0.000000  -0.000570   0.000000   0.000449   0.002086
  101  H   6  Z   0.000203   0.000000  -0.000015   0.000000  -0.000000
  102  H   7  S   0.000000   0.009671   0.000000  -0.020831  -0.037174
  103  H   7  S   0.000000   0.004821   0.000000  -0.010120  -0.010288
  104  H   7  S   0.000000   0.021982   0.000000  -0.010084  -0.024623
  105  H   7  X   0.000000   0.000044   0.000000   0.001464   0.003126
  106  H   7  Y   0.000000  -0.001027   0.000000  -0.000795  -0.000440
  107  H   7  Z   0.000101   0.000000   0.000100   0.000000  -0.000000
  108  N   8  S   0.000000   0.008887   0.000000  -0.000108  -0.013673
  109  N   8  S   0.000000  -0.020037   0.000000   0.003842   0.038310
  110  N   8  X   0.000000  -0.035306   0.000000   0.042591   0.145076
  111  N   8  Y   0.000000  -0.195805   0.000000  -0.029708  -0.017977
  112  N   8  Z  -0.025157   0.000000  -0.115599   0.000000  -0.000000
  113  N   8  S   0.000000  -0.038768   0.000000  -0.022939   0.022457
  114  N   8  X   0.000000  -0.017774   0.000000   0.032794   0.093937
  115  N   8  Y   0.000000  -0.066550   0.000000  -0.019514  -0.015193
  116  N   8  Z  -0.013237   0.000000  -0.040096   0.000000  -0.000000
  117  N   8  S   0.000000  -0.514582   0.000000   0.102326  -0.044206
  118  N   8  X   0.000000   0.119075   0.000000  -0.014734   0.014654
  119  N   8  Y   0.000000  -0.016109   0.000000   0.019485   0.000758
  120  N   8  Z  -0.031785   0.000000   0.020063   0.000000  -0.000000
  121  N   8 XX   0.000000  -0.001682   0.000000  -0.002707  -0.006665
  122  N   8 YY   0.000000  -0.026401   0.000000   0.000490   0.001758
  123  N   8 ZZ   0.000000   0.033140   0.000000   0.003205   0.001536
  124  N   8 XY   0.000000   0.022047   0.000000   0.004937   0.007630
  125  N   8 XZ  -0.018544   0.000000   0.017364   0.000000  -0.000000
  126  N   8 YZ   0.014687   0.000000   0.023789   0.000000  -0.000000
  127  F   9  S   0.000556   0.007223   0.004796   0.000843   0.001994
  128  F   9  S   0.003167  -0.025154  -0.015652  -0.004141  -0.006925
  129  F   9  X   0.430227  -0.044418  -0.112926  -0.017035  -0.063005
  130  F   9  Y  -0.216030   0.411060  -0.214204   0.029595   0.019369
  131  F   9  Z   0.000507  -0.041391   0.421717   0.005997   0.001972
  132  F   9  S  -0.009660  -0.006715  -0.008509   0.003352  -0.000296
  133  F   9  X   0.284058  -0.029139  -0.074289  -0.012486  -0.045626
  134  F   9  Y  -0.147458   0.286541  -0.140587   0.023059   0.015399
  135  F   9  Z  -0.002570  -0.020626   0.287414   0.007174   0.005147
  136  F   9  S  -0.022339   0.004372  -0.013147   0.006244   0.003556
  137  F   9  X   0.015126   0.006914  -0.006285  -0.004934  -0.009843
  138  F   9  Y  -0.011317  -0.005809  -0.014755   0.003149   0.000301
  139  F   9  Z  -0.001056  -0.007408   0.006582   0.000962   0.000792
  140  F   9 XX   0.009217  -0.007742  -0.006030  -0.000547   0.000804
  141  F   9 YY  -0.006850   0.008561  -0.011928  -0.000566  -0.001253
  142  F   9 ZZ   0.002617  -0.003730   0.017365  -0.000238  -0.001008
  143  F   9 XY   0.008401   0.003315  -0.003336   0.000218  -0.000081
  144  F   9 XZ   0.011832   0.000386   0.003157  -0.000077  -0.000682
  145  F   9 YZ  -0.006119   0.014771   0.007987   0.001039  -0.000206
  146  F  10  S  -0.000556   0.007223  -0.004796   0.000843   0.001994
  147  F  10  S  -0.003167  -0.025154   0.015652  -0.004141  -0.006925
  148  F  10  X  -0.430227  -0.044418   0.112926  -0.017035  -0.063005
  149  F  10  Y   0.216030   0.411060   0.214204   0.029595   0.019369
  150  F  10  Z   0.000507   0.041391   0.421717  -0.005997  -0.001972
  151  F  10  S   0.009660  -0.006715   0.008509   0.003352  -0.000296
  152  F  10  X  -0.284058  -0.029139   0.074289  -0.012486  -0.045626
  153  F  10  Y   0.147458   0.286541   0.140587   0.023059   0.015399
  154  F  10  Z  -0.002570   0.020626   0.287414  -0.007174  -0.005147
  155  F  10  S   0.022339   0.004372   0.013147   0.006244   0.003556
  156  F  10  X  -0.015126   0.006914   0.006285  -0.004934  -0.009843
  157  F  10  Y   0.011317  -0.005809   0.014755   0.003149   0.000301
  158  F  10  Z  -0.001056   0.007408   0.006582  -0.000962  -0.000792
  159  F  10 XX  -0.009217  -0.007742   0.006030  -0.000547   0.000804
  160  F  10 YY   0.006850   0.008561   0.011928  -0.000566  -0.001253
  161  F  10 ZZ  -0.002617  -0.003730  -0.017365  -0.000238  -0.001008
  162  F  10 XY  -0.008401   0.003315   0.003336   0.000218  -0.000081
  163  F  10 XZ   0.011832  -0.000386   0.003157   0.000077   0.000682
  164  F  10 YZ  -0.006119  -0.014771   0.007987  -0.001039   0.000206
  165  C  11  S   0.000000  -0.015363   0.000000   0.077425  -0.021071
  166  C  11  S   0.000000   0.034000   0.000000  -0.172238   0.048161
  167  C  11  X   0.000000  -0.009725   0.000000  -0.028105  -0.088691
  168  C  11  Y   0.000000  -0.024879   0.000000  -0.193656   0.118983
  169  C  11  Z   0.002756   0.000000  -0.000280   0.000000  -0.000000
  170  C  11  S   0.000000   0.025531   0.000000  -0.246481   0.076590
  171  C  11  X   0.000000  -0.006037   0.000000  -0.008760  -0.036517
  172  C  11  Y   0.000000   0.006987   0.000000  -0.089367   0.073252
  173  C  11  Z   0.003166   0.000000   0.001340   0.000000  -0.000000
  174  C  11  S   0.000000  -0.098376   0.000000  -0.027690   0.088665
  175  C  11  X   0.000000  -0.021079   0.000000  -0.007003  -0.025114
  176  C  11  Y   0.000000   0.023274   0.000000   0.048063  -0.028324
  177  C  11  Z   0.002058   0.000000   0.006767   0.000000  -0.000000
  178  C  11 XX   0.000000  -0.000832   0.000000   0.003052  -0.000742
  179  C  11 YY   0.000000   0.001780   0.000000   0.010017  -0.007206
  180  C  11 ZZ   0.000000  -0.000983   0.000000   0.004275  -0.001125
  181  C  11 XY   0.000000   0.000121   0.000000  -0.000320  -0.001042
  182  C  11 XZ  -0.000014   0.000000   0.000012   0.000000  -0.000000
  183  C  11 YZ  -0.000214   0.000000   0.000065   0.000000  -0.000000
  184  N  12  S   0.000000   0.010603   0.000000  -0.111931   0.044190
  185  N  12  S   0.000000  -0.023458   0.000000   0.251944  -0.098212
  186  N  12  X   0.000000  -0.005941   0.000000  -0.043320  -0.054587
  187  N  12  Y   0.000000  -0.018808   0.000000   0.453123  -0.208193
  188  N  12  Z   0.000924   0.000000   0.000103   0.000000  -0.000000
  189  N  12  S   0.000000  -0.042598   0.000000   0.524267  -0.234235
  190  N  12  X   0.000000  -0.003669   0.000000  -0.021663  -0.036159
  191  N  12  Y   0.000000  -0.006442   0.000000   0.164264  -0.069210
  192  N  12  Z  -0.000514   0.000000  -0.000062   0.000000  -0.000000
  193  N  12  S   0.000000   0.029433   0.000000  -0.013326  -0.029428
  194  N  12  X   0.000000   0.005760   0.000000   0.003203   0.011401
  195  N  12  Y   0.000000  -0.010168   0.000000   0.007966   0.003065
  196  N  12  Z  -0.000464   0.000000  -0.002728   0.000000  -0.000000
  197  N  12 XX   0.000000   0.000200   0.000000   0.005221  -0.003372
  198  N  12 YY   0.000000   0.001180   0.000000  -0.032371   0.015831
  199  N  12 ZZ   0.000000   0.000185   0.000000   0.005752  -0.002782
  200  N  12 XY   0.000000   0.000850   0.000000   0.005175   0.007015
  201  N  12 XZ   0.000002   0.000000  -0.000000   0.000000  -0.000000
  202  N  12 YZ  -0.000128   0.000000   0.000050   0.000000  -0.000000

                     31         32         33         34         35

                   -0.7348    -0.7108    -0.6786     1.9853     1.9645

    1  N   1  S   0.018388  -0.000000   0.000991   0.000000   0.000000
    2  N   1  S  -0.043826  -0.000000  -0.003201   0.000000   0.000000
    3  N   1  X  -0.167620  -0.000000   0.032742   0.000000   0.000000
    4  N   1  Y   0.088432  -0.000000   0.035523   0.000000   0.000000
    5  N   1  Z   0.000000   0.014443  -0.000000   0.020063  -0.537004
    6  N   1  S  -0.119358  -0.000000  -0.007369   0.000000   0.000000
    7  N   1  X  -0.149075  -0.000000   0.038675   0.000000   0.000000
    8  N   1  Y   0.159011  -0.000000   0.007485   0.000000   0.000000
    9  N   1  Z   0.000000   0.012431  -0.000000   0.035136  -0.371495
   10  N   1  S   0.412816  -0.000000   0.182162   0.000000   0.000000
   11  N   1  X   0.012838  -0.000000  -0.039789   0.000000   0.000000
   12  N   1  Y  -0.221607  -0.000000  -0.014891   0.000000   0.000000
   13  N   1  Z   0.000000   0.016069  -0.000000   0.007804   0.028653
   14  N   1 XX   0.019277  -0.000000  -0.001645   0.000000   0.000000
   15  N   1 YY  -0.021572  -0.000000  -0.000931   0.000000   0.000000
   16  N   1 ZZ  -0.001311  -0.000000   0.000684   0.000000   0.000000
   17  N   1 XY  -0.003024  -0.000000   0.008682   0.000000   0.000000
   18  N   1 XZ   0.000000  -0.000474  -0.000000  -0.002754   0.005262
   19  N   1 YZ   0.000000  -0.001282  -0.000000  -0.010645  -0.016533
   20  N   2  S   0.015191  -0.000000  -0.013563   0.000000   0.000000
   21  N   2  S  -0.038694  -0.000000   0.028434   0.000000   0.000000
   22  N   2  X   0.158732  -0.000000  -0.032111   0.000000   0.000000
   23  N   2  Y   0.066227  -0.000000  -0.100938   0.000000   0.000000
   24  N   2  Z   0.000000   0.006614  -0.000000   0.010168  -0.219248
   25  N   2  S  -0.073405  -0.000000   0.076600   0.000000   0.000000
   26  N   2  X   0.096359  -0.000000  -0.008101   0.000000   0.000000
   27  N   2  Y   0.030159  -0.000000  -0.061153   0.000000   0.000000
   28  N   2  Z   0.000000   0.004518  -0.000000   0.019105  -0.110108
   29  N   2  S  -0.191845  -0.000000  -0.127267   0.000000   0.000000
   30  N   2  X  -0.073007  -0.000000  -0.055786   0.000000   0.000000
   31  N   2  Y   0.003064  -0.000000  -0.013549   0.000000   0.000000
   32  N   2  Z   0.000000   0.006008  -0.000000   0.008106   0.001063
   33  N   2 XX   0.010101  -0.000000  -0.001673   0.000000   0.000000
   34  N   2 YY  -0.001887  -0.000000  -0.003766   0.000000   0.000000
   35  N   2 ZZ  -0.005515  -0.000000   0.002256   0.000000   0.000000
   36  N   2 XY   0.009642  -0.000000  -0.001606   0.000000   0.000000
   37  N   2 XZ   0.000000   0.000956  -0.000000   0.003412  -0.025488
   38  N   2 YZ   0.000000  -0.000554  -0.000000  -0.006075  -0.013505
   39  C   3  S  -0.004345  -0.000000  -0.007450   0.000000   0.000000
   40  C   3  S   0.010555  -0.000000   0.016935   0.000000   0.000000
   41  C   3  X  -0.044242  -0.000000   0.047964   0.000000   0.000000
   42  C   3  Y   0.027583  -0.000000   0.081955   0.000000   0.000000
   43  C   3  Z   0.000000  -0.007365  -0.000000  -0.158486  -0.019347
   44  C   3  S   0.033494  -0.000000   0.003101   0.000000   0.000000
   45  C   3  X  -0.040914  -0.000000   0.009674   0.000000   0.000000
   46  C   3  Y   0.025980  -0.000000   0.006443   0.000000   0.000000
   47  C   3  Z   0.000000  -0.009642  -0.000000  -0.053211  -0.001682
   48  C   3  S   0.088939  -0.000000   0.105429   0.000000   0.000000
   49  C   3  X   0.052229  -0.000000   0.067676   0.000000   0.000000
   50  C   3  Y   0.038369  -0.000000   0.043948   0.000000   0.000000
   51  C   3  Z   0.000000  -0.008002  -0.000000  -0.012212  -0.006706
   52  C   3 XX   0.006807  -0.000000  -0.001457   0.000000   0.000000
   53  C   3 YY  -0.006045  -0.000000  -0.001538   0.000000   0.000000
   54  C   3 ZZ   0.000055  -0.000000   0.000207   0.000000   0.000000
   55  C   3 XY  -0.010921  -0.000000   0.009657   0.000000   0.000000
   56  C   3 XZ   0.000000   0.001299  -0.000000  -0.020509  -0.001570
   57  C   3 YZ   0.000000   0.001603  -0.000000  -0.013248   0.015176
   58  N   4  S   0.008223  -0.000000  -0.004358   0.000000   0.000000
   59  N   4  S  -0.025493  -0.000000   0.010061   0.000000   0.000000
   60  N   4  X   0.027620  -0.000000  -0.085864   0.000000   0.000000
   61  N   4  Y   0.032480  -0.000000  -0.018431   0.000000   0.000000
   62  N   4  Z   0.000000   0.080542  -0.000000  -0.537629   0.121946
   63  N   4  S   0.015303  -0.000000   0.027645   0.000000   0.000000
   64  N   4  X   0.045716  -0.000000  -0.083958   0.000000   0.000000
   65  N   4  Y   0.001678  -0.000000  -0.012106   0.000000   0.000000
   66  N   4  Z   0.000000   0.019601  -0.000000  -0.408946   0.119702
   67  N   4  S   0.157134  -0.000000   0.020153   0.000000   0.000000
   68  N   4  X   0.047114  -0.000000  -0.023215   0.000000   0.000000
   69  N   4  Y  -0.059386  -0.000000   0.000932   0.000000   0.000000
   70  N   4  Z   0.000000  -0.040739  -0.000000   0.021967   0.014212
   71  N   4 XX   0.000444  -0.000000  -0.001239   0.000000   0.000000
   72  N   4 YY  -0.001984  -0.000000   0.000671   0.000000   0.000000
   73  N   4 ZZ  -0.001937  -0.000000   0.000251   0.000000   0.000000
   74  N   4 XY   0.000624  -0.000000   0.025451   0.000000   0.000000
   75  N   4 XZ   0.000000  -0.000340  -0.000000  -0.005586  -0.005714
   76  N   4 YZ   0.000000   0.016825  -0.000000   0.013734   0.006027
   77  C   5  S   0.007335  -0.000000   0.012121   0.000000   0.000000
   78  C   5  S  -0.020168  -0.000000  -0.029063   0.000000   0.000000
   79  C   5  X   0.005369  -0.000000   0.041771   0.000000   0.000000
   80  C   5  Y   0.037184  -0.000000  -0.077798   0.000000   0.000000
   81  C   5  Z   0.000000  -0.010520  -0.000000  -0.218997  -0.200335
   82  C   5  S  -0.090494  -0.000000  -0.016031   0.000000   0.000000
   83  C   5  X   0.079253  -0.000000   0.007784   0.000000   0.000000
   84  C   5  Y   0.004749  -0.000000  -0.014064   0.000000   0.000000
   85  C   5  Z   0.000000  -0.015920  -0.000000  -0.093302  -0.094652
   86  C   5  S  -0.107435  -0.000000  -0.112066   0.000000   0.000000
   87  C   5  X   0.093299  -0.000000   0.076919   0.000000   0.000000
   88  C   5  Y  -0.079054  -0.000000  -0.050109   0.000000   0.000000
   89  C   5  Z   0.000000  -0.011810  -0.000000  -0.016640  -0.020673
   90  C   5 XX   0.003402  -0.000000   0.000569   0.000000   0.000000
   91  C   5 YY  -0.002834  -0.000000   0.003523   0.000000   0.000000
   92  C   5 ZZ  -0.000079  -0.000000   0.000130   0.000000   0.000000
   93  C   5 XY   0.004389  -0.000000   0.003994   0.000000   0.000000
   94  C   5 XZ   0.000000  -0.001876  -0.000000   0.025276   0.007540
   95  C   5 YZ   0.000000   0.001439  -0.000000  -0.014777   0.031506
   96  H   6  S   0.045490  -0.000000  -0.013444   0.000000   0.000000
   97  H   6  S   0.019953  -0.000000  -0.018605   0.000000   0.000000
   98  H   6  S   0.026922  -0.000000   0.051921   0.000000   0.000000
   99  H   6  X   0.001245  -0.000000   0.000760   0.000000   0.000000
  100  H   6  Y  -0.000059  -0.000000   0.000523   0.000000   0.000000
  101  H   6  Z   0.000000  -0.000150  -0.000000  -0.003342   0.000232
  102  H   7  S   0.007360  -0.000000  -0.000218   0.000000   0.000000
  103  H   7  S  -0.016665  -0.000000   0.004913   0.000000   0.000000
  104  H   7  S  -0.041432  -0.000000  -0.056972   0.000000   0.000000
  105  H   7  X   0.000594  -0.000000   0.001317   0.000000   0.000000
  106  H   7  Y   0.000163  -0.000000  -0.000401   0.000000   0.000000
  107  H   7  Z   0.000000  -0.000314  -0.000000  -0.004479  -0.003838
  108  N   8  S  -0.079023  -0.000000   0.005190   0.000000   0.000000
  109  N   8  S   0.176845  -0.000000  -0.010954   0.000000   0.000000
  110  N   8  X   0.458506  -0.000000   0.007463   0.000000   0.000000
  111  N   8  Y   0.091296  -0.000000  -0.024966   0.000000   0.000000
  112  N   8  Z   0.000000  -0.000294  -0.000000   0.007823  -0.010799
  113  N   8  S   0.470532  -0.000000  -0.038475   0.000000   0.000000
  114  N   8  X   0.212524  -0.000000   0.012645   0.000000   0.000000
  115  N   8  Y   0.104199  -0.000000  -0.017974   0.000000   0.000000
  116  N   8  Z   0.000000   0.001266  -0.000000   0.005609  -0.011788
  117  N   8  S  -0.371002  -0.000000  -0.058347   0.000000   0.000000
  118  N   8  X   0.081680  -0.000000   0.009191   0.000000   0.000000
  119  N   8  Y  -0.054348  -0.000000  -0.007440   0.000000   0.000000
  120  N   8  Z   0.000000   0.000729  -0.000000   0.008764  -0.024742
  121  N   8 XX  -0.015511  -0.000000  -0.001228   0.000000   0.000000
  122  N   8 YY  -0.005318  -0.000000   0.000905   0.000000   0.000000
  123  N   8 ZZ  -0.013150  -0.000000   0.002034   0.000000   0.000000
  124  N   8 XY   0.009314  -0.000000   0.002494   0.000000   0.000000
  125  N   8 XZ   0.000000  -0.000069  -0.000000  -0.001391   0.006797
  126  N   8 YZ   0.000000   0.000773  -0.000000   0.001464  -0.018057
  127  F   9  S   0.001895  -0.000117   0.000121  -0.001080   0.006025
  128  F   9  S  -0.001184   0.000684  -0.001417   0.003223  -0.018308
  129  F   9  X  -0.296809  -0.002119   0.004841   0.001133   0.005123
  130  F   9  Y  -0.045347   0.005688   0.015775   0.000354  -0.061771
  131  F   9  Z  -0.019033   0.001878   0.006237   0.001181  -0.020902
  132  F   9  S  -0.024221  -0.000134   0.003708   0.004664  -0.009874
  133  F   9  X  -0.211845  -0.001121   0.003289   0.001057   0.004601
  134  F   9  Y  -0.040630   0.004183   0.012878   0.001175  -0.052500
  135  F   9  Z  -0.023686   0.001669   0.006709   0.001424  -0.019863
  136  F   9  S   0.011833   0.005416   0.002959   0.005263  -0.055405
  137  F   9  X  -0.023848  -0.000923  -0.000399   0.001770  -0.001123
  138  F   9  Y  -0.009541   0.002292   0.000508   0.001212  -0.019097
  139  F   9  Z   0.009233   0.000294   0.000814  -0.000464  -0.022722
  140  F   9 XX   0.004424   0.000097  -0.000265   0.000498  -0.000555
  141  F   9 YY  -0.000610   0.000249  -0.000464  -0.000230  -0.003755
  142  F   9 ZZ  -0.004212   0.000282   0.000290   0.000487  -0.003193
  143  F   9 XY  -0.002222   0.000101   0.000220   0.000317  -0.000815
  144  F   9 XZ  -0.003360   0.000003   0.000217   0.000096   0.000046
  145  F   9 YZ  -0.006344   0.000193   0.000607  -0.000321  -0.003430
  146  F  10  S   0.001895   0.000117   0.000121   0.001080  -0.006025
  147  F  10  S  -0.001184  -0.000684  -0.001417  -0.003223   0.018308
  148  F  10  X  -0.296809   0.002119   0.004841  -0.001133  -0.005123
  149  F  10  Y  -0.045347  -0.005688   0.015775  -0.000354   0.061771
  150  F  10  Z   0.019033   0.001878  -0.006237   0.001181  -0.020902
  151  F  10  S  -0.024221   0.000134   0.003708  -0.004664   0.009874
  152  F  10  X  -0.211845   0.001121   0.003289  -0.001057  -0.004601
  153  F  10  Y  -0.040630  -0.004183   0.012878  -0.001175   0.052500
  154  F  10  Z   0.023686   0.001669  -0.006709   0.001424  -0.019863
  155  F  10  S   0.011833  -0.005416   0.002959  -0.005263   0.055405
  156  F  10  X  -0.023848   0.000923  -0.000399  -0.001770   0.001123
  157  F  10  Y  -0.009541  -0.002292   0.000508  -0.001212   0.019097
  158  F  10  Z  -0.009233   0.000294  -0.000814  -0.000464  -0.022722
  159  F  10 XX   0.004424  -0.000097  -0.000265  -0.000498   0.000555
  160  F  10 YY  -0.000610  -0.000249  -0.000464   0.000230   0.003755
  161  F  10 ZZ  -0.004212  -0.000282   0.000290  -0.000487   0.003193
  162  F  10 XY  -0.002222  -0.000101   0.000220  -0.000317   0.000815
  163  F  10 XZ   0.003360   0.000003  -0.000217   0.000096   0.000046
  164  F  10 YZ   0.006344   0.000193  -0.000607  -0.000321  -0.003430
  165  C  11  S   0.000547  -0.000000   0.000307   0.000000   0.000000
  166  C  11  S  -0.000949  -0.000000  -0.001099   0.000000   0.000000
  167  C  11  X   0.027902  -0.000000   0.414962   0.000000   0.000000
  168  C  11  Y  -0.020054  -0.000000   0.022333   0.000000   0.000000
  169  C  11  Z   0.000000   0.411521  -0.000000   0.006442   0.014364
  170  C  11  S  -0.006254  -0.000000   0.000737   0.000000   0.000000
  171  C  11  X   0.007116  -0.000000   0.265197   0.000000   0.000000
  172  C  11  Y  -0.007463  -0.000000   0.016330   0.000000   0.000000
  173  C  11  Z   0.000000   0.233926  -0.000000   0.060533  -0.003658
  174  C  11  S   0.051159  -0.000000   0.009858   0.000000   0.000000
  175  C  11  X   0.043739  -0.000000   0.127685   0.000000   0.000000
  176  C  11  Y  -0.007447  -0.000000   0.002676   0.000000   0.000000
  177  C  11  Z   0.000000   0.068368  -0.000000  -0.006885   0.010729
  178  C  11 XX   0.000414  -0.000000  -0.001881   0.000000   0.000000
  179  C  11 YY   0.001714  -0.000000   0.001372   0.000000   0.000000
  180  C  11 ZZ   0.000001  -0.000000   0.000158   0.000000   0.000000
  181  C  11 XY   0.000672  -0.000000   0.028901   0.000000   0.000000
  182  C  11 XZ   0.000000  -0.001118  -0.000000  -0.001323  -0.000065
  183  C  11 YZ   0.000000   0.025598  -0.000000   0.031793  -0.008374
  184  N  12  S  -0.004350  -0.000000   0.000822   0.000000   0.000000
  185  N  12  S   0.009113  -0.000000  -0.001822   0.000000   0.000000
  186  N  12  X   0.020063  -0.000000   0.411188   0.000000   0.000000
  187  N  12  Y   0.027108  -0.000000   0.013356   0.000000   0.000000
  188  N  12  Z   0.000000   0.436078  -0.000000   0.122233  -0.026060
  189  N  12  S   0.026252  -0.000000  -0.007326   0.000000   0.000000
  190  N  12  X   0.014706  -0.000000   0.242665   0.000000   0.000000
  191  N  12  Y   0.009617  -0.000000   0.009874   0.000000   0.000000
  192  N  12  Z   0.000000   0.262607  -0.000000   0.076249  -0.020463
  193  N  12  S   0.000648  -0.000000  -0.004001   0.000000   0.000000
  194  N  12  X  -0.014918  -0.000000  -0.045611   0.000000   0.000000
  195  N  12  Y  -0.001572  -0.000000  -0.000533   0.000000   0.000000
  196  N  12  Z   0.000000  -0.023668  -0.000000   0.009323  -0.008632
  197  N  12 XX   0.000540  -0.000000   0.003123   0.000000   0.000000
  198  N  12 YY  -0.002487  -0.000000  -0.002697   0.000000   0.000000
  199  N  12 ZZ   0.000296  -0.000000  -0.000080   0.000000   0.000000
  200  N  12 XY  -0.002557  -0.000000  -0.042628   0.000000   0.000000
  201  N  12 XZ   0.000000   0.001923  -0.000000   0.000258  -0.000035
  202  N  12 YZ   0.000000  -0.044233  -0.000000  -0.005354   0.000643

                     36         37         38

                    1.9186     0.0802     0.0514

    1  N   1  S   0.000000   0.000000   0.000000
    2  N   1  S   0.000000   0.000000   0.000000
    3  N   1  X   0.000000   0.000000   0.000000
    4  N   1  Y   0.000000   0.000000   0.000000
    5  N   1  Z   0.140151  -0.312457   0.479025
    6  N   1  S   0.000000   0.000000   0.000000
    7  N   1  X   0.000000   0.000000   0.000000
    8  N   1  Y   0.000000   0.000000   0.000000
    9  N   1  Z   0.109073  -0.161823   0.074712
   10  N   1  S   0.000000   0.000000   0.000000
   11  N   1  X   0.000000   0.000000   0.000000
   12  N   1  Y   0.000000   0.000000   0.000000
   13  N   1  Z  -0.037761  -0.001828  -0.076674
   14  N   1 XX   0.000000   0.000000   0.000000
   15  N   1 YY   0.000000   0.000000   0.000000
   16  N   1 ZZ   0.000000   0.000000   0.000000
   17  N   1 XY   0.000000   0.000000   0.000000
   18  N   1 XZ   0.027947  -0.015405  -0.020614
   19  N   1 YZ   0.012729  -0.000897  -0.041346
   20  N   2  S   0.000000   0.000000   0.000000
   21  N   2  S   0.000000   0.000000   0.000000
   22  N   2  X   0.000000   0.000000   0.000000
   23  N   2  Y   0.000000   0.000000   0.000000
   24  N   2  Z  -0.423517   0.609919   0.070695
   25  N   2  S   0.000000   0.000000   0.000000
   26  N   2  X   0.000000   0.000000   0.000000
   27  N   2  Y   0.000000   0.000000   0.000000
   28  N   2  Z  -0.294351   0.284968   0.006137
   29  N   2  S   0.000000   0.000000   0.000000
   30  N   2  X   0.000000   0.000000   0.000000
   31  N   2  Y   0.000000   0.000000   0.000000
   32  N   2  Z   0.028517  -0.050406  -0.005145
   33  N   2 XX   0.000000   0.000000   0.000000
   34  N   2 YY   0.000000   0.000000   0.000000
   35  N   2 ZZ   0.000000   0.000000   0.000000
   36  N   2 XY   0.000000   0.000000   0.000000
   37  N   2 XZ  -0.003222   0.018828   0.019094
   38  N   2 YZ  -0.036525   0.009516  -0.016704
   39  C   3  S   0.000000   0.000000   0.000000
   40  C   3  S   0.000000   0.000000   0.000000
   41  C   3  X   0.000000   0.000000   0.000000
   42  C   3  Y   0.000000   0.000000   0.000000
   43  C   3  Z  -0.371875  -0.519499  -0.278673
   44  C   3  S   0.000000   0.000000   0.000000
   45  C   3  X   0.000000   0.000000   0.000000
   46  C   3  Y   0.000000   0.000000   0.000000
   47  C   3  Z  -0.230921  -0.336219  -0.173272
   48  C   3  S   0.000000   0.000000   0.000000
   49  C   3  X   0.000000   0.000000   0.000000
   50  C   3  Y   0.000000   0.000000   0.000000
   51  C   3  Z  -0.032897   0.028080   0.012233
   52  C   3 XX   0.000000   0.000000   0.000000
   53  C   3 YY   0.000000   0.000000   0.000000
   54  C   3 ZZ   0.000000   0.000000   0.000000
   55  C   3 XY   0.000000   0.000000   0.000000
   56  C   3 XZ  -0.013145  -0.009857  -0.003189
   57  C   3 YZ   0.024503  -0.002067   0.027257
   58  N   4  S   0.000000   0.000000   0.000000
   59  N   4  S   0.000000   0.000000   0.000000
   60  N   4  X   0.000000   0.000000   0.000000
   61  N   4  Y   0.000000   0.000000   0.000000
   62  N   4  Z   0.030392   0.101036   0.405811
   63  N   4  S   0.000000   0.000000   0.000000
   64  N   4  X   0.000000   0.000000   0.000000
   65  N   4  Y   0.000000   0.000000   0.000000
   66  N   4  Z   0.027412   0.093129   0.252510
   67  N   4  S   0.000000   0.000000   0.000000
   68  N   4  X   0.000000   0.000000   0.000000
   69  N   4  Y   0.000000   0.000000   0.000000
   70  N   4  Z   0.008112   0.028346   0.055848
   71  N   4 XX   0.000000   0.000000   0.000000
   72  N   4 YY   0.000000   0.000000   0.000000
   73  N   4 ZZ   0.000000   0.000000   0.000000
   74  N   4 XY   0.000000   0.000000   0.000000
   75  N   4 XZ   0.021813   0.031556  -0.016936
   76  N   4 YZ   0.003968   0.006392   0.020127
   77  C   5  S   0.000000   0.000000   0.000000
   78  C   5  S   0.000000   0.000000   0.000000
   79  C   5  X   0.000000   0.000000   0.000000
   80  C   5  Y   0.000000   0.000000   0.000000
   81  C   5  Z   0.246183   0.173810  -0.552503
